{"root_group":{"id":"d41d8cd98f00b204e9800998ecf8427e","groups":[],"checks":[{"fails":0,"name":"is status 201","path":"::is status 201","id":"d8b97380f72868aef5b0eadc0ce32c21","passes":701327}],"name":"","path":""},"options":{"summaryTrendStats":["avg","min","med","max","p(90)","p(95)"],"summaryTimeUnit":"","noColor":false},"state":{"isStdOutTTY":true,"isStdErrTTY":true,"testRunDurationMs":300003.684904},"metrics":{"http_req_tls_handshaking":{"type":"trend","contains":"time","values":{"med":0,"max":0,"p(90)":0,"p(95)":0,"avg":0,"min":0}},"http_req_duration":{"type":"trend","contains":"time","values":{"max":314.242098,"p(90)":5.6874036000000014,"p(95)":7.056252599999996,"avg":4.174519931578237,"min":1.505273,"med":3.689233}},"data_sent":{"type":"counter","contains":"data","values":{"count":151486632,"rate":504949.2377017806}},"iterations":{"contains":"default","values":{"count":701327,"rate":2337.7279523230586},"type":"counter"},"checks":{"type":"rate","contains":"default","values":{"passes":701327,"fails":0,"rate":1}},"http_req_receiving":{"type":"trend","contains":"time","values":{"min":0.009755,"med":0.023491,"max":7.303863,"p(90)":0.039561,"p(95)":0.049141,"avg":0.027163688218192452}},"http_req_failed":{"contains":"default","values":{"rate":0,"passes":0,"fails":701327},"type":"rate"},"http_req_duration{expected_response:true}":{"type":"trend","contains":"time","values":{"avg":4.174519931578237,"min":1.505273,"med":3.689233,"max":314.242098,"p(90)":5.6874036000000014,"p(95)":7.056252599999996}},"http_req_connecting":{"type":"trend","contains":"time","values":{"avg":0.0010706143125817202,"min":0,"med":0,"max":75.906001,"p(90)":0,"p(95)":0}},"http_req_sending":{"contains":"time","values":{"p(90)":0.019781,"p(95)":0.021517,"avg":0.012841812061991276,"min":0.005144,"med":0.01087,"max":9.639209},"type":"trend"},"vus":{"type":"gauge","contains":"default","values":{"value":10,"min":10,"max":10}},"http_req_blocked":{"type":"trend","contains":"time","values":{"avg":0.0032122788798945117,"min":0.000935,"med":0.001794,"max":75.975206,"p(90)":0.003223,"p(95)":0.003677}},"iteration_duration":{"type":"trend","contains":"time","values":{"avg":4.2692629155316935,"min":1.572264,"med":3.782295,"max":314.352673,"p(90)":5.7898066,"p(95)":7.161272099999998}},"vus_max":{"type":"gauge","contains":"default","values":{"value":10,"min":10,"max":10}},"http_req_waiting":{"values":{"avg":4.134514431298151,"min":1.476708,"med":3.650474,"max":314.198444,"p(90)":5.645444400000001,"p(95)":7.0094661},"type":"trend","contains":"time"},"data_received":{"values":{"count":278426819,"rate":928077.9970722542},"type":"counter","contains":"data"},"http_reqs":{"values":{"count":701327,"rate":2337.7279523230586},"type":"counter","contains":"default"}},"metadata":{"type":"GRPC","testConfig":{"id":"dfce9f52-4c55-4845-bbc2-5ec8279ccf6e","name":"create-card","vus":10,"duration":"5m","executedAt":"2022-10-18T05:38:28.492Z"}}}