{"root_group":{"name":"","path":"","id":"d41d8cd98f00b204e9800998ecf8427e","groups":[],"checks":[{"name":"is status 201","path":"::is status 201","id":"d8b97380f72868aef5b0eadc0ce32c21","passes":1020923,"fails":0}]},"options":{"summaryTrendStats":["avg","min","med","max","p(90)","p(95)"],"summaryTimeUnit":"","noColor":false},"state":{"isStdOutTTY":true,"isStdErrTTY":true,"testRunDurationMs":300005.098275},"metrics":{"vus_max":{"contains":"default","values":{"max":25,"value":25,"min":25},"type":"gauge"},"http_req_failed":{"contains":"default","values":{"rate":0,"passes":0,"fails":1020923},"type":"rate"},"iterations":{"type":"counter","contains":"default","values":{"count":1020923,"rate":3403.018834913831}},"vus":{"values":{"min":25,"max":25,"value":25},"type":"gauge","contains":"default"},"http_req_receiving":{"type":"trend","contains":"time","values":{"p(95)":0.044858,"avg":0.02582184022105541,"min":0.010241,"med":0.021918,"max":9.370177,"p(90)":0.034119}},"http_req_connecting":{"type":"trend","contains":"time","values":{"max":39.137799,"p(90)":0,"p(95)":0,"avg":0.0009455179802982205,"min":0,"med":0}},"http_req_duration":{"type":"trend","contains":"time","values":{"avg":7.244546283139011,"min":2.100525,"med":5.924538,"max":475.756964,"p(90)":12.3942964,"p(95)":14.109423699999994}},"http_req_duration{expected_response:true}":{"type":"trend","contains":"time","values":{"max":475.756964,"p(90)":12.3942964,"p(95)":14.109423699999994,"avg":7.244546283139011,"min":2.100525,"med":5.924538}},"http_req_waiting":{"type":"trend","contains":"time","values":{"min":2.063538,"med":5.88694,"max":475.727339,"p(90)":12.352405800000005,"p(95)":14.067947399999998,"avg":7.20602143165452}},"iteration_duration":{"type":"trend","contains":"time","values":{"p(95)":14.207548499999993,"avg":7.337992529830364,"min":2.189198,"med":6.016043,"max":475.834318,"p(90)":12.490437600000002}},"http_req_sending":{"type":"trend","contains":"time","values":{"p(90)":0.018591,"p(95)":0.021244,"avg":0.012703011263336377,"min":0.004875,"med":0.010639,"max":8.272924}},"http_reqs":{"type":"counter","contains":"default","values":{"count":1020923,"rate":3403.018834913831}},"data_received":{"type":"counter","contains":"data","values":{"count":407348277,"rate":1357804.5151306186}},"http_req_tls_handshaking":{"type":"trend","contains":"time","values":{"avg":0,"min":0,"med":0,"max":0,"p(90)":0,"p(95)":0}},"http_req_blocked":{"values":{"avg":0.0030347270117333553,"min":0.00087,"med":0.001738,"max":39.193399,"p(90)":0.002904,"p(95)":0.003526},"type":"trend","contains":"time"},"checks":{"values":{"rate":1,"passes":1020923,"fails":0},"type":"rate","contains":"default"},"data_sent":{"contains":"data","values":{"count":220519368,"rate":735052.0683413876},"type":"counter"}},"metadata":{"type":"REST","testConfig":{"vus":25,"duration":"5m","executedAt":"2022-10-18T05:07:58.820Z","id":"f31c8249-3080-4a20-9c51-1a8d4fd982c8","name":"create-card"}}}