{"options":{"summaryTrendStats":["avg","min","med","max","p(90)","p(95)"],"summaryTimeUnit":"","noColor":false},"state":{"testRunDurationMs":300013.33773,"isStdOutTTY":true,"isStdErrTTY":true},"metrics":{"data_received":{"type":"counter","contains":"data","values":{"count":762868848,"rate":2542783.1101514273}},"iteration_duration":{"values":{"avg":7.837900084722021,"min":2.020723,"med":6.6602675,"max":3511.605969,"p(90)":10.421182100000003,"p(95)":13.283634699999995},"type":"trend","contains":"time"},"iterations":{"type":"counter","contains":"default","values":{"count":1911952,"rate":6372.890000379518}},"http_req_tls_handshaking":{"type":"trend","contains":"time","values":{"avg":0,"min":0,"med":0,"max":0,"p(90)":0,"p(95)":0}},"vus":{"type":"gauge","contains":"default","values":{"value":50,"min":50,"max":50}},"http_req_connecting":{"type":"trend","contains":"time","values":{"avg":0.0011887053519126002,"min":0,"med":0,"max":46.815455,"p(90)":0,"p(95)":0}},"http_req_waiting":{"type":"trend","contains":"time","values":{"p(95)":13.147663649999995,"avg":7.715392784632313,"min":1.884771,"med":6.5408075,"max":3511.491591,"p(90)":10.295005600000001}},"http_req_sending":{"values":{"avg":0.011517342776386887,"min":0.004811,"med":0.009652,"max":14.047128,"p(90)":0.01488,"p(95)":0.019167},"type":"trend","contains":"time"},"http_req_blocked":{"type":"trend","contains":"time","values":{"p(95)":0.002855,"avg":0.003097125473861491,"min":0.000878,"med":0.001663,"max":46.847354,"p(90)":0.002195}},"http_req_duration{expected_response:true}":{"type":"trend","contains":"time","values":{"p(90)":10.332882900000001,"p(95)":13.189666299999999,"avg":7.7509476883836035,"min":1.921434,"med":6.575759,"max":3511.517679}},"http_req_receiving":{"type":"trend","contains":"time","values":{"avg":0.024037560975380973,"min":0.00953,"med":0.01986,"max":12.35669,"p(90)":0.031218,"p(95)":0.03647}},"http_reqs":{"type":"counter","contains":"default","values":{"count":1911952,"rate":6372.890000379518}},"http_req_failed":{"type":"rate","contains":"default","values":{"rate":0,"passes":0,"fails":1911952}},"data_sent":{"type":"counter","contains":"data","values":{"count":412981632,"rate":1376544.240081976}},"checks":{"type":"rate","contains":"default","values":{"rate":1,"passes":1911952,"fails":0}},"vus_max":{"contains":"default","values":{"max":50,"value":50,"min":50},"type":"gauge"},"http_req_duration":{"type":"trend","contains":"time","values":{"avg":7.7509476883836035,"min":1.921434,"med":6.575759,"max":3511.517679,"p(90)":10.332882900000001,"p(95)":13.189666299999999}}},"metadata":{"testConfig":{"id":"14db1832-359c-4226-a0e5-59ee9399888a","name":"create-card","vus":50,"duration":"5m","executedAt":"2022-10-18T05:49:51.144Z"},"type":"GRPC"},"root_group":{"name":"","path":"","id":"d41d8cd98f00b204e9800998ecf8427e","groups":[],"checks":[{"fails":0,"name":"is status 201","path":"::is status 201","id":"d8b97380f72868aef5b0eadc0ce32c21","passes":1911952}]}}