{"state":{"isStdOutTTY":true,"isStdErrTTY":true,"testRunDurationMs":60032.926916},"metrics":{"http_req_blocked":{"type":"trend","contains":"time","values":{"avg":0.0038024365251002426,"min":0.000848,"med":0.001857,"max":33.077674,"p(90)":0.002613,"p(95)":0.003279}},"iterations":{"values":{"count":413376,"rate":6885.821185737103},"type":"counter","contains":"default"},"http_reqs":{"type":"counter","contains":"default","values":{"count":413376,"rate":6885.821185737103}},"iteration_duration":{"type":"trend","contains":"time","values":{"avg":14.504175967228408,"min":1.057219,"med":13.0302665,"max":459.500427,"p(90)":22.9433345,"p(95)":25.6884665}},"vus":{"values":{"value":100,"min":100,"max":100},"type":"gauge","contains":"default"},"http_req_tls_handshaking":{"contains":"time","values":{"avg":0,"min":0,"med":0,"max":0,"p(90)":0,"p(95)":0},"type":"trend"},"http_req_connecting":{"type":"trend","contains":"time","values":{"min":0,"med":0,"max":31.262253,"p(90)":0,"p(95)":0,"avg":0.0008067575427697786}},"http_req_sending":{"contains":"time","values":{"avg":0.016120985758727717,"min":0.005125,"med":0.011042,"max":16.746744,"p(90)":0.0162985,"p(95)":0.02239325},"type":"trend"},"http_req_waiting":{"type":"trend","contains":"time","values":{"max":459.350312,"p(90)":22.7294415,"p(95)":25.4573085,"avg":14.316386910836485,"min":0.928309,"med":12.8570065}},"data_received":{"type":"counter","contains":"data","values":{"count":164523648,"rate":2740556.831923367}},"vus_max":{"values":{"min":100,"max":100,"value":100},"type":"gauge","contains":"default"},"http_req_failed":{"values":{"rate":0,"passes":0,"fails":413376},"type":"rate","contains":"default"},"data_sent":{"contains":"data","values":{"count":88049088,"rate":1466679.9125620031},"type":"counter"},"http_req_duration":{"values":{"p(90)":22.800672499999997,"p(95)":25.541936749999998,"avg":14.372696310288848,"min":0.959464,"med":12.906696,"max":459.393789},"type":"trend","contains":"time"},"checks":{"type":"rate","contains":"default","values":{"passes":413376,"fails":0,"rate":1}},"http_req_duration{expected_response:true}":{"values":{"avg":14.372696310288848,"min":0.959464,"med":12.906696,"max":459.393789,"p(90)":22.800672499999997,"p(95)":25.541936749999998},"type":"trend","contains":"time"},"http_req_receiving":{"type":"trend","contains":"time","values":{"med":0.024078,"max":20.737117,"p(90)":0.042093,"p(95)":0.074468,"avg":0.04018841369358657,"min":0.008897}}},"metadata":{"type":"GRPC","testConfig":{"duration":"1m","executedAt":"2022-07-22T01:25:48.953Z","id":"ca5c45f1-0535-42e3-bf83-248a31c58eaa","name":"create-card","vus":100}},"root_group":{"path":"","id":"d41d8cd98f00b204e9800998ecf8427e","groups":[],"checks":[{"name":"is status 201","path":"::is status 201","id":"d8b97380f72868aef5b0eadc0ce32c21","passes":413376,"fails":0}],"name":""},"options":{"summaryTrendStats":["avg","min","med","max","p(90)","p(95)"],"summaryTimeUnit":"","noColor":false}}
