{"state":{"isStdOutTTY":true,"isStdErrTTY":true,"testRunDurationMs":60074.351078},"metrics":{"iteration_duration":{"type":"trend","contains":"time","values":{"avg":20.95010972921793,"min":1.373359,"med":19.689242,"max":218.85664,"p(90)":33.482668800000006,"p(95)":38.63307189999999}},"data_sent":{"type":"counter","contains":"data","values":{"count":60986799,"rate":1015188.6438326281}},"http_req_failed":{"type":"rate","contains":"default","values":{"fails":286323,"rate":0,"passes":0}},"http_req_waiting":{"type":"trend","contains":"time","values":{"avg":20.740360425575187,"min":1.247697,"med":19.492102,"max":218.736331,"p(90)":33.243853400000006,"p(95)":38.361126999999975}},"iterations":{"type":"counter","contains":"default","values":{"count":286323,"rate":4766.143867758818}},"http_req_receiving":{"contains":"time","values":{"max":24.58382,"p(90)":0.04557,"p(95)":0.07930109999999968,"avg":0.049269347404853406,"min":0.009899,"med":0.024674},"type":"trend"},"http_req_blocked":{"contains":"time","values":{"avg":0.0035981194036108083,"min":0.000793,"med":0.001982,"max":26.067404,"p(90)":0.002795,"p(95)":0.003359},"type":"trend"},"data_received":{"type":"counter","contains":"data","values":{"rate":1896920.8648136735,"count":113956290}},"vus":{"type":"gauge","contains":"default","values":{"value":100,"min":100,"max":100}},"http_req_connecting":{"type":"trend","contains":"time","values":{"max":26.030344,"p(90)":0,"p(95)":0,"avg":0.000804436751500927,"min":0,"med":0}},"http_req_tls_handshaking":{"type":"trend","contains":"time","values":{"avg":0,"min":0,"med":0,"max":0,"p(90)":0,"p(95)":0}},"checks":{"type":"rate","contains":"default","values":{"fails":0,"rate":1,"passes":286323}},"http_reqs":{"type":"counter","contains":"default","values":{"count":286323,"rate":4766.143867758818}},"http_req_sending":{"contains":"time","values":{"avg":0.018495964822944487,"min":0.005116,"med":0.011549,"max":29.861815,"p(90)":0.017507,"p(95)":0.02415379999999993},"type":"trend"},"vus_max":{"type":"gauge","contains":"default","values":{"value":100,"min":100,"max":100}},"http_req_duration":{"type":"trend","contains":"time","values":{"avg":20.808125737802996,"min":1.280825,"med":19.550872,"max":218.769602,"p(90)":33.3312896,"p(95)":38.473545999999956}},"http_req_duration{expected_response:true}":{"type":"trend","contains":"time","values":{"max":218.769602,"p(90)":33.3312896,"p(95)":38.473545999999956,"avg":20.808125737802996,"min":1.280825,"med":19.550872}}},"metadata":{"type":"REST","testConfig":{"id":"ca5c45f1-0535-42e3-bf83-248a31c58eaa","name":"create-card","vus":100,"duration":"1m","executedAt":"2022-07-22T00:36:49.201Z"}},"root_group":{"name":"","path":"","id":"d41d8cd98f00b204e9800998ecf8427e","groups":[],"checks":[{"path":"::is status 201","id":"d8b97380f72868aef5b0eadc0ce32c21","passes":286323,"fails":0,"name":"is status 201"}]},"options":{"summaryTrendStats":["avg","min","med","max","p(90)","p(95)"],"summaryTimeUnit":"","noColor":false}}