{"state":{"isStdOutTTY":true,"isStdErrTTY":true,"testRunDurationMs":60103.846933},"metrics":{"checks":{"type":"rate","contains":"default","values":{"rate":1,"passes":399285,"fails":0}},"iterations":{"values":{"rate":6643.251977616306,"count":399285},"type":"counter","contains":"default"},"http_req_tls_handshaking":{"contains":"time","values":{"min":0,"med":0,"max":0,"p(90)":0,"p(95)":0,"avg":0},"type":"trend"},"vus":{"type":"gauge","contains":"default","values":{"min":1000,"max":1000,"value":1000}},"http_req_duration{expected_response:true}":{"type":"trend","contains":"time","values":{"max":1560.756225,"p(90)":248.38723180000002,"p(95)":291.8712739999999,"avg":149.8632520597936,"min":0.993499,"med":136.499989}},"http_req_duration":{"values":{"p(90)":248.38723180000002,"p(95)":291.8712739999999,"avg":149.8632520597936,"min":0.993499,"med":136.499989,"max":1560.756225},"type":"trend","contains":"time"},"http_req_receiving":{"type":"trend","contains":"time","values":{"avg":0.03751499101393731,"min":0.00982,"med":0.024873,"max":23.357746,"p(90)":0.04246,"p(95)":0.06707939999999997}},"iteration_duration":{"values":{"p(95)":292.3741273999999,"avg":150.11936081396885,"min":1.074731,"med":136.639735,"max":1560.825208,"p(90)":248.82080300000013},"type":"trend","contains":"time"},"http_req_connecting":{"type":"trend","contains":"time","values":{"avg":0.12167544523335484,"min":0,"med":0,"max":168.175801,"p(90)":0,"p(95)":0}},"vus_max":{"type":"gauge","contains":"default","values":{"value":1000,"min":1000,"max":1000}},"http_reqs":{"contains":"default","values":{"count":399285,"rate":6643.251977616306},"type":"counter"},"http_req_failed":{"contains":"default","values":{"rate":0,"passes":0,"fails":399285},"type":"rate"},"data_received":{"values":{"count":158915430,"rate":2644014.2870912896},"type":"counter","contains":"data"},"http_req_waiting":{"type":"trend","contains":"time","values":{"min":0.960789,"med":136.44685,"max":1560.722449,"p(90)":248.3355592000001,"p(95)":291.73586019999993,"avg":149.79522895171968}},"data_sent":{"type":"counter","contains":"data","values":{"count":85047705,"rate":1415012.671232273}},"http_req_sending":{"type":"trend","contains":"time","values":{"min":0.005162,"med":0.011052,"max":41.766961,"p(90)":0.016650600000000036,"p(95)":0.022750799999999988,"avg":0.030508117059242296}},"http_req_blocked":{"type":"trend","contains":"time","values":{"max":168.226905,"p(90)":0.002776,"p(95)":0.003445,"avg":0.1282183006699657,"min":0.000797,"med":0.001897}}},"metadata":{"type":"gRPC","testConfig":{"vus":1000,"duration":"1m","executedAt":"2022-07-22T00:42:20.107Z","id":"6623f5bc-fa13-464c-ac10-ffc0f564fc05","name":"create-card"}},"root_group":{"name":"","path":"","id":"d41d8cd98f00b204e9800998ecf8427e","groups":[],"checks":[{"name":"is status 201","path":"::is status 201","id":"d8b97380f72868aef5b0eadc0ce32c21","passes":399285,"fails":0}]},"options":{"summaryTrendStats":["avg","min","med","max","p(90)","p(95)"],"summaryTimeUnit":"","noColor":false}}