{"options":{"summaryTrendStats":["avg","min","med","max","p(90)","p(95)"],"summaryTimeUnit":"","noColor":false},"state":{"testRunDurationMs":60028.784736,"isStdOutTTY":true,"isStdErrTTY":true},"metrics":{"http_req_receiving":{"values":{"avg":0.047644644652217585,"min":0.009372,"med":0.023709,"max":43.565398,"p(90)":0.045003,"p(95)":0.07821979999999981},"type":"trend","contains":"time"},"http_req_sending":{"type":"trend","contains":"time","values":{"avg":0.020470510923121833,"min":0.004712,"med":0.011157,"max":95.518153,"p(90)":0.01764320000000001,"p(95)":0.024993}},"http_req_tls_handshaking":{"type":"trend","contains":"time","values":{"min":0,"med":0,"max":0,"p(90)":0,"p(95)":0,"avg":0}},"http_req_failed":{"type":"rate","contains":"default","values":{"rate":0,"passes":0,"fails":311129}},"http_req_duration":{"type":"trend","contains":"time","values":{"avg":48.01441439939724,"min":1.269215,"med":46.447664,"max":403.12088,"p(90)":73.50370919999999,"p(95)":82.68408239999998}},"http_req_blocked":{"type":"trend","contains":"time","values":{"avg":0.010933590963876746,"min":0.000753,"med":0.001906,"max":49.597903,"p(90)":0.002781,"p(95)":0.003336}},"data_received":{"type":"counter","contains":"data","values":{"count":123829342,"rate":2062832.7317400784}},"vus_max":{"type":"gauge","contains":"default","values":{"value":250,"min":250,"max":250}},"data_sent":{"type":"counter","contains":"data","values":{"count":66270477,"rate":1103978.3212578811}},"iterations":{"type":"counter","contains":"default","values":{"rate":5182.996813417282,"count":311129}},"http_reqs":{"type":"counter","contains":"default","values":{"rate":5182.996813417282,"count":311129}},"checks":{"type":"rate","contains":"default","values":{"fails":0,"rate":1,"passes":311129}},"vus":{"type":"gauge","contains":"default","values":{"value":250,"min":250,"max":250}},"http_req_duration{expected_response:true}":{"values":{"max":403.12088,"p(90)":73.50370919999999,"p(95)":82.68408239999998,"avg":48.01441439939724,"min":1.269215,"med":46.447664},"type":"trend","contains":"time"},"http_req_connecting":{"type":"trend","contains":"time","values":{"avg":0.0075842709840612706,"min":0,"med":0,"max":48.177874,"p(90)":0,"p(95)":0}},"iteration_duration":{"type":"trend","contains":"time","values":{"avg":48.167681789139685,"min":1.36193,"med":46.593091,"max":403.228982,"p(90)":73.67137520000001,"p(95)":82.87021179999999}},"http_req_waiting":{"type":"trend","contains":"time","values":{"avg":47.94629924382145,"min":1.229846,"med":46.381233,"max":402.832669,"p(90)":73.42779300000001,"p(95)":82.59629879999999}}},"metadata":{"type":"REST","testConfig":{"id":"652f8a51-30af-4b57-a5e5-f7e3eb5a3a4c","name":"create-card","vus":250,"duration":"1m","executedAt":"2022-07-22T00:24:27.891Z"}},"root_group":{"checks":[{"fails":0,"name":"is status 201","path":"::is status 201","id":"d8b97380f72868aef5b0eadc0ce32c21","passes":311129}],"name":"","path":"","id":"d41d8cd98f00b204e9800998ecf8427e","groups":[]}}