{"state":{"isStdErrTTY":true,"testRunDurationMs":60087.617854,"isStdOutTTY":true},"metrics":{"http_req_duration{expected_response:true}":{"type":"trend","contains":"time","values":{"p(90)":169.2826589000002,"p(95)":209.344211,"avg":114.36046259210556,"min":0.913976,"med":103.0072625,"max":1656.302654}},"iteration_duration":{"type":"trend","contains":"time","values":{"p(90)":170.19620870000023,"p(95)":209.52190819999996,"avg":114.56295833674255,"min":0.989577,"med":103.14167699999999,"max":1656.384865}},"http_req_receiving":{"values":{"avg":0.041782130848243,"min":0.010222,"med":0.025025,"max":57.888371,"p(90)":0.043411,"p(95)":0.07450449999999989},"type":"trend","contains":"time"},"checks":{"type":"rate","contains":"default","values":{"rate":1,"passes":392340,"fails":0}},"http_req_duration":{"type":"trend","contains":"time","values":{"p(95)":209.344211,"avg":114.36046259210556,"min":0.913976,"med":103.0072625,"max":1656.302654,"p(90)":169.2826589000002}},"http_req_connecting":{"type":"trend","contains":"time","values":{"avg":0.0654783082326553,"min":0,"med":0,"max":158.435988,"p(90)":0,"p(95)":0}},"http_req_waiting":{"type":"trend","contains":"time","values":{"avg":114.29906765500326,"min":0.872887,"med":102.95419050000001,"max":1656.272647,"p(90)":169.0513477000002,"p(95)":209.26243979999995}},"http_req_sending":{"type":"trend","contains":"time","values":{"p(90)":0.016912,"p(95)":0.023037049999999986,"avg":0.019612806257327323,"min":0.005342,"med":0.011091,"max":100.820296}},"http_reqs":{"contains":"default","values":{"rate":6529.465038093237,"count":392340},"type":"counter"},"vus_max":{"type":"gauge","contains":"default","values":{"value":750,"min":750,"max":750}},"http_req_failed":{"type":"rate","contains":"default","values":{"passes":0,"fails":392340,"rate":0}},"iterations":{"type":"counter","contains":"default","values":{"count":392340,"rate":6529.465038093237}},"http_req_blocked":{"type":"trend","contains":"time","values":{"min":0.000846,"med":0.001883,"max":158.48034,"p(90)":0.002733,"p(95)":0.003418,"avg":0.06990628555334748}},"data_sent":{"type":"counter","contains":"data","values":{"rate":1390776.0531138596,"count":83568420}},"data_received":{"type":"counter","contains":"data","values":{"count":156151320,"rate":2598727.0851611085}},"http_req_tls_handshaking":{"type":"trend","contains":"time","values":{"med":0,"max":0,"p(90)":0,"p(95)":0,"avg":0,"min":0}},"vus":{"type":"gauge","contains":"default","values":{"max":750,"value":750,"min":750}}},"metadata":{"type":"GRPC","testConfig":{"id":"b681f416-b0ca-46ca-b775-1b1d56aad45c","name":"create-card","vus":750,"duration":"1m","executedAt":"2022-07-22T00:48:48.771Z"}},"root_group":{"name":"","path":"","id":"d41d8cd98f00b204e9800998ecf8427e","groups":[],"checks":[{"name":"is status 201","path":"::is status 201","id":"d8b97380f72868aef5b0eadc0ce32c21","passes":392340,"fails":0}]},"options":{"noColor":false,"summaryTrendStats":["avg","min","med","max","p(90)","p(95)"],"summaryTimeUnit":""}}
