{"state":{"isStdErrTTY":true,"testRunDurationMs":60081.256974,"isStdOutTTY":true},"metrics":{"http_req_failed":{"type":"rate","contains":"default","values":{"rate":0,"passes":0,"fails":313512}},"http_req_blocked":{"type":"trend","contains":"time","values":{"med":0.001922,"max":134.985483,"p(90)":0.00282,"p(95)":0.003448,"avg":0.12796094215214948,"min":0.000752}},"http_req_duration":{"type":"trend","contains":"time","values":{"min":1.382512,"med":143.82235150000002,"max":856.334057,"p(90)":212.06862690000003,"p(95)":235.27468140000002,"avg":143.14803651688516}},"checks":{"type":"rate","contains":"default","values":{"rate":1,"passes":313512,"fails":0}},"vus":{"type":"gauge","contains":"default","values":{"value":750,"min":750,"max":750}},"http_req_waiting":{"type":"trend","contains":"time","values":{"med":143.7328925,"max":856.291117,"p(90)":211.8216135,"p(95)":235.01078060000003,"avg":143.02017346110546,"min":1.320231}},"iterations":{"contains":"default","values":{"count":313512,"rate":5218.133171475947},"type":"counter"},"iteration_duration":{"type":"trend","contains":"time","values":{"avg":143.4486720340366,"min":1.471372,"med":144.0822585,"max":856.45024,"p(90)":212.33540010000002,"p(95)":235.66546740000007}},"vus_max":{"contains":"default","values":{"value":750,"min":750,"max":750},"type":"gauge"},"http_req_duration{expected_response:true}":{"type":"trend","contains":"time","values":{"min":1.382512,"med":143.82235150000002,"max":856.334057,"p(90)":212.06862690000003,"p(95)":235.27468140000002,"avg":143.14803651688516}},"http_reqs":{"type":"counter","contains":"default","values":{"count":313512,"rate":5218.133171475947}},"http_req_connecting":{"type":"trend","contains":"time","values":{"max":128.831166,"p(90)":0,"p(95)":0,"avg":0.1209561580226593,"min":0,"med":0}},"http_req_receiving":{"type":"trend","contains":"time","values":{"avg":0.10233519209790987,"min":0.010113,"med":0.023578,"max":140.352402,"p(90)":0.044808900000000026,"p(95)":0.08013330000000017}},"http_req_tls_handshaking":{"type":"trend","contains":"time","values":{"max":0,"p(90)":0,"p(95)":0,"avg":0,"min":0,"med":0}},"data_sent":{"type":"counter","contains":"data","values":{"count":66778056,"rate":1111462.3655243767}},"http_req_sending":{"type":"trend","contains":"time","values":{"avg":0.025527863683048983,"min":0.004807,"med":0.011145,"max":85.842483,"p(90)":0.01755,"p(95)":0.02474345000000001}},"data_received":{"type":"counter","contains":"data","values":{"rate":2071598.8690759512,"count":124464264}}},"metadata":{"testConfig":{"vus":750,"duration":"1m","executedAt":"2022-07-22T00:03:40.289Z","id":"b681f416-b0ca-46ca-b775-1b1d56aad45c","name":"create-card"},"type":"REST"},"root_group":{"name":"","path":"","id":"d41d8cd98f00b204e9800998ecf8427e","groups":[],"checks":[{"path":"::is status 201","id":"d8b97380f72868aef5b0eadc0ce32c21","passes":313512,"fails":0,"name":"is status 201"}]},"options":{"summaryTrendStats":["avg","min","med","max","p(90)","p(95)"],"summaryTimeUnit":"","noColor":false}}