{"state":{"isStdOutTTY":true,"isStdErrTTY":true,"testRunDurationMs":60106.430987},"metrics":{"http_req_receiving":{"type":"trend","contains":"time","values":{"avg":0.060697500832500126,"min":0.010535,"med":0.024863,"max":78.950908,"p(90)":0.043542,"p(95)":0.07552369999999994}},"checks":{"values":{"rate":1,"passes":403604,"fails":0},"type":"rate","contains":"default"},"http_req_duration{expected_response:true}":{"contains":"time","values":{"avg":148.33481833502893,"min":0.879428,"med":135.909018,"max":1328.067182,"p(90)":243.39378730000007,"p(95)":286.02460669999965},"type":"trend"},"http_req_blocked":{"type":"trend","contains":"time","values":{"max":135.205168,"p(90)":0.002728,"p(95)":0.003387,"avg":0.11410159787813884,"min":0.000815,"med":0.001847}},"http_req_tls_handshaking":{"type":"trend","contains":"time","values":{"avg":0,"min":0,"med":0,"max":0,"p(90)":0,"p(95)":0}},"http_req_duration":{"type":"trend","contains":"time","values":{"avg":148.33481833502893,"min":0.879428,"med":135.909018,"max":1328.067182,"p(90)":243.39378730000007,"p(95)":286.02460669999965}},"data_sent":{"type":"counter","contains":"data","values":{"count":85967652,"rate":1430257.1386844337}},"vus":{"type":"gauge","contains":"default","values":{"value":1000,"min":1000,"max":1000}},"vus_max":{"type":"gauge","contains":"default","values":{"value":1000,"min":1000,"max":1000}},"http_reqs":{"contains":"default","values":{"count":403604,"rate":6714.822247344759},"type":"counter"},"http_req_waiting":{"type":"trend","contains":"time","values":{"med":135.85704750000002,"max":1328.028181,"p(90)":242.90555600000016,"p(95)":285.9468134999999,"avg":148.24954835424268,"min":0.841813}},"iterations":{"type":"counter","contains":"default","values":{"count":403604,"rate":6714.822247344759}},"iteration_duration":{"type":"trend","contains":"time","values":{"avg":148.58155064041645,"min":0.999935,"med":136.04902149999998,"max":1328.186008,"p(90)":243.9151545000002,"p(95)":286.50329395}},"http_req_connecting":{"type":"trend","contains":"time","values":{"p(90)":0,"p(95)":0,"avg":0.10886713800656099,"min":0,"med":0,"max":135.171228}},"data_received":{"contains":"data","values":{"rate":2665784.4321958693,"count":160230788},"type":"counter"},"http_req_sending":{"type":"trend","contains":"time","values":{"med":0.01097,"max":43.100331,"p(90)":0.017002,"p(95)":0.023921849999999977,"avg":0.024572479953121402,"min":0.005041}},"http_req_failed":{"type":"rate","contains":"default","values":{"rate":0,"passes":0,"fails":403604}}},"metadata":{"type":"GRPC","testConfig":{"executedAt":"2022-07-22T00:44:43.265Z","id":"6623f5bc-fa13-464c-ac10-ffc0f564fc05","name":"create-card","vus":1000,"duration":"1m"}},"root_group":{"id":"d41d8cd98f00b204e9800998ecf8427e","groups":[],"checks":[{"id":"d8b97380f72868aef5b0eadc0ce32c21","passes":403604,"fails":0,"name":"is status 201","path":"::is status 201"}],"name":"","path":""},"options":{"summaryTrendStats":["avg","min","med","max","p(90)","p(95)"],"summaryTimeUnit":"","noColor":false}}
