{"options":{"summaryTrendStats":["avg","min","med","max","p(90)","p(95)"],"summaryTimeUnit":"","noColor":false},"state":{"isStdOutTTY":true,"isStdErrTTY":true,"testRunDurationMs":60011.37391},"metrics":{"iteration_duration":{"type":"trend","contains":"time","values":{"p(90)":24.077787999999998,"p(95)":29.94749625,"avg":15.06439917256856,"min":0.977971,"med":13.1146895,"max":518.244032}},"http_req_sending":{"type":"trend","contains":"time","values":{"p(95)":0.022893,"avg":0.016736228239509692,"min":0.005027,"med":0.011079,"max":25.428878,"p(90)":0.016433}},"http_reqs":{"type":"counter","contains":"default","values":{"count":397946,"rate":6631.176293294098}},"http_req_receiving":{"type":"trend","contains":"time","values":{"p(90)":0.0432125,"p(95)":0.07953774999999999,"avg":0.042678852751377894,"min":0.009551,"med":0.024264,"max":18.375657}},"data_sent":{"values":{"count":84762498,"rate":1412440.550471643},"type":"counter","contains":"data"},"http_req_connecting":{"type":"trend","contains":"time","values":{"avg":0.0008689774165339014,"min":0,"med":0,"max":38.55915,"p(90)":0,"p(95)":0}},"vus_max":{"type":"gauge","contains":"default","values":{"value":100,"min":100,"max":100}},"http_req_waiting":{"type":"trend","contains":"time","values":{"p(95)":29.732615250000002,"avg":14.871742092708683,"min":0.858735,"med":12.939746,"max":518.12573,"p(90)":23.8625555}},"http_req_failed":{"type":"rate","contains":"default","values":{"rate":0,"passes":0,"fails":397946}},"http_req_duration{expected_response:true}":{"type":"trend","contains":"time","values":{"min":0.88866,"med":12.9906985,"max":518.159155,"p(90)":23.937920499999997,"p(95)":29.81561825,"avg":14.931157173699193}},"http_req_duration":{"type":"trend","contains":"time","values":{"med":12.9906985,"max":518.159155,"p(90)":23.937920499999997,"p(95)":29.81561825,"avg":14.931157173699193,"min":0.88866}},"http_req_blocked":{"type":"trend","contains":"time","values":{"avg":0.003587467003060435,"min":0.000804,"med":0.001865,"max":38.630507,"p(90)":0.002637,"p(95)":0.003298}},"vus":{"type":"gauge","contains":"default","values":{"value":100,"min":100,"max":100}},"http_req_tls_handshaking":{"type":"trend","contains":"time","values":{"avg":0,"min":0,"med":0,"max":0,"p(90)":0,"p(95)":0}},"iterations":{"contains":"default","values":{"rate":6631.176293294098,"count":397946},"type":"counter"},"checks":{"contains":"default","values":{"fails":0,"rate":1,"passes":397946},"type":"rate"},"data_received":{"type":"counter","contains":"data","values":{"count":158382508,"rate":2639208.1647310513}}},"metadata":{"type":"gRPC","testConfig":{"executedAt":"2022-07-22T01:24:31.800Z","id":"ca5c45f1-0535-42e3-bf83-248a31c58eaa","name":"create-card","vus":100,"duration":"1m"}},"root_group":{"name":"","path":"","id":"d41d8cd98f00b204e9800998ecf8427e","groups":[],"checks":[{"name":"is status 201","path":"::is status 201","id":"d8b97380f72868aef5b0eadc0ce32c21","passes":397946,"fails":0}]}}