{"options":{"summaryTrendStats":["avg","min","med","max","p(90)","p(95)"],"summaryTimeUnit":"","noColor":false},"state":{"isStdOutTTY":true,"isStdErrTTY":true,"testRunDurationMs":60011.851983},"metrics":{"vus":{"type":"gauge","contains":"default","values":{"value":100,"min":100,"max":100}},"checks":{"type":"rate","contains":"default","values":{"fails":0,"rate":1,"passes":281943}},"vus_max":{"type":"gauge","contains":"default","values":{"value":100,"min":100,"max":100}},"data_sent":{"type":"counter","contains":"data","values":{"count":60053859,"rate":1000699.9786810762}},"iterations":{"values":{"count":281943,"rate":4698.121965638856},"type":"counter","contains":"default"},"http_req_blocked":{"type":"trend","contains":"time","values":{"med":0.001929,"max":17.856082,"p(90)":0.002751,"p(95)":0.003292,"avg":0.006431155187395071,"min":0.000793}},"http_req_receiving":{"type":"trend","contains":"time","values":{"p(95)":0.07666189999999996,"avg":0.04709591199285006,"min":0.009268,"med":0.024441,"max":21.726463,"p(90)":0.045315}},"data_received":{"values":{"count":111649428,"rate":1860456.2983929866},"type":"counter","contains":"data"},"http_req_duration":{"type":"trend","contains":"time","values":{"avg":21.12822304090209,"min":1.138821,"med":19.498818,"max":476.339746,"p(90)":33.7831928,"p(95)":39.87654859999995}},"http_req_waiting":{"type":"trend","contains":"time","values":{"avg":21.064028018571474,"min":1.10808,"med":19.438757,"max":476.309786,"p(90)":33.70890020000001,"p(95)":39.79119369999998}},"iteration_duration":{"type":"trend","contains":"time","values":{"avg":21.269798815374156,"min":1.212081,"med":19.637455,"max":476.417106,"p(90)":33.939662000000006,"p(95)":40.02182859999997}},"http_req_tls_handshaking":{"type":"trend","contains":"time","values":{"min":0,"med":0,"max":0,"p(90)":0,"p(95)":0,"avg":0}},"http_req_failed":{"values":{"rate":0,"passes":0,"fails":281943},"type":"rate","contains":"default"},"http_reqs":{"type":"counter","contains":"default","values":{"rate":4698.121965638856,"count":281943}},"http_req_duration{expected_response:true}":{"type":"trend","contains":"time","values":{"avg":21.12822304090209,"min":1.138821,"med":19.498818,"max":476.339746,"p(90)":33.7831928,"p(95)":39.87654859999995}},"http_req_connecting":{"type":"trend","contains":"time","values":{"med":0,"max":17.672539,"p(90)":0,"p(95)":0,"avg":0.0035138968373039942,"min":0}},"http_req_sending":{"type":"trend","contains":"time","values":{"med":0.011323,"max":21.407925,"p(90)":0.017409800000000017,"p(95)":0.024403899999999965,"avg":0.017099110337905173,"min":0.004765}}},"metadata":{"type":"REST","testConfig":{"vus":100,"duration":"1m","executedAt":"2022-07-22T00:32:33.887Z","id":"ca5c45f1-0535-42e3-bf83-248a31c58eaa","name":"create-card"}},"root_group":{"groups":[],"checks":[{"id":"d8b97380f72868aef5b0eadc0ce32c21","passes":281943,"fails":0,"name":"is status 201","path":"::is status 201"}],"name":"","path":"","id":"d41d8cd98f00b204e9800998ecf8427e"}}