{"options":{"summaryTrendStats":["avg","min","med","max","p(90)","p(95)"],"summaryTimeUnit":"","noColor":false},"state":{"isStdOutTTY":true,"isStdErrTTY":true,"testRunDurationMs":60118.59156},"metrics":{"http_req_duration{expected_response:true}":{"type":"trend","contains":"time","values":{"max":1019.66353,"p(90)":190.66368400000022,"p(95)":220.30418204999998,"avg":115.56178962976355,"min":0.950599,"med":105.764724}},"iteration_duration":{"type":"trend","contains":"time","values":{"avg":115.76896683318076,"min":1.047928,"med":105.9033665,"max":1019.745679,"p(90)":191.60511770000076,"p(95)":220.55351834999968}},"http_req_failed":{"type":"rate","contains":"default","values":{"rate":0,"passes":0,"fails":388474}},"http_req_connecting":{"type":"trend","contains":"time","values":{"avg":0.06915291707038314,"min":0,"med":0,"max":153.201994,"p(90)":0,"p(95)":0}},"http_reqs":{"type":"counter","contains":"default","values":{"count":388474,"rate":6461.794761314265}},"vus":{"type":"gauge","contains":"default","values":{"value":750,"min":750,"max":750}},"vus_max":{"type":"gauge","contains":"default","values":{"value":750,"min":750,"max":750}},"http_req_receiving":{"type":"trend","contains":"time","values":{"med":0.026302,"max":59.150657,"p(90)":0.047705,"p(95)":0.07614124999999965,"avg":0.04005874056178829,"min":0.010035}},"data_received":{"type":"counter","contains":"data","values":{"count":154612652,"rate":2571794.3150030775}},"http_req_blocked":{"type":"trend","contains":"time","values":{"avg":0.07432549280518248,"min":0.000839,"med":0.001954,"max":153.247298,"p(90)":0.003026,"p(95)":0.00367}},"data_sent":{"type":"counter","contains":"data","values":{"count":82744962,"rate":1376362.2841599386}},"checks":{"contains":"default","values":{"rate":1,"passes":388474,"fails":0},"type":"rate"},"http_req_sending":{"type":"trend","contains":"time","values":{"p(95)":0.02543,"avg":0.017365471030236196,"min":0.004973,"med":0.011517,"max":22.521982,"p(90)":0.018613}},"http_req_waiting":{"type":"trend","contains":"time","values":{"p(90)":190.6182276000001,"p(95)":220.22525309999995,"avg":115.50436541816924,"min":0.903872,"med":105.7128015,"max":1019.629784}},"iterations":{"type":"counter","contains":"default","values":{"count":388474,"rate":6461.794761314265}},"http_req_duration":{"type":"trend","contains":"time","values":{"p(90)":190.66368400000022,"p(95)":220.30418204999998,"avg":115.56178962976355,"min":0.950599,"med":105.764724,"max":1019.66353}},"http_req_tls_handshaking":{"type":"trend","contains":"time","values":{"avg":0,"min":0,"med":0,"max":0,"p(90)":0,"p(95)":0}}},"metadata":{"type":"gRPC","testConfig":{"id":"b681f416-b0ca-46ca-b775-1b1d56aad45c","name":"create-card","vus":750,"duration":"1m","executedAt":"2022-07-22T00:58:15.965Z"}},"root_group":{"name":"","path":"","id":"d41d8cd98f00b204e9800998ecf8427e","groups":[],"checks":[{"name":"is status 201","path":"::is status 201","id":"d8b97380f72868aef5b0eadc0ce32c21","passes":388474,"fails":0}]}}