{"metrics":{"http_req_tls_handshaking":{"type":"trend","contains":"time","values":{"med":0,"max":0,"p(90)":0,"p(95)":0,"avg":0,"min":0}},"http_req_duration":{"type":"trend","contains":"time","values":{"max":3710.070882,"p(90)":24.250801000000003,"p(95)":27.173358550000003,"avg":16.885406070650127,"min":1.003808,"med":14.037056}},"http_req_blocked":{"contains":"time","values":{"min":0.000932,"med":0.00213,"max":19.262665,"p(90)":0.003027,"p(95)":0.003779,"avg":0.003973232377952729},"type":"trend"},"http_req_failed":{"type":"rate","contains":"default","values":{"rate":0,"passes":0,"fails":351832}},"checks":{"type":"rate","contains":"default","values":{"passes":351832,"fails":0,"rate":1}},"http_reqs":{"type":"counter","contains":"default","values":{"count":351832,"rate":5861.93702378339}},"http_req_receiving":{"values":{"avg":0.05046746108654011,"min":0.011808,"med":0.02686,"max":22.406041,"p(90)":0.050412,"p(95)":0.10261385000000016},"type":"trend","contains":"time"},"http_req_duration{expected_response:true}":{"type":"trend","contains":"time","values":{"p(90)":24.250801000000003,"p(95)":27.173358550000003,"avg":16.885406070650127,"min":1.003808,"med":14.037056,"max":3710.070882}},"http_req_waiting":{"type":"trend","contains":"time","values":{"avg":16.81598404462932,"min":0.966617,"med":13.976789,"max":3710.04173,"p(90)":24.1542585,"p(95)":27.05735435}},"http_req_sending":{"type":"trend","contains":"time","values":{"med":0.012379,"max":26.436001,"p(90)":0.018654,"p(95)":0.026195900000000025,"avg":0.01895456493440045,"min":0.005872}},"iterations":{"type":"counter","contains":"default","values":{"count":351832,"rate":5861.93702378339}},"data_received":{"values":{"count":139677304,"rate":2327188.998442006},"type":"counter","contains":"data"},"data_sent":{"type":"counter","contains":"data","values":{"count":74940216,"rate":1248592.586065862}},"http_req_connecting":{"type":"trend","contains":"time","values":{"avg":0.0008171325007389888,"min":0,"med":0,"max":19.222022,"p(90)":0,"p(95)":0}},"iteration_duration":{"type":"trend","contains":"time","values":{"avg":17.040664283254504,"min":1.113516,"med":14.1834135,"max":3710.161621,"p(90)":24.4279476,"p(95)":27.351771200000005}},"vus":{"type":"gauge","contains":"default","values":{"value":100,"min":100,"max":100}},"vus_max":{"type":"gauge","contains":"default","values":{"min":100,"max":100,"value":100}}},"metadata":{"type":"GRPC","testConfig":{"id":"f889ac39-6948-4782-afa0-93f678ad1a98","name":"create-card","vus":100,"duration":"1m","executedAt":"2022-08-10T15:59:10.465Z"}},"root_group":{"checks":[{"name":"is status 201","path":"::is status 201","id":"d8b97380f72868aef5b0eadc0ce32c21","passes":351832,"fails":0}],"name":"","path":"","id":"d41d8cd98f00b204e9800998ecf8427e","groups":[]},"options":{"summaryTrendStats":["avg","min","med","max","p(90)","p(95)"],"summaryTimeUnit":"","noColor":false},"state":{"isStdOutTTY":true,"isStdErrTTY":true,"testRunDurationMs":60019.750907}}