{"options":{"summaryTrendStats":["avg","min","med","max","p(90)","p(95)"],"summaryTimeUnit":"","noColor":false},"state":{"isStdOutTTY":true,"isStdErrTTY":true,"testRunDurationMs":60002.232457},"metrics":{"http_req_sending":{"type":"trend","contains":"time","values":{"p(90)":0.017627,"p(95)":0.020891,"avg":0.014261044081708715,"min":0.005596,"med":0.012041,"max":9.74149}},"data_sent":{"values":{"count":61708656,"rate":1028439.3342234873},"type":"counter","contains":"data"},"checks":{"type":"rate","contains":"default","values":{"rate":1,"passes":289712,"fails":0}},"http_req_duration{expected_response:true}":{"type":"trend","contains":"time","values":{"avg":1.947201507566165,"min":0.765172,"med":1.5058470000000002,"max":431.075325,"p(90)":2.1057024999999996,"p(95)":2.5041316500000006}},"data_received":{"values":{"count":115305376,"rate":1921684.7653565633},"type":"counter","contains":"data"},"http_req_receiving":{"type":"trend","contains":"time","values":{"p(95)":0.057632,"avg":0.03344376520475492,"min":0.009638,"med":0.02642,"max":6.688438,"p(90)":0.042982}},"iteration_duration":{"type":"trend","contains":"time","values":{"p(90)":2.2187805,"p(95)":2.634429400000002,"avg":2.06198869651241,"min":0.839073,"med":1.6205720000000001,"max":431.204196}},"vus":{"type":"gauge","contains":"default","values":{"value":10,"min":10,"max":10}},"http_req_blocked":{"contains":"time","values":{"avg":0.0023623488326338865,"min":0.000878,"med":0.00202,"max":1.419985,"p(90)":0.002727,"p(95)":0.003416},"type":"trend"},"http_req_tls_handshaking":{"type":"trend","contains":"time","values":{"p(95)":0,"avg":0,"min":0,"med":0,"max":0,"p(90)":0}},"vus_max":{"type":"gauge","contains":"default","values":{"min":10,"max":10,"value":10}},"http_req_duration":{"type":"trend","contains":"time","values":{"avg":1.947201507566165,"min":0.765172,"med":1.5058470000000002,"max":431.075325,"p(90)":2.1057024999999996,"p(95)":2.5041316500000006}},"http_req_connecting":{"type":"trend","contains":"time","values":{"avg":0.000003722310432429447,"min":0,"med":0,"max":0.279719,"p(90)":0,"p(95)":0}},"iterations":{"type":"counter","contains":"default","values":{"rate":4828.35368180041,"count":289712}},"http_req_waiting":{"type":"trend","contains":"time","values":{"avg":1.8994966982796433,"min":0.729815,"med":1.4582235,"max":430.951518,"p(90)":2.0588094,"p(95)":2.4467399500000004}},"http_req_failed":{"contains":"default","values":{"rate":0,"passes":0,"fails":289712},"type":"rate"},"http_reqs":{"type":"counter","contains":"default","values":{"count":289712,"rate":4828.35368180041}}},"metadata":{"type":"GRPC","testConfig":{"executedAt":"2022-08-10T15:40:03.168Z","id":"dfce9f52-4c55-4845-bbc2-5ec8279ccf6e","name":"create-card","vus":10,"duration":"1m"}},"root_group":{"name":"","path":"","id":"d41d8cd98f00b204e9800998ecf8427e","groups":[],"checks":[{"name":"is status 201","path":"::is status 201","id":"d8b97380f72868aef5b0eadc0ce32c21","passes":289712,"fails":0}]}}