{"state":{"isStdOutTTY":true,"isStdErrTTY":true,"testRunDurationMs":60382.395691},"metrics":{"http_req_connecting":{"type":"trend","contains":"time","values":{"p(95)":0,"avg":0.0000834240344890873,"min":0,"med":0,"max":5.476887,"p(90)":0}},"data_received":{"contains":"data","values":{"count":106259234,"rate":1759771.747775121},"type":"counter"},"checks":{"type":"rate","contains":"default","values":{"rate":1,"passes":266983,"fails":0}},"http_reqs":{"type":"counter","contains":"default","values":{"count":266983,"rate":4421.537054711359}},"http_req_duration{expected_response:true}":{"values":{"avg":11.15161914152596,"min":1.141563,"med":9.724194,"max":2529.866646,"p(90)":17.161286,"p(95)":19.8260952},"type":"trend","contains":"time"},"http_req_duration":{"type":"trend","contains":"time","values":{"min":1.141563,"med":9.724194,"max":2529.866646,"p(90)":17.161286,"p(95)":19.8260952,"avg":11.15161914152596}},"vus_max":{"type":"gauge","contains":"default","values":{"value":50,"min":50,"max":50}},"http_req_waiting":{"values":{"min":1.102384,"med":9.666843,"max":2529.771694,"p(90)":17.085569200000002,"p(95)":19.74947,"avg":11.089595817763763},"type":"trend","contains":"time"},"iterations":{"type":"counter","contains":"default","values":{"rate":4421.537054711359,"count":266983}},"http_req_sending":{"type":"trend","contains":"time","values":{"min":0.005149,"med":0.012281,"max":12.653887,"p(90)":0.018726,"p(95)":0.02596659999999998,"avg":0.01810082682792546}},"iteration_duration":{"contains":"time","values":{"p(90)":17.311628000000002,"p(95)":19.976002599999997,"avg":11.294132178430802,"min":1.24158,"med":9.862398,"max":2530.013497},"type":"trend"},"data_sent":{"type":"counter","contains":"data","values":{"rate":941787.3926535195,"count":56867379}},"http_req_tls_handshaking":{"type":"trend","contains":"time","values":{"max":0,"p(90)":0,"p(95)":0,"avg":0,"min":0,"med":0}},"http_req_receiving":{"type":"trend","contains":"time","values":{"avg":0.04392249693426169,"min":0.010487,"med":0.026569,"max":13.155731,"p(90)":0.048858,"p(95)":0.08349149999999997}},"vus":{"values":{"value":50,"min":50,"max":50},"type":"gauge","contains":"default"},"http_req_failed":{"type":"rate","contains":"default","values":{"rate":0,"passes":0,"fails":266983}},"http_req_blocked":{"type":"trend","contains":"time","values":{"med":0.002137,"max":9.724345,"p(90)":0.002941,"p(95)":0.003555,"avg":0.0032793549963856332,"min":0.000919}}},"metadata":{"type":"REST","testConfig":{"duration":"1m","executedAt":"2022-08-09T21:36:10.160Z","id":"14db1832-359c-4226-a0e5-59ee9399888a","name":"create-card","vus":50}},"root_group":{"checks":[{"fails":0,"name":"is status 201","path":"::is status 201","id":"d8b97380f72868aef5b0eadc0ce32c21","passes":266983}],"name":"","path":"","id":"d41d8cd98f00b204e9800998ecf8427e","groups":[]},"options":{"summaryTrendStats":["avg","min","med","max","p(90)","p(95)"],"summaryTimeUnit":"","noColor":false}}