{"options":{"summaryTrendStats":["avg","min","med","max","p(90)","p(95)"],"summaryTimeUnit":"","noColor":false},"state":{"testRunDurationMs":60003.680816,"isStdOutTTY":true,"isStdErrTTY":true},"metrics":{"http_req_sending":{"type":"trend","contains":"time","values":{"p(90)":0.018733,"p(95)":0.027028199999999895,"avg":0.01833486061039089,"min":0.005266,"med":0.012463,"max":8.240636}},"data_received":{"type":"counter","contains":"data","values":{"rate":2497383.0265432964,"count":149852174}},"http_req_failed":{"values":{"rate":0,"passes":0,"fails":376513},"type":"rate","contains":"default"},"checks":{"type":"rate","contains":"default","values":{"rate":1,"passes":376513,"fails":0}},"http_req_blocked":{"type":"trend","contains":"time","values":{"p(95)":0.003709,"avg":0.0030844025677731974,"min":0.000925,"med":0.002113,"max":6.52647,"p(90)":0.002956}},"http_req_connecting":{"type":"trend","contains":"time","values":{"med":0,"max":0.607749,"p(90)":0,"p(95)":0,"avg":0.000006479242416596506,"min":0}},"http_req_tls_handshaking":{"type":"trend","contains":"time","values":{"max":0,"p(90)":0,"p(95)":0,"avg":0,"min":0,"med":0}},"http_req_duration{expected_response:true}":{"type":"trend","contains":"time","values":{"min":1.00803,"med":3.279002,"max":894.899189,"p(90)":4.833368199999999,"p(95)":5.828964199999997,"avg":3.821094072074621}},"http_req_receiving":{"type":"trend","contains":"time","values":{"min":0.011563,"med":0.026323,"max":14.628213,"p(90)":0.051062399999999966,"p(95)":0.10451979999999993,"avg":0.04425267764725224}},"data_sent":{"values":{"count":80197269,"rate":1336539.1574214124},"type":"counter","contains":"data"},"http_reqs":{"contains":"default","values":{"count":376513,"rate":6274.831724983156},"type":"counter"},"http_req_waiting":{"type":"trend","contains":"time","values":{"max":894.862604,"p(90)":4.7612496,"p(95)":5.743747199999997,"avg":3.75850653381692,"min":0.958244,"med":3.22093}},"vus_max":{"type":"gauge","contains":"default","values":{"value":25,"min":25,"max":25}},"http_req_duration":{"type":"trend","contains":"time","values":{"min":1.00803,"med":3.279002,"max":894.899189,"p(90)":4.833368199999999,"p(95)":5.828964199999997,"avg":3.821094072074621}},"iterations":{"type":"counter","contains":"default","values":{"count":376513,"rate":6274.831724983156}},"vus":{"type":"gauge","contains":"default","values":{"value":25,"min":25,"max":25}},"iteration_duration":{"type":"trend","contains":"time","values":{"avg":3.9721674714524067,"min":1.115694,"med":3.423128,"max":895.083444,"p(90)":5.0025916,"p(95)":6.018306199999989}}},"metadata":{"type":"GRPC","testConfig":{"executedAt":"2022-08-10T15:45:40.214Z","id":"f31c8249-3080-4a20-9c51-1a8d4fd982c8","name":"create-card","vus":25,"duration":"1m"}},"root_group":{"name":"","path":"","id":"d41d8cd98f00b204e9800998ecf8427e","groups":[],"checks":[{"passes":376513,"fails":0,"name":"is status 201","path":"::is status 201","id":"d8b97380f72868aef5b0eadc0ce32c21"}]}}