{"state":{"isStdOutTTY":true,"isStdErrTTY":true,"testRunDurationMs":60004.250866},"metrics":{"vus_max":{"values":{"max":25,"value":25,"min":25},"type":"gauge","contains":"default"},"http_req_duration":{"type":"trend","contains":"time","values":{"min":1.13166,"med":4.807501,"max":149.565592,"p(90)":8.641469800000001,"p(95)":10.171529199999997,"avg":5.489316861884083}},"http_req_blocked":{"type":"trend","contains":"time","values":{"avg":0.002890571359327333,"min":0.00091,"med":0.00214,"max":7.107345,"p(90)":0.002912,"p(95)":0.003541}},"http_req_receiving":{"contains":"time","values":{"med":0.027349,"max":14.986815,"p(90)":0.047914,"p(95)":0.07619479999999981,"avg":0.04138075807378918,"min":0.01136},"type":"trend"},"http_req_duration{expected_response:true}":{"type":"trend","contains":"time","values":{"avg":5.489316861884083,"min":1.13166,"med":4.807501,"max":149.565592,"p(90)":8.641469800000001,"p(95)":10.171529199999997}},"http_req_failed":{"type":"rate","contains":"default","values":{"rate":0,"passes":0,"fails":266139}},"checks":{"type":"rate","contains":"default","values":{"rate":1,"passes":266139,"fails":0}},"data_sent":{"type":"counter","contains":"data","values":{"count":56687607,"rate":944726.5182360722}},"vus":{"values":{"value":25,"min":25,"max":25},"type":"gauge","contains":"default"},"data_received":{"type":"counter","contains":"data","values":{"count":105923322,"rate":1765263.6350138814}},"iteration_duration":{"contains":"time","values":{"p(95)":10.326572899999992,"avg":5.625636655593534,"min":1.218249,"med":4.941457,"max":149.676583,"p(90)":8.785811200000001},"type":"trend"},"http_req_tls_handshaking":{"type":"trend","contains":"time","values":{"p(90)":0,"p(95)":0,"avg":0,"min":0,"med":0,"max":0}},"http_req_connecting":{"type":"trend","contains":"time","values":{"min":0,"med":0,"max":2.044996,"p(90)":0,"p(95)":0,"avg":0.00003635920703091242}},"http_req_waiting":{"type":"trend","contains":"time","values":{"avg":5.430789705161671,"min":1.089764,"med":4.750377,"max":149.493861,"p(90)":8.5763186,"p(95)":10.099881499999997}},"iterations":{"type":"counter","contains":"default","values":{"count":266139,"rate":4435.3357663665365}},"http_reqs":{"values":{"count":266139,"rate":4435.3357663665365},"type":"counter","contains":"default"},"http_req_sending":{"type":"trend","contains":"time","values":{"avg":0.017146398648826708,"min":0.005653,"med":0.012445,"max":7.784622,"p(90)":0.018788,"p(95)":0.02500329999999993}}},"metadata":{"type":"REST","testConfig":{"vus":25,"duration":"1m","executedAt":"2022-08-09T21:16:14.878Z","id":"f31c8249-3080-4a20-9c51-1a8d4fd982c8","name":"create-card"}},"root_group":{"name":"","path":"","id":"d41d8cd98f00b204e9800998ecf8427e","groups":[],"checks":[{"fails":0,"name":"is status 201","path":"::is status 201","id":"d8b97380f72868aef5b0eadc0ce32c21","passes":266139}]},"options":{"summaryTrendStats":["avg","min","med","max","p(90)","p(95)"],"summaryTimeUnit":"","noColor":false}}