{"metrics":{"http_req_sending":{"type":"trend","contains":"time","values":{"min":0.005712,"med":0.012341,"max":7.488229,"p(90)":0.018243,"p(95)":0.021713,"avg":0.01488306084381028}},"http_reqs":{"type":"counter","contains":"default","values":{"count":228914,"rate":3815.0687530476926}},"checks":{"values":{"rate":1,"passes":228914,"fails":0},"type":"rate","contains":"default"},"vus_max":{"contains":"default","values":{"min":10,"max":10,"value":10},"type":"gauge"},"http_req_tls_handshaking":{"values":{"avg":0,"min":0,"med":0,"max":0,"p(90)":0,"p(95)":0},"type":"trend","contains":"time"},"data_received":{"contains":"data","values":{"count":91107772,"rate":1518397.3637129816},"type":"counter"},"http_req_duration{expected_response:true}":{"type":"trend","contains":"time","values":{"avg":2.4964915563836527,"min":1.03458,"med":2.09804,"max":413.378228,"p(90)":3.1747337,"p(95)":3.911765649999999}},"http_req_connecting":{"type":"trend","contains":"time","values":{"p(90)":0,"p(95)":0,"avg":0.000005269345693142402,"min":0,"med":0,"max":0.376661}},"vus":{"type":"gauge","contains":"default","values":{"value":10,"min":10,"max":10}},"http_req_waiting":{"values":{"avg":2.4463067400289638,"min":0.993219,"med":2.0498575,"max":413.348579,"p(90)":3.1222230000000004,"p(95)":3.852699499999996},"type":"trend","contains":"time"},"iteration_duration":{"type":"trend","contains":"time","values":{"avg":2.611997402216547,"min":1.133634,"med":2.2099295000000003,"max":413.469808,"p(90)":3.296690000000003,"p(95)":4.041196199999999}},"http_req_failed":{"type":"rate","contains":"default","values":{"rate":0,"passes":0,"fails":228914}},"http_req_receiving":{"type":"trend","contains":"time","values":{"p(95)":0.05795239999999991,"avg":0.03530175551080317,"min":0.011245,"med":0.02845,"max":6.909951,"p(90)":0.04483570000000001}},"data_sent":{"values":{"count":48758682,"rate":812609.6443991584},"type":"counter","contains":"data"},"iterations":{"type":"counter","contains":"default","values":{"count":228914,"rate":3815.0687530476926}},"http_req_duration":{"contains":"time","values":{"avg":2.4964915563836527,"min":1.03458,"med":2.09804,"max":413.378228,"p(90)":3.1747337,"p(95)":3.911765649999999},"type":"trend"},"http_req_blocked":{"type":"trend","contains":"time","values":{"avg":0.0024524369239102414,"min":0.000938,"med":0.002115,"max":2.175348,"p(90)":0.002809,"p(95)":0.0033613499999999765}}},"metadata":{"testConfig":{"vus":10,"duration":"1m","executedAt":"2022-08-09T21:12:41.173Z","id":"dfce9f52-4c55-4845-bbc2-5ec8279ccf6e","name":"create-card"},"type":"REST"},"root_group":{"name":"","path":"","id":"d41d8cd98f00b204e9800998ecf8427e","groups":[],"checks":[{"name":"is status 201","path":"::is status 201","id":"d8b97380f72868aef5b0eadc0ce32c21","passes":228914,"fails":0}]},"options":{"summaryTrendStats":["avg","min","med","max","p(90)","p(95)"],"summaryTimeUnit":"","noColor":false},"state":{"isStdErrTTY":true,"testRunDurationMs":60002.588372,"isStdOutTTY":true}}