{"state":{"isStdOutTTY":true,"isStdErrTTY":true,"testRunDurationMs":60003.801906},"metrics":{"iterations":{"type":"counter","contains":"default","values":{"count":262325,"rate":4371.806313389105}},"http_req_tls_handshaking":{"values":{"min":0,"med":0,"max":0,"p(90)":0,"p(95)":0,"avg":0},"type":"trend","contains":"time"},"vus_max":{"type":"gauge","contains":"default","values":{"value":25,"min":25,"max":25}},"http_req_sending":{"contains":"time","values":{"min":0.004981,"med":0.012331,"max":11.661618,"p(90)":0.019149600000000006,"p(95)":0.025731,"avg":0.017333222094729737},"type":"trend"},"data_received":{"type":"counter","contains":"data","values":{"count":104405350,"rate":1739978.9127288638}},"http_req_duration":{"type":"trend","contains":"time","values":{"avg":5.572539441665827,"min":0.937216,"med":4.792125,"max":110.667383,"p(90)":8.679087800000001,"p(95)":10.428854}},"http_req_blocked":{"contains":"time","values":{"p(90)":0.002971,"p(95)":0.003569,"avg":0.0028322124845134747,"min":0.000833,"med":0.002119,"max":4.061059},"type":"trend"},"http_req_duration{expected_response:true}":{"values":{"p(95)":10.428854,"avg":5.572539441665827,"min":0.937216,"med":4.792125,"max":110.667383,"p(90)":8.679087800000001},"type":"trend","contains":"time"},"data_sent":{"type":"counter","contains":"data","values":{"count":55875225,"rate":931194.7447518794}},"http_reqs":{"type":"counter","contains":"default","values":{"count":262325,"rate":4371.806313389105}},"http_req_waiting":{"type":"trend","contains":"time","values":{"avg":5.51432537681129,"min":0.897547,"med":4.736719,"max":110.625062,"p(90)":8.6103388,"p(95)":10.346447799999998}},"http_req_receiving":{"type":"trend","contains":"time","values":{"avg":0.04088084275993569,"min":0.011161,"med":0.027058,"max":10.509203,"p(90)":0.048597600000000005,"p(95)":0.07791559999999997}},"iteration_duration":{"values":{"avg":5.7074750297876164,"min":1.014563,"med":4.92398,"max":110.821093,"p(90)":8.8239306,"p(95)":10.5866556},"type":"trend","contains":"time"},"vus":{"type":"gauge","contains":"default","values":{"value":25,"min":25,"max":25}},"http_req_connecting":{"type":"trend","contains":"time","values":{"max":0.666039,"p(90)":0,"p(95)":0,"avg":0.000027375244448680076,"min":0,"med":0}},"http_req_failed":{"type":"rate","contains":"default","values":{"rate":0,"passes":0,"fails":262325}},"checks":{"type":"rate","contains":"default","values":{"rate":1,"passes":262325,"fails":0}}},"metadata":{"type":"REST","testConfig":{"name":"create-card","vus":25,"duration":"1m","executedAt":"2022-08-09T21:14:12.447Z","id":"f31c8249-3080-4a20-9c51-1a8d4fd982c8"}},"root_group":{"id":"d41d8cd98f00b204e9800998ecf8427e","groups":[],"checks":[{"passes":262325,"fails":0,"name":"is status 201","path":"::is status 201","id":"d8b97380f72868aef5b0eadc0ce32c21"}],"name":"","path":""},"options":{"noColor":false,"summaryTrendStats":["avg","min","med","max","p(90)","p(95)"],"summaryTimeUnit":""}}