{"options":{"summaryTimeUnit":"","noColor":false,"summaryTrendStats":["avg","min","med","max","p(90)","p(95)"]},"state":{"isStdErrTTY":true,"testRunDurationMs":60007.033553,"isStdOutTTY":true},"metrics":{"http_req_tls_handshaking":{"type":"trend","contains":"time","values":{"med":0,"max":0,"p(90)":0,"p(95)":0,"avg":0,"min":0}},"http_req_blocked":{"type":"trend","contains":"time","values":{"avg":0.00306812692492576,"min":0.000835,"med":0.002061,"max":6.992348,"p(90)":0.002896,"p(95)":0.003638}},"http_req_receiving":{"values":{"max":14.579222,"p(90)":0.04870440000000002,"p(95)":0.09684919999999972,"avg":0.04408771950374166,"min":0.010492,"med":0.025824},"type":"trend","contains":"time"},"checks":{"type":"rate","contains":"default","values":{"rate":1,"passes":413977,"fails":0}},"data_sent":{"type":"counter","contains":"data","values":{"count":88177101,"rate":1469446.092883751}},"http_req_duration{expected_response:true}":{"type":"trend","contains":"time","values":{"avg":7.088353379209359,"min":0.874253,"med":6.565802,"max":354.281378,"p(90)":10.249167,"p(95)":11.850192999999997}},"iterations":{"type":"counter","contains":"default","values":{"count":413977,"rate":6898.807947811038}},"http_req_sending":{"type":"trend","contains":"time","values":{"max":12.997799,"p(90)":0.018124,"p(95)":0.025369,"avg":0.017865280138751678,"min":0.005497,"med":0.012162}},"http_req_failed":{"type":"rate","contains":"default","values":{"rate":0,"passes":0,"fails":413977}},"http_req_duration":{"type":"trend","contains":"time","values":{"med":6.565802,"max":354.281378,"p(90)":10.249167,"p(95)":11.850192999999997,"avg":7.088353379209359,"min":0.874253}},"data_received":{"type":"counter","contains":"data","values":{"count":163934892,"rate":2731927.947333171}},"vus":{"type":"gauge","contains":"default","values":{"value":50,"min":50,"max":50}},"vus_max":{"contains":"default","values":{"value":50,"min":50,"max":50},"type":"gauge"},"iteration_duration":{"type":"trend","contains":"time","values":{"avg":7.235619933914512,"min":0.962312,"med":6.705666,"max":354.535725,"p(90)":10.4104416,"p(95)":12.020624799999998}},"http_reqs":{"type":"counter","contains":"default","values":{"count":413977,"rate":6898.807947811038}},"http_req_waiting":{"contains":"time","values":{"avg":7.026400379567012,"min":0.845229,"med":6.510301,"max":354.210083,"p(90)":10.180617000000002,"p(95)":11.767032799999999},"type":"trend"},"http_req_connecting":{"type":"trend","contains":"time","values":{"max":1.615374,"p(90)":0,"p(95)":0,"avg":0.00007659570942347039,"min":0,"med":0}}},"metadata":{"type":"GRPC","testConfig":{"name":"create-card","vus":50,"duration":"1m","executedAt":"2022-08-10T15:49:20.110Z","id":"14db1832-359c-4226-a0e5-59ee9399888a"}},"root_group":{"name":"","path":"","id":"d41d8cd98f00b204e9800998ecf8427e","groups":[],"checks":[{"name":"is status 201","path":"::is status 201","id":"d8b97380f72868aef5b0eadc0ce32c21","passes":413977,"fails":0}]}}