{"root_group":{"name":"","path":"","id":"d41d8cd98f00b204e9800998ecf8427e","groups":[],"checks":[{"passes":442671,"fails":0,"name":"is status 201","path":"::is status 201","id":"d8b97380f72868aef5b0eadc0ce32c21"}]},"options":{"summaryTrendStats":["min","med","avg","max","p(90)","p(95)","p(99)"],"summaryTimeUnit":"","noColor":false},"state":{"isStdOutTTY":true,"isStdErrTTY":true,"testRunDurationMs":60004.400529},"metrics":{"http_req_waiting":{"contains":"time","values":{"avg":13.398859655028168,"max":171.398873,"p(90)":16.381915,"p(95)":23.159356000000002,"p(99)":29.309384699999875,"min":0.931034,"med":12.682647},"type":"trend"},"data_sent":{"type":"counter","contains":"data","values":{"count":94288923,"rate":1571366.8025802602}},"http_reqs":{"type":"counter","contains":"default","values":{"count":442671,"rate":7377.30893230169}},"http_req_connecting":{"type":"trend","contains":"time","values":{"p(99)":0,"min":0,"med":0,"avg":0.0011326389440464812,"max":47.977312,"p(90)":0,"p(95)":0}},"http_req_sending":{"contains":"time","values":{"min":0.005402,"med":0.011263,"avg":0.012630494403292749,"max":20.774074,"p(90)":0.014894,"p(95)":0.017114,"p(99)":0.023742299999999987},"type":"trend"},"http_req_receiving":{"type":"trend","contains":"time","values":{"med":0.021525,"avg":0.027841684370558995,"max":19.530151,"p(90)":0.030674,"p(95)":0.034701,"p(99)":0.06270189999999996,"min":0.008696}},"http_req_failed":{"type":"rate","contains":"default","values":{"rate":0,"passes":0,"fails":442671}},"data_received":{"type":"counter","contains":"data","values":{"count":176625729,"rate":2943546.2639883747}},"vus":{"type":"gauge","contains":"default","values":{"value":100,"min":100,"max":100}},"http_req_duration":{"type":"trend","contains":"time","values":{"p(95)":23.206694499999998,"p(99)":29.640458799999898,"min":0.960762,"med":12.718444,"avg":13.439331833802383,"max":171.428543,"p(90)":16.430177}},"http_req_duration{expected_response:true}":{"type":"trend","contains":"time","values":{"avg":13.439331833802383,"max":171.428543,"p(90)":16.430177,"p(95)":23.206694499999998,"p(99)":29.640458799999898,"min":0.960762,"med":12.718444}},"http_req_tls_handshaking":{"contains":"time","values":{"avg":0,"max":0,"p(90)":0,"p(95)":0,"p(99)":0,"min":0,"med":0},"type":"trend"},"iteration_duration":{"type":"trend","contains":"time","values":{"p(95)":23.315189,"p(99)":29.77836049999997,"min":1.061097,"med":12.81672,"avg":13.541851285708798,"max":171.522814,"p(90)":16.54776}},"http_req_blocked":{"type":"trend","contains":"time","values":{"p(90)":0.002475,"p(95)":0.002947,"p(99)":0.004297,"min":0.000843,"med":0.001935,"avg":0.003244438829288127,"max":48.015859}},"checks":{"type":"rate","contains":"default","values":{"rate":1,"passes":442671,"fails":0},"thresholds":{"rate>0.99":{"ok":true}}},"iterations":{"contains":"default","values":{"count":442671,"rate":7377.30893230169},"type":"counter"},"vus_max":{"type":"gauge","contains":"default","values":{"max":100,"value":100,"min":100}}},"metadata":{"type":"GRPC","testConfig":{"id":"f889ac39-6948-4782-afa0-93f678ad1a98","name":"create-card","vus":100,"duration":"1m","executedAt":"2022-10-28T17:49:14.355Z"},"useDatabase":true}}