{"options":{"summaryTrendStats":["min","med","avg","max","p(90)","p(95)","p(99)"],"summaryTimeUnit":"","noColor":false},"state":{"testRunDurationMs":60005.084301,"isStdOutTTY":true,"isStdErrTTY":true},"metrics":{"data_received":{"type":"counter","contains":"data","values":{"count":103619300,"rate":1726842.0035912385}},"http_req_connecting":{"values":{"p(90)":0,"p(95)":0,"p(99)":0,"min":0,"med":0,"avg":0.000044371219512195116,"max":1.267257},"type":"trend","contains":"time"},"http_req_waiting":{"type":"trend","contains":"time","values":{"min":1.552095,"med":5.1799925,"avg":5.597525756911903,"max":84.583305,"p(90)":7.7961154,"p(95)":8.943209249999995,"p(99)":12.295605490000012}},"http_req_duration":{"values":{"p(90)":7.841460100000002,"p(95)":8.998804749999998,"p(99)":12.36633234000001,"min":1.595485,"med":5.2213805,"avg":5.640990174027243,"max":84.615449},"type":"trend","contains":"time"},"vus_max":{"type":"gauge","contains":"default","values":{"value":25,"min":25,"max":25}},"vus":{"type":"gauge","contains":"default","values":{"value":25,"min":25,"max":25}},"iteration_duration":{"type":"trend","contains":"time","values":{"med":5.3288265,"avg":5.752311339615935,"max":84.713364,"p(90)":7.9593942,"p(95)":9.124879849999994,"p(99)":12.55256589,"min":1.689749}},"checks":{"type":"rate","contains":"default","values":{"rate":1,"passes":260350,"fails":0},"thresholds":{"rate>0.99":{"ok":true}}},"http_req_receiving":{"type":"trend","contains":"time","values":{"p(99)":0.09877469000000298,"min":0.009859,"med":0.024096,"avg":0.029051918932206988,"max":9.797381,"p(90)":0.037155,"p(95)":0.042454}},"http_req_tls_handshaking":{"type":"trend","contains":"time","values":{"p(99)":0,"min":0,"med":0,"avg":0,"max":0,"p(90)":0,"p(95)":0}},"http_req_failed":{"values":{"passes":0,"fails":260350,"rate":0},"type":"rate","contains":"default"},"data_sent":{"type":"counter","contains":"data","values":{"count":55454550,"rate":924164.1878515924}},"http_req_sending":{"type":"trend","contains":"time","values":{"p(90)":0.017541,"p(95)":0.020097,"p(99)":0.02760051000000001,"min":0.006158,"med":0.012771,"avg":0.014412498183214618,"max":10.073078}},"iterations":{"type":"counter","contains":"default","values":{"count":260350,"rate":4338.799003998087}},"http_reqs":{"values":{"count":260350,"rate":4338.799003998087},"type":"counter","contains":"default"},"http_req_duration{expected_response:true}":{"type":"trend","contains":"time","values":{"p(95)":8.998804749999998,"p(99)":12.36633234000001,"min":1.595485,"med":5.2213805,"avg":5.640990174027243,"max":84.615449,"p(90)":7.841460100000002}},"http_req_blocked":{"type":"trend","contains":"time","values":{"avg":0.002518664555406251,"max":6.759702,"p(90)":0.002811,"p(95)":0.003317,"p(99)":0.005087530000000028,"min":0.000942,"med":0.002177}}},"metadata":{"useDatabase":true,"type":"REST","testConfig":{"vus":25,"duration":"1m","executedAt":"2022-10-28T17:39:57.337Z","id":"f31c8249-3080-4a20-9c51-1a8d4fd982c8","name":"create-card"}},"root_group":{"groups":[],"checks":[{"id":"d8b97380f72868aef5b0eadc0ce32c21","passes":260350,"fails":0,"name":"is status 201","path":"::is status 201"}],"name":"","path":"","id":"d41d8cd98f00b204e9800998ecf8427e"}}