{"root_group":{"name":"","path":"","id":"d41d8cd98f00b204e9800998ecf8427e","groups":[],"checks":[{"path":"::is status 201","id":"d8b97380f72868aef5b0eadc0ce32c21","passes":439324,"fails":0,"name":"is status 201"}]},"options":{"noColor":false,"summaryTrendStats":["min","med","avg","max","p(90)","p(95)","p(99)"],"summaryTimeUnit":""},"state":{"isStdOutTTY":true,"isStdErrTTY":true,"testRunDurationMs":60008.429259},"metrics":{"http_req_duration{expected_response:true}":{"type":"trend","contains":"time","values":{"min":0.995629,"med":6.2601525,"avg":6.7200377158041515,"max":156.592716,"p(90)":9.190014300000001,"p(95)":11.046978449999997,"p(99)":16.026779220000055}},"http_req_sending":{"type":"trend","contains":"time","values":{"min":0.005255,"med":0.011229,"avg":0.012516676653222062,"max":10.851507,"p(90)":0.014862,"p(95)":0.017051,"p(99)":0.023483}},"http_reqs":{"type":"counter","contains":"default","values":{"rate":7321.038151221241,"count":439324}},"data_sent":{"contains":"data","values":{"count":93576012,"rate":1559381.1262101242},"type":"counter"},"vus":{"type":"gauge","contains":"default","values":{"value":50,"min":50,"max":50}},"vus_max":{"type":"gauge","contains":"default","values":{"min":50,"max":50,"value":50}},"http_req_connecting":{"type":"trend","contains":"time","values":{"avg":0.000058051098961131204,"max":1.611997,"p(90)":0,"p(95)":0,"p(99)":0,"min":0,"med":0}},"iteration_duration":{"type":"trend","contains":"time","values":{"min":1.095331,"med":6.358181,"avg":6.820399973188304,"max":156.676918,"p(90)":9.2974549,"p(95)":11.1541637,"p(99)":16.152817170000006}},"http_req_tls_handshaking":{"values":{"min":0,"med":0,"avg":0,"max":0,"p(90)":0,"p(95)":0,"p(99)":0},"type":"trend","contains":"time"},"http_req_duration":{"type":"trend","contains":"time","values":{"p(99)":16.026779220000055,"min":0.995629,"med":6.2601525,"avg":6.7200377158041515,"max":156.592716,"p(90)":9.190014300000001,"p(95)":11.046978449999997}},"data_received":{"type":"counter","contains":"data","values":{"count":174850952,"rate":2913773.184186054}},"http_req_failed":{"type":"rate","contains":"default","values":{"rate":0,"passes":0,"fails":439324}},"http_req_blocked":{"type":"trend","contains":"time","values":{"max":4.727262,"p(90)":0.002493,"p(95)":0.002952,"p(99)":0.004236,"min":0.000885,"med":0.001949,"avg":0.0021964233959449013}},"http_req_waiting":{"type":"trend","contains":"time","values":{"avg":6.681690354089599,"max":156.564419,"p(90)":9.149347500000001,"p(95)":11.000834849999999,"p(99)":15.940387210000013,"min":0.967371,"med":6.2245495}},"checks":{"contains":"default","values":{"rate":1,"passes":439324,"fails":0},"thresholds":{"rate>0.99":{"ok":true}},"type":"rate"},"http_req_receiving":{"type":"trend","contains":"time","values":{"min":0.008912,"med":0.021346,"avg":0.025830685061594475,"max":12.878413,"p(90)":0.030374,"p(95)":0.034331,"p(99)":0.058536860000000336}},"iterations":{"type":"counter","contains":"default","values":{"count":439324,"rate":7321.038151221241}}},"metadata":{"type":"GRPC","testConfig":{"id":"14db1832-359c-4226-a0e5-59ee9399888a","name":"create-card","vus":50,"duration":"1m","executedAt":"2022-10-28T17:47:55.299Z"},"useDatabase":true}}