{"state":{"isStdOutTTY":true,"isStdErrTTY":true,"testRunDurationMs":60001.902687},"metrics":{"http_req_duration":{"contains":"time","values":{"p(99)":1.9973277299999987,"min":0.97126,"med":1.340099,"avg":1.3767688377945027,"max":39.740877,"p(90)":1.6415646000000002,"p(95)":1.7614955499999998},"type":"trend"},"http_req_waiting":{"type":"trend","contains":"time","values":{"max":39.700801,"p(90)":1.6026178999999998,"p(95)":1.7230761499999996,"p(99)":1.9516025699999997,"min":0.945354,"med":1.308183,"avg":1.3433507700267087}},"iteration_duration":{"type":"trend","contains":"time","values":{"p(95)":1.8430854999999997,"p(99)":2.0902966599999964,"min":1.038682,"med":1.4125685,"avg":1.4512578829487583,"max":39.831566,"p(90)":1.7244557999999999}},"http_reqs":{"type":"counter","contains":"default","values":{"rate":686.1449080167233,"count":41170}},"http_req_blocked":{"type":"trend","contains":"time","values":{"avg":0.0015712901141607895,"max":0.192169,"p(90)":0.001907,"p(95)":0.002165,"p(99)":0.003027309999999998,"min":0.001103,"med":0.001463}},"http_req_connecting":{"type":"trend","contains":"time","values":{"p(99)":0,"min":0,"med":0,"avg":0.000003067160553801312,"max":0.126275,"p(90)":0,"p(95)":0}},"http_req_receiving":{"type":"trend","contains":"time","values":{"med":0.020972,"avg":0.022637115253825436,"max":0.186229,"p(90)":0.028351299999999996,"p(95)":0.03406909999999999,"p(99)":0.04633178999999998,"min":0.013714}},"data_sent":{"type":"counter","contains":"data","values":{"count":8769210,"rate":146148.8654075621}},"http_req_tls_handshaking":{"values":{"min":0,"med":0,"avg":0,"max":0,"p(90)":0,"p(95)":0,"p(99)":0},"type":"trend","contains":"time"},"iterations":{"contains":"default","values":{"count":41170,"rate":686.1449080167233},"type":"counter"},"vus_max":{"type":"gauge","contains":"default","values":{"max":1,"value":1,"min":1}},"http_req_duration{expected_response:true}":{"type":"trend","contains":"time","values":{"med":1.340099,"avg":1.3767688377945027,"max":39.740877,"p(90)":1.6415646000000002,"p(95)":1.7614955499999998,"p(99)":1.9973277299999987,"min":0.97126}},"http_req_failed":{"contains":"default","values":{"rate":0,"passes":0,"fails":41170},"type":"rate"},"data_received":{"values":{"count":16426830,"rate":273771.8182986726},"type":"counter","contains":"data"},"vus":{"type":"gauge","contains":"default","values":{"value":1,"min":1,"max":1}},"http_req_sending":{"type":"trend","contains":"time","values":{"p(95)":0.014665549999999996,"p(99)":0.018308929999999994,"min":0.006698,"med":0.010882,"avg":0.010780952513966493,"max":1.460026,"p(90)":0.013341}},"checks":{"type":"rate","contains":"default","values":{"passes":41170,"fails":0,"rate":1},"thresholds":{"rate>0.99":{"ok":true}}}},"metadata":{"type":"REST","testConfig":{"vus":1,"duration":"1m","executedAt":"2022-10-28T17:37:17.863Z","id":"8244654e-51ff-481d-bd43-bbc86715a505","name":"create-card"},"useDatabase":true},"root_group":{"name":"","path":"","id":"d41d8cd98f00b204e9800998ecf8427e","groups":[],"checks":[{"name":"is status 201","path":"::is status 201","id":"d8b97380f72868aef5b0eadc0ce32c21","passes":41170,"fails":0}]},"options":{"summaryTrendStats":["min","med","avg","max","p(90)","p(95)","p(99)"],"summaryTimeUnit":"","noColor":false}}