{"metrics":{"http_reqs":{"values":{"count":425192,"rate":7086.050353455779},"type":"counter","contains":"default"},"vus_max":{"type":"gauge","contains":"default","values":{"value":25,"min":25,"max":25}},"http_req_blocked":{"type":"trend","contains":"time","values":{"min":0.000843,"med":0.001935,"avg":0.0021230948065817015,"max":4.024941,"p(90)":0.002473,"p(95)":0.002915,"p(99)":0.004153}},"http_req_waiting":{"type":"trend","contains":"time","values":{"min":0.918602,"med":2.984455,"avg":3.3835153485813594,"max":128.293717,"p(90)":4.206790300000001,"p(95)":5.153827449999998,"p(99)":14.864023579999994}},"http_req_duration{expected_response:true}":{"type":"trend","contains":"time","values":{"min":0.950766,"med":3.0198925,"avg":3.4207134403140853,"max":128.33415,"p(90)":4.2458102,"p(95)":5.198912649999998,"p(99)":14.893867259999999}},"vus":{"type":"gauge","contains":"default","values":{"value":25,"min":25,"max":25}},"http_req_duration":{"values":{"p(90)":4.2458102,"p(95)":5.198912649999998,"p(99)":14.893867259999999,"min":0.950766,"med":3.0198925,"avg":3.4207134403140853,"max":128.33415},"type":"trend","contains":"time"},"http_req_sending":{"contains":"time","values":{"min":0.005694,"med":0.011181,"avg":0.012366387394400385,"max":6.954704,"p(90)":0.014805,"p(95)":0.017029,"p(99)":0.023283089999999968},"type":"trend"},"data_received":{"type":"counter","contains":"data","values":{"count":168801224,"rate":2813161.9903219445}},"http_req_tls_handshaking":{"values":{"max":0,"p(90)":0,"p(95)":0,"p(99)":0,"min":0,"med":0,"avg":0},"type":"trend","contains":"time"},"iteration_duration":{"type":"trend","contains":"time","values":{"min":1.029927,"med":3.1166205,"avg":3.5196464909593157,"max":128.423868,"p(90)":4.3466107,"p(95)":5.310670299999994,"p(99)":14.988025159999898}},"checks":{"values":{"passes":425192,"fails":0,"rate":1},"thresholds":{"rate>0.99":{"ok":true}},"type":"rate","contains":"default"},"iterations":{"type":"counter","contains":"default","values":{"count":425192,"rate":7086.050353455779}},"http_req_failed":{"values":{"rate":0,"passes":0,"fails":425192},"type":"rate","contains":"default"},"data_sent":{"type":"counter","contains":"data","values":{"count":90565896,"rate":1509328.725286081}},"http_req_connecting":{"values":{"med":0,"avg":0.000009717108976650548,"max":0.840454,"p(90)":0,"p(95)":0,"p(99)":0,"min":0},"type":"trend","contains":"time"},"http_req_receiving":{"type":"trend","contains":"time","values":{"min":0.010119,"med":0.021186,"avg":0.024831704338274366,"max":9.80075,"p(90)":0.030279,"p(95)":0.034169,"p(99)":0.05264480999999971}}},"metadata":{"useDatabase":true,"type":"GRPC","testConfig":{"id":"f31c8249-3080-4a20-9c51-1a8d4fd982c8","name":"create-card","vus":25,"duration":"1m","executedAt":"2022-10-28T17:46:36.110Z"}},"root_group":{"id":"d41d8cd98f00b204e9800998ecf8427e","groups":[],"checks":[{"name":"is status 201","path":"::is status 201","id":"d8b97380f72868aef5b0eadc0ce32c21","passes":425192,"fails":0}],"name":"","path":""},"options":{"summaryTrendStats":["min","med","avg","max","p(90)","p(95)","p(99)"],"summaryTimeUnit":"","noColor":false},"state":{"isStdOutTTY":true,"isStdErrTTY":true,"testRunDurationMs":60004.089555}}