{"state":{"isStdOutTTY":true,"isStdErrTTY":true,"testRunDurationMs":60003.139401},"metrics":{"http_req_failed":{"type":"rate","contains":"default","values":{"rate":0,"passes":0,"fails":216020}},"http_req_receiving":{"type":"trend","contains":"time","values":{"p(90)":0.038024,"p(95)":0.042677,"p(99)":0.058272809999999994,"min":0.009656,"med":0.026029,"avg":0.028470730335153942,"max":6.449129}},"http_req_duration{expected_response:true}":{"type":"trend","contains":"time","values":{"max":68.16289,"p(90)":3.4152269,"p(95)":3.92999795,"p(99)":5.94652146,"min":1.187914,"med":2.4775245,"avg":2.6613406902740473}},"http_req_blocked":{"values":{"min":0.00092,"med":0.00214,"avg":0.0023042865984630504,"max":2.830795,"p(90)":0.002751,"p(95)":0.00327,"p(99)":0.004375},"type":"trend","contains":"time"},"vus":{"values":{"max":10,"value":10,"min":10},"type":"gauge","contains":"default"},"data_received":{"type":"counter","contains":"data","values":{"count":85759940,"rate":1429257.5497903156}},"iterations":{"type":"counter","contains":"default","values":{"count":216020,"rate":3600.1449616884524}},"vus_max":{"type":"gauge","contains":"default","values":{"value":10,"min":10,"max":10}},"checks":{"type":"rate","contains":"default","values":{"rate":1,"passes":216020,"fails":0},"thresholds":{"rate>0.99":{"ok":true}}},"http_req_sending":{"type":"trend","contains":"time","values":{"p(90)":0.019265,"p(95)":0.021272049999999987,"p(99)":0.026836809999999996,"min":0.006281,"med":0.013031,"avg":0.01466511919729673,"max":5.866054}},"http_req_duration":{"type":"trend","contains":"time","values":{"p(95)":3.92999795,"p(99)":5.94652146,"min":1.187914,"med":2.4775245,"avg":2.6613406902740473,"max":68.16289,"p(90)":3.4152269}},"http_req_connecting":{"contains":"time","values":{"p(90)":0,"p(95)":0,"p(99)":0,"min":0,"med":0,"avg":0.0000037021109156559575,"max":0.1588},"type":"trend"},"http_req_tls_handshaking":{"contains":"time","values":{"med":0,"avg":0,"max":0,"p(90)":0,"p(95)":0,"p(99)":0,"min":0},"type":"trend"},"iteration_duration":{"type":"trend","contains":"time","values":{"min":1.283635,"med":2.582066,"avg":2.768669768271484,"max":68.270463,"p(90)":3.523473,"p(95)":4.045721499999999,"p(99)":6.156490659999998}},"data_sent":{"contains":"data","values":{"count":46012260,"rate":766830.8768396403},"type":"counter"},"http_reqs":{"type":"counter","contains":"default","values":{"count":216020,"rate":3600.1449616884524}},"http_req_waiting":{"contains":"time","values":{"min":1.146997,"med":2.436279,"avg":2.6182048407416243,"max":68.114448,"p(90)":3.3720709,"p(95)":3.884022399999999,"p(99)":5.8606941699999995},"type":"trend"}},"metadata":{"type":"REST","testConfig":{"executedAt":"2022-10-28T17:38:37.975Z","id":"dfce9f52-4c55-4845-bbc2-5ec8279ccf6e","name":"create-card","vus":10,"duration":"1m"},"useDatabase":true},"root_group":{"name":"","path":"","id":"d41d8cd98f00b204e9800998ecf8427e","groups":[],"checks":[{"name":"is status 201","path":"::is status 201","id":"d8b97380f72868aef5b0eadc0ce32c21","passes":216020,"fails":0}]},"options":{"summaryTrendStats":["min","med","avg","max","p(90)","p(95)","p(99)"],"summaryTimeUnit":"","noColor":false}}