{"metrics":{"vus":{"type":"gauge","contains":"default","values":{"value":100,"min":100,"max":100}},"http_req_blocked":{"type":"trend","contains":"time","values":{"avg":0.0038715891390220026,"max":45.926422,"p(90)":0.002819,"p(95)":0.003288,"p(99)":0.00503455999999994,"min":0.000944,"med":0.002177}},"http_req_connecting":{"type":"trend","contains":"time","values":{"p(90)":0,"p(95)":0,"p(99)":0,"min":0,"med":0,"avg":0.001427404697119461,"max":45.888416}},"http_req_sending":{"type":"trend","contains":"time","values":{"p(95)":0.019735,"p(99)":0.02972733999999991,"min":0.006283,"med":0.012679,"avg":0.015134549508927531,"max":47.016368,"p(90)":0.017131}},"iteration_duration":{"type":"trend","contains":"time","values":{"max":207.274549,"p(90)":36.440286400000005,"p(95)":40.7445727,"p(99)":58.18162552,"min":1.47636,"med":21.267857,"avg":22.1978436034807}},"http_req_waiting":{"type":"trend","contains":"time","values":{"p(99)":58.02006063999997,"min":1.379672,"med":21.114349,"avg":22.035338394594227,"max":207.071882,"p(90)":36.280317200000006,"p(95)":40.5725456}},"http_req_receiving":{"type":"trend","contains":"time","values":{"min":0.010634,"med":0.023443,"avg":0.03181050315597011,"max":20.092998,"p(90)":0.037118,"p(95)":0.042875899999999995,"p(99)":0.17891657999999966}},"data_sent":{"type":"counter","contains":"data","values":{"count":57536199,"rate":958735.6630524369}},"http_req_tls_handshaking":{"type":"trend","contains":"time","values":{"med":0,"avg":0,"max":0,"p(90)":0,"p(95)":0,"p(99)":0,"min":0}},"http_req_failed":{"type":"rate","contains":"default","values":{"rate":0,"passes":0,"fails":270123}},"http_reqs":{"type":"counter","contains":"default","values":{"count":270123,"rate":4501.106399307216}},"http_req_duration":{"type":"trend","contains":"time","values":{"min":1.404554,"med":21.157329,"avg":22.08228344725968,"max":207.114731,"p(90)":36.3288178,"p(95)":40.6270916,"p(99)":58.070004259999685}},"http_req_duration{expected_response:true}":{"type":"trend","contains":"time","values":{"p(90)":36.3288178,"p(95)":40.6270916,"p(99)":58.070004259999685,"min":1.404554,"med":21.157329,"avg":22.08228344725968,"max":207.114731}},"iterations":{"values":{"count":270123,"rate":4501.106399307216},"type":"counter","contains":"default"},"vus_max":{"type":"gauge","contains":"default","values":{"value":100,"min":100,"max":100}},"checks":{"type":"rate","contains":"default","values":{"passes":270123,"fails":0,"rate":1},"thresholds":{"rate>0.99":{"ok":true}}},"data_received":{"contains":"data","values":{"count":107779077,"rate":1795941.453323579},"type":"counter"}},"metadata":{"type":"REST","testConfig":{"name":"create-card","vus":100,"duration":"1m","executedAt":"2022-10-28T17:42:36.214Z","id":"f889ac39-6948-4782-afa0-93f678ad1a98"},"useDatabase":true},"root_group":{"id":"d41d8cd98f00b204e9800998ecf8427e","groups":[],"checks":[{"id":"d8b97380f72868aef5b0eadc0ce32c21","passes":270123,"fails":0,"name":"is status 201","path":"::is status 201"}],"name":"","path":""},"options":{"summaryTrendStats":["min","med","avg","max","p(90)","p(95)","p(99)"],"summaryTimeUnit":"","noColor":false},"state":{"isStdErrTTY":true,"testRunDurationMs":60012.57825,"isStdOutTTY":true}}