{"metrics":{"http_req_connecting":{"contains":"time","values":{"min":0,"med":0,"avg":0.000003176131060211745,"max":0.4115,"p(90)":0,"p(95)":0,"p(99)":0},"type":"trend"},"checks":{"type":"rate","contains":"default","values":{"rate":1,"passes":343903,"fails":0},"thresholds":{"rate>0.99":{"ok":true}}},"vus":{"type":"gauge","contains":"default","values":{"value":10,"min":10,"max":10}},"http_req_tls_handshaking":{"contains":"time","values":{"med":0,"avg":0,"max":0,"p(90)":0,"p(95)":0,"p(99)":0,"min":0},"type":"trend"},"http_req_failed":{"type":"rate","contains":"default","values":{"rate":0,"passes":0,"fails":343903}},"http_req_waiting":{"type":"trend","contains":"time","values":{"med":1.403574,"avg":1.6064752605763888,"max":113.731091,"p(90)":1.9596693999999997,"p(95)":2.1803291999999996,"p(99)":5.332478,"min":0.767692}},"http_req_duration{expected_response:true}":{"type":"trend","contains":"time","values":{"p(99)":5.413073139999976,"min":0.799005,"med":1.438604,"avg":1.6424386155165853,"max":113.761964,"p(90)":1.9947883999999994,"p(95)":2.2174758}},"http_req_receiving":{"values":{"med":0.021587,"avg":0.023583204676900355,"max":6.058885,"p(90)":0.030415,"p(95)":0.03383,"p(99)":0.043665979999999986,"min":0.009607},"type":"trend","contains":"time"},"iterations":{"type":"counter","contains":"default","values":{"count":343903,"rate":5731.220680238095}},"http_reqs":{"type":"counter","contains":"default","values":{"rate":5731.220680238095,"count":343903}},"http_req_blocked":{"type":"trend","contains":"time","values":{"min":0.000806,"med":0.001889,"avg":0.0020414939881304413,"max":4.260287,"p(90)":0.002411,"p(95)":0.002921,"p(99)":0.004023979999999981}},"data_sent":{"type":"counter","contains":"data","values":{"count":73251339,"rate":1220750.0048907143}},"vus_max":{"values":{"value":10,"min":10,"max":10},"type":"gauge","contains":"default"},"iteration_duration":{"type":"trend","contains":"time","values":{"min":0.88297,"med":1.53187,"avg":1.7370575622602216,"max":113.862563,"p(90)":2.0875376,"p(95)":2.316248299999999,"p(99)":5.634176399999989}},"http_req_sending":{"contains":"time","values":{"min":0.00556,"med":0.011285,"avg":0.012380150263301125,"max":5.57891,"p(90)":0.016473,"p(95)":0.018173,"p(99)":0.02252397999999998},"type":"trend"},"data_received":{"type":"counter","contains":"data","values":{"count":137217297,"rate":2286757.051415}},"http_req_duration":{"type":"trend","contains":"time","values":{"min":0.799005,"med":1.438604,"avg":1.6424386155165853,"max":113.761964,"p(90)":1.9947883999999994,"p(95)":2.2174758,"p(99)":5.413073139999976}}},"metadata":{"type":"GRPC","testConfig":{"id":"dfce9f52-4c55-4845-bbc2-5ec8279ccf6e","name":"create-card","vus":10,"duration":"1m","executedAt":"2022-10-28T17:45:16.964Z"},"useDatabase":true},"root_group":{"groups":[],"checks":[{"name":"is status 201","path":"::is status 201","id":"d8b97380f72868aef5b0eadc0ce32c21","passes":343903,"fails":0}],"name":"","path":"","id":"d41d8cd98f00b204e9800998ecf8427e"},"options":{"summaryTrendStats":["min","med","avg","max","p(90)","p(95)","p(99)"],"summaryTimeUnit":"","noColor":false},"state":{"testRunDurationMs":60005.192469,"isStdOutTTY":true,"isStdErrTTY":true}}