{"options":{"summaryTimeUnit":"","noColor":false,"summaryTrendStats":["avg","min","med","max","p(90)","p(95)"]},"state":{"isStdOutTTY":true,"isStdErrTTY":true,"testRunDurationMs":60010.594369},"metrics":{"iterations":{"contains":"default","values":{"count":234692,"rate":3910.8427848072793},"type":"counter"},"http_req_duration":{"type":"trend","contains":"time","values":{"max":1238.834819,"p(90)":38.683167,"p(95)":43.76575425,"avg":25.391659029992933,"min":1.400294,"med":23.004890000000003}},"http_req_receiving":{"type":"trend","contains":"time","values":{"avg":0.052806735176316295,"min":0.012315,"med":0.0274865,"max":30.212228,"p(90)":0.052637799999999985,"p(95)":0.09309959999999987}},"http_reqs":{"type":"counter","contains":"default","values":{"count":234692,"rate":3910.8427848072793}},"http_req_waiting":{"type":"trend","contains":"time","values":{"p(95)":43.67371114999999,"avg":25.318027027491308,"min":1.34948,"med":22.931641,"max":1238.76861,"p(90)":38.5949581}},"iteration_duration":{"type":"trend","contains":"time","values":{"min":1.539211,"med":23.1619245,"max":1239.075182,"p(90)":38.8510457,"p(95)":43.94550244999999,"avg":25.553916557083205}},"http_req_tls_handshaking":{"type":"trend","contains":"time","values":{"med":0,"max":0,"p(90)":0,"p(95)":0,"avg":0,"min":0}},"http_req_failed":{"type":"rate","contains":"default","values":{"fails":234692,"rate":0,"passes":0}},"http_req_duration{expected_response:true}":{"type":"trend","contains":"time","values":{"avg":25.391659029992933,"min":1.400294,"med":23.004890000000003,"max":1238.834819,"p(90)":38.683167,"p(95)":43.76575425}},"vus":{"type":"gauge","contains":"default","values":{"value":100,"min":100,"max":100}},"data_received":{"type":"counter","contains":"data","values":{"rate":1552604.5855684897,"count":93172724}},"http_req_connecting":{"values":{"max":4.792579,"p(90)":0,"p(95)":0,"avg":0.0001756423866173538,"min":0,"med":0},"type":"trend","contains":"time"},"data_sent":{"type":"counter","contains":"data","values":{"count":49989396,"rate":833009.5131639504}},"http_req_sending":{"values":{"med":0.013104,"max":20.955361,"p(90)":0.020495899999999994,"p(95)":0.028605,"avg":0.020825267324834185,"min":0.006092},"type":"trend","contains":"time"},"checks":{"type":"rate","contains":"default","values":{"rate":1,"passes":234692,"fails":0}},"vus_max":{"type":"gauge","contains":"default","values":{"value":100,"min":100,"max":100}},"http_req_blocked":{"type":"trend","contains":"time","values":{"p(95)":0.0037664499999999824,"avg":0.003349033260613996,"min":0.00083,"med":0.002207,"max":7.728379,"p(90)":0.003079}}},"metadata":{"type":"REST","testConfig":{"id":"f889ac39-6948-4782-afa0-93f678ad1a98","name":"create-card","vus":100,"duration":"1m","executedAt":"2022-08-10T21:57:39.568Z"}},"root_group":{"name":"","path":"","id":"d41d8cd98f00b204e9800998ecf8427e","groups":[],"checks":[{"id":"d8b97380f72868aef5b0eadc0ce32c21","passes":234692,"fails":0,"name":"is status 201","path":"::is status 201"}]}}