{"state":{"isStdOutTTY":true,"isStdErrTTY":true,"testRunDurationMs":60022.09674},"metrics":{"vus_max":{"type":"gauge","contains":"default","values":{"min":100,"max":100,"value":100}},"http_reqs":{"type":"counter","contains":"default","values":{"count":337978,"rate":5630.892927050385}},"http_req_sending":{"values":{"p(90)":0.018501,"p(95)":0.025300749999999827,"avg":0.018319567022113903,"min":0.006032,"med":0.012231,"max":22.654349},"type":"trend","contains":"time"},"http_req_tls_handshaking":{"type":"trend","contains":"time","values":{"max":0,"p(90)":0,"p(95)":0,"avg":0,"min":0,"med":0}},"iterations":{"type":"counter","contains":"default","values":{"count":337978,"rate":5630.892927050385}},"data_received":{"type":"counter","contains":"data","values":{"count":134515244,"rate":2241095.3849660535}},"http_req_waiting":{"type":"trend","contains":"time","values":{"min":0.992071,"med":14.7177005,"max":1141.176367,"p(90)":24.7941319,"p(95)":27.96954975,"avg":17.52749531018581}},"data_sent":{"type":"counter","contains":"data","values":{"rate":1199380.193461732,"count":71989314}},"http_req_failed":{"type":"rate","contains":"default","values":{"rate":0,"passes":0,"fails":337978}},"http_req_blocked":{"type":"trend","contains":"time","values":{"med":0.00204,"max":11.115648,"p(90)":0.002903,"p(95)":0.00362,"avg":0.0033953372556792755,"min":0.000851}},"iteration_duration":{"type":"trend","contains":"time","values":{"max":1141.336502,"p(90)":25.068794799999992,"p(95)":28.233700349999996,"avg":17.741758913721604,"min":1.107092,"med":14.918106}},"http_req_connecting":{"values":{"avg":0.00043086936723692084,"min":0,"med":0,"max":6.216382,"p(90)":0,"p(95)":0},"type":"trend","contains":"time"},"vus":{"type":"gauge","contains":"default","values":{"value":100,"min":100,"max":100}},"http_req_duration":{"type":"trend","contains":"time","values":{"avg":17.592898939360516,"min":1.017396,"med":14.77494,"max":1141.241293,"p(90)":24.892409299999994,"p(95)":28.072721449999992}},"http_req_duration{expected_response:true}":{"values":{"max":1141.241293,"p(90)":24.892409299999994,"p(95)":28.072721449999992,"avg":17.592898939360516,"min":1.017396,"med":14.77494},"type":"trend","contains":"time"},"http_req_receiving":{"type":"trend","contains":"time","values":{"avg":0.047084062151974755,"min":0.011617,"med":0.026646,"max":21.079007,"p(90)":0.049495,"p(95)":0.09167159999999987}},"checks":{"type":"rate","contains":"default","values":{"passes":337978,"fails":0,"rate":1}}},"metadata":{"type":"GRPC","testConfig":{"id":"f889ac39-6948-4782-afa0-93f678ad1a98","name":"create-card","vus":100,"duration":"1m","executedAt":"2022-08-10T23:07:31.388Z"}},"root_group":{"groups":[],"checks":[{"name":"is status 201","path":"::is status 201","id":"d8b97380f72868aef5b0eadc0ce32c21","passes":337978,"fails":0}],"name":"","path":"","id":"d41d8cd98f00b204e9800998ecf8427e"},"options":{"summaryTrendStats":["avg","min","med","max","p(90)","p(95)"],"summaryTimeUnit":"","noColor":false}}