{"state":{"isStdOutTTY":true,"isStdErrTTY":true,"testRunDurationMs":60006.630149},"metrics":{"data_received":{"type":"counter","contains":"data","values":{"count":11474654,"rate":191223.10270561365}},"iteration_duration":{"type":"trend","contains":"time","values":{"max":80.23588,"p(90)":2.0898551999999997,"p(95)":2.2301004,"avg":1.8137144069390199,"min":1.363685,"med":1.715617}},"vus":{"type":"gauge","contains":"default","values":{"value":1,"min":1,"max":1}},"vus_max":{"values":{"value":1,"min":1,"max":1},"type":"gauge","contains":"default"},"http_req_blocked":{"values":{"min":0.001024,"med":0.00144,"max":0.224078,"p(90)":0.001947,"p(95)":0.002159,"avg":0.0015568799320656228},"type":"trend","contains":"time"},"http_req_receiving":{"type":"trend","contains":"time","values":{"min":0.017329,"med":0.026416,"max":2.095116,"p(90)":0.036878,"p(95)":0.04360179999999996,"avg":0.028554668698632206}},"data_sent":{"type":"counter","contains":"data","values":{"count":12694433,"rate":211550.5064770172}},"http_req_duration{expected_response:true}":{"type":"trend","contains":"time","values":{"avg":1.72392777102478,"min":1.27477,"med":1.629095,"max":80.108536,"p(90)":1.9914914,"p(95)":2.123621}},"http_req_tls_handshaking":{"type":"trend","contains":"time","values":{"avg":0,"min":0,"med":0,"max":0,"p(90)":0,"p(95)":0}},"http_req_waiting":{"type":"trend","contains":"time","values":{"avg":1.6838352328875124,"min":1.240743,"med":1.591546,"max":80.051063,"p(90)":1.9449484000000001,"p(95)":2.072993399999999}},"http_req_connecting":{"values":{"avg":0.0000054716586297880085,"min":0,"med":0,"max":0.124667,"p(90)":0,"p(95)":0},"type":"trend","contains":"time"},"http_req_failed":{"type":"rate","contains":"default","values":{"rate":0,"passes":0,"fails":32973}},"http_reqs":{"values":{"count":32973,"rate":549.4892800699872},"type":"counter","contains":"default"},"http_req_sending":{"contains":"time","values":{"p(95)":0.015526399999999997,"avg":0.01153786943863157,"min":0.00708,"med":0.011599,"max":0.141006,"p(90)":0.014423},"type":"trend"},"iterations":{"type":"counter","contains":"default","values":{"count":32972,"rate":549.4726152448251}},"http_req_duration":{"type":"trend","contains":"time","values":{"p(95)":2.123621,"avg":1.72392777102478,"min":1.27477,"med":1.629095,"max":80.108536,"p(90)":1.9914914}},"checks":{"type":"rate","contains":"default","values":{"rate":1,"passes":32972,"fails":0}}},"setup_data":{"card":{"expiration_month":8,"id":"6eb11e5e-d07c-4604-aa48-3d6e7fb41365","is_debit":true,"token":"cc0a6afc68d547b6b7f3cbfbcec768d60189bd4fefc54c2480d59b5b609c1aab","active":true,"cardholder_name":"Vinicius Barbosa","expiration_year":2027,"is_credit":true,"masked_number":"6011********8060"}},"metadata":{"type":"GRPC","testConfig":{"vus":1,"duration":"1m","executedAt":"2022-08-10T23:14:39.631Z","id":"dad9c90f-2411-4200-9356-eeb9588680e0","name":"create-card-payment"}},"root_group":{"name":"","path":"","id":"d41d8cd98f00b204e9800998ecf8427e","groups":[{"name":"setup","path":"::setup","id":"5c0f8025f7e0b6654089e5b00e950f1a","groups":[],"checks":[]}],"checks":[{"passes":32972,"fails":0,"name":"is status 201","path":"::is status 201","id":"d8b97380f72868aef5b0eadc0ce32c21"}]},"options":{"summaryTrendStats":["avg","min","med","max","p(90)","p(95)"],"summaryTimeUnit":"","noColor":false}}