{"state":{"isStdOutTTY":true,"isStdErrTTY":true,"testRunDurationMs":60017.704002},"metrics":{"vus_max":{"type":"gauge","contains":"default","values":{"value":25,"min":25,"max":25}},"http_req_failed":{"type":"rate","contains":"default","values":{"rate":0,"passes":0,"fails":146593}},"http_req_duration{expected_response:true}":{"type":"trend","contains":"time","values":{"max":137.091608,"p(90)":13.396203,"p(95)":16.005017199999994,"avg":10.068521133389748,"min":2.094287,"med":9.297584}},"data_sent":{"values":{"count":56438133,"rate":940358.081644031},"type":"counter","contains":"data"},"data_received":{"contains":"data","values":{"count":51014414,"rate":849989.4297572599},"type":"counter"},"http_req_waiting":{"contains":"time","values":{"avg":10.005624924341733,"min":1.985171,"med":9.238698,"max":136.943836,"p(90)":13.322246400000017,"p(95)":15.900015999999994},"type":"trend"},"http_reqs":{"values":{"count":146593,"rate":2442.49596744179},"type":"counter","contains":"default"},"http_req_receiving":{"type":"trend","contains":"time","values":{"avg":0.04433683687488453,"min":0.010277,"med":0.031454,"max":10.179829,"p(90)":0.052181800000000014,"p(95)":0.06616559999999998}},"http_req_connecting":{"type":"trend","contains":"time","values":{"p(90)":0,"p(95)":0,"avg":0.00007126048992789562,"min":0,"med":0,"max":0.769741}},"http_req_sending":{"type":"trend","contains":"time","values":{"avg":0.018559372173296115,"min":0.005295,"med":0.014006,"max":11.391763,"p(90)":0.020672,"p(95)":0.024254}},"checks":{"type":"rate","contains":"default","values":{"fails":0,"rate":1,"passes":146592}},"http_req_tls_handshaking":{"contains":"time","values":{"med":0,"max":0,"p(90)":0,"p(95)":0,"avg":0,"min":0},"type":"trend"},"http_req_blocked":{"type":"trend","contains":"time","values":{"avg":0.002833422271186186,"min":0.000822,"med":0.002258,"max":5.653371,"p(90)":0.003119800000000017,"p(95)":0.0037003999999999943}},"vus":{"type":"gauge","contains":"default","values":{"max":25,"value":25,"min":25}},"iterations":{"contains":"default","values":{"rate":2442.4793056914514,"count":146592},"type":"counter"},"http_req_duration":{"type":"trend","contains":"time","values":{"p(95)":16.005017199999994,"avg":10.068521133389748,"min":2.094287,"med":9.297584,"max":137.091608,"p(90)":13.396203}},"iteration_duration":{"contains":"time","values":{"avg":10.223532924887246,"min":2.488255,"med":9.445297,"max":137.207337,"p(90)":13.5636242,"p(95)":16.209419399999998},"type":"trend"}},"setup_data":{"card":{"is_debit":true,"cardholder_name":"Vinicius Barbosa","expiration_month":8,"expiration_year":2027,"is_credit":true,"active":true,"id":"a1562941-a823-45d5-9e71-c207d9bdda45","masked_number":"6011********8134","token":"caaaf8f99e0545f580aacf854678138b687bf4ab4b9f474dab4ce0b7181b52a6"}},"metadata":{"type":"GRPC","testConfig":{"id":"43631c23-72c8-4ce4-ae7d-b50cbb5e56e7","name":"create-card-payment","vus":25,"duration":"1m","executedAt":"2022-08-10T23:25:52.032Z"}},"root_group":{"groups":[{"name":"setup","path":"::setup","id":"5c0f8025f7e0b6654089e5b00e950f1a","groups":[],"checks":[]}],"checks":[{"id":"d8b97380f72868aef5b0eadc0ce32c21","passes":146592,"fails":0,"name":"is status 201","path":"::is status 201"}],"name":"","path":"","id":"d41d8cd98f00b204e9800998ecf8427e"},"options":{"summaryTrendStats":["avg","min","med","max","p(90)","p(95)"],"summaryTimeUnit":"","noColor":false}}