{"state":{"isStdOutTTY":true,"isStdErrTTY":true,"testRunDurationMs":60004.544562},"metrics":{"data_sent":{"type":"counter","contains":"data","values":{"count":11180228,"rate":186323.02072467149}},"iteration_duration":{"type":"trend","contains":"time","values":{"p(90)":2.3539265,"p(95)":2.5075574,"avg":2.059878550172197,"min":1.62431,"med":1.9106305,"max":113.972852}},"http_req_connecting":{"type":"trend","contains":"time","values":{"min":0,"med":0,"max":0.126466,"p(90)":0,"p(95)":0,"avg":0.0000061325757575757575}},"http_req_duration{expected_response:true}":{"type":"trend","contains":"time","values":{"min":1.503264,"med":1.8204690000000001,"max":113.867421,"p(90)":2.2450472,"p(95)":2.3997841500000003,"avg":1.9662225182506834}},"http_req_blocked":{"type":"trend","contains":"time","values":{"p(95)":0.002236,"avg":0.0015819455922864891,"min":0.001074,"med":0.001456,"max":0.253319,"p(90)":0.001975}},"vus_max":{"type":"gauge","contains":"default","values":{"min":1,"max":1,"value":1}},"http_req_sending":{"type":"trend","contains":"time","values":{"min":0.007384,"med":0.0118815,"max":0.173032,"p(90)":0.014673100000000003,"p(95)":0.0158901,"avg":0.011889044214876103}},"checks":{"type":"rate","contains":"default","values":{"rate":1,"passes":29039,"fails":0}},"http_req_duration":{"type":"trend","contains":"time","values":{"avg":1.9662225182506834,"min":1.503264,"med":1.8204690000000001,"max":113.867421,"p(90)":2.2450472,"p(95)":2.3997841500000003}},"data_received":{"type":"counter","contains":"data","values":{"rate":167936.113398677,"count":10076930}},"http_req_receiving":{"type":"trend","contains":"time","values":{"p(95)":0.04532109999999998,"avg":0.030640098243801667,"min":0.01903,"med":0.029006,"max":2.473887,"p(90)":0.038784}},"iterations":{"type":"counter","contains":"default","values":{"rate":483.94667790529274,"count":29039}},"vus":{"values":{"min":1,"max":1,"value":1},"type":"gauge","contains":"default"},"http_req_tls_handshaking":{"type":"trend","contains":"time","values":{"min":0,"med":0,"max":0,"p(90)":0,"p(95)":0,"avg":0}},"http_reqs":{"type":"counter","contains":"default","values":{"count":29040,"rate":483.9633433096767}},"http_req_waiting":{"contains":"time","values":{"p(95)":2.3494170999999997,"avg":1.9236933757919832,"min":1.422482,"med":1.7805995000000001,"max":113.811291,"p(90)":2.1940752},"type":"trend"},"http_req_failed":{"type":"rate","contains":"default","values":{"rate":0,"passes":0,"fails":29040}}},"setup_data":{"card":{"active":true,"expiration_year":2027,"masked_number":"3718*******9773","token":"2e6654c4c3af4787b3ddbff4231b42f79a6bfaf80e284d4aa989092c63e27289","cardholder_name":"Vinicius Barbosa","expiration_month":8,"id":"f8b84460-68be-41ed-a1b0-1b9f0c7f3d7d","is_credit":true,"is_debit":true}},"metadata":{"type":"REST","testConfig":{"id":"dad9c90f-2411-4200-9356-eeb9588680e0","name":"create-card-payment","vus":1,"duration":"1m","executedAt":"2022-08-10T21:58:40.479Z"}},"root_group":{"name":"","path":"","id":"d41d8cd98f00b204e9800998ecf8427e","groups":[{"name":"setup","path":"::setup","id":"5c0f8025f7e0b6654089e5b00e950f1a","groups":[],"checks":[]}],"checks":[{"id":"d8b97380f72868aef5b0eadc0ce32c21","passes":29039,"fails":0,"name":"is status 201","path":"::is status 201"}]},"options":{"summaryTimeUnit":"","noColor":false,"summaryTrendStats":["avg","min","med","max","p(90)","p(95)"]}}