{"state":{"isStdOutTTY":true,"isStdErrTTY":true,"testRunDurationMs":60012.298342},"metrics":{"data_sent":{"type":"counter","contains":"data","values":{"count":43216078,"rate":720120.3618918048}},"vus":{"type":"gauge","contains":"default","values":{"value":25,"min":25,"max":25}},"http_req_tls_handshaking":{"contains":"time","values":{"avg":0,"min":0,"med":0,"max":0,"p(90)":0,"p(95)":0},"type":"trend"},"iteration_duration":{"values":{"max":499.227099,"p(90)":21.330530200000002,"p(95)":26.511526399999997,"avg":13.351745721772811,"min":3.035807,"med":11.706135},"type":"trend","contains":"time"},"vus_max":{"values":{"value":25,"min":25,"max":25},"type":"gauge","contains":"default"},"http_req_connecting":{"contains":"time","values":{"min":0,"med":0,"max":2.209966,"p(90)":0,"p(95)":0,"avg":0.00009767861024498887},"type":"trend"},"http_req_sending":{"type":"trend","contains":"time","values":{"max":14.433163,"p(90)":0.021921,"p(95)":0.027371,"avg":0.020701428071269616,"min":0.006309,"med":0.014328}},"http_req_receiving":{"type":"trend","contains":"time","values":{"med":0.0322835,"max":13.748003,"p(90)":0.06169840000000003,"p(95)":0.09452154999999998,"avg":0.05070118214699331,"min":0.012292}},"http_reqs":{"type":"counter","contains":"default","values":{"count":112250,"rate":1870.4499427818298}},"checks":{"contains":"default","values":{"rate":1,"passes":112249,"fails":0},"type":"rate"},"http_req_waiting":{"type":"trend","contains":"time","values":{"p(90)":21.041679700000007,"p(95)":26.241607949999995,"avg":13.105038592668285,"min":2.84887,"med":11.464913,"max":498.971515}},"iterations":{"type":"counter","contains":"default","values":{"rate":1870.433279530669,"count":112249}},"http_req_blocked":{"contains":"time","values":{"min":0.000855,"med":0.002307,"max":3.699541,"p(90)":0.003379100000000006,"p(95)":0.003946,"avg":0.0032270361069042706},"type":"trend"},"data_received":{"type":"counter","contains":"data","values":{"count":38950800,"rate":649046.963307853}},"http_req_duration{expected_response:true}":{"type":"trend","contains":"time","values":{"min":2.901544,"med":11.533812000000001,"max":499.047581,"p(90)":21.129170400000003,"p(95)":26.31330459999999,"avg":13.17644120288652}},"http_req_failed":{"type":"rate","contains":"default","values":{"rate":0,"passes":0,"fails":112250}},"http_req_duration":{"type":"trend","contains":"time","values":{"avg":13.17644120288652,"min":2.901544,"med":11.533812000000001,"max":499.047581,"p(90)":21.129170400000003,"p(95)":26.31330459999999}}},"setup_data":{"card":{"id":"cce53e57-b031-4557-a518-805be33c0727","is_credit":true,"is_debit":true,"active":true,"cardholder_name":"Vinicius Barbosa","expiration_month":8,"expiration_year":2027,"masked_number":"3480*******9630","token":"3fd0398afc534c9fa5f6596b300d3b8253f41f4ce457440088fafc72624be9b4"}},"metadata":{"type":"REST","testConfig":{"executedAt":"2022-08-10T22:08:51.231Z","id":"43631c23-72c8-4ce4-ae7d-b50cbb5e56e7","name":"create-card-payment","vus":25,"duration":"1m"}},"root_group":{"path":"","id":"d41d8cd98f00b204e9800998ecf8427e","groups":[{"name":"setup","path":"::setup","id":"5c0f8025f7e0b6654089e5b00e950f1a","groups":[],"checks":[]}],"checks":[{"name":"is status 201","path":"::is status 201","id":"d8b97380f72868aef5b0eadc0ce32c21","passes":112249,"fails":0}],"name":""},"options":{"summaryTrendStats":["avg","min","med","max","p(90)","p(95)"],"summaryTimeUnit":"","noColor":false}}