{"options":{"summaryTrendStats":["avg","min","med","max","p(90)","p(95)"],"summaryTimeUnit":"","noColor":false},"state":{"isStdOutTTY":true,"isStdErrTTY":true,"testRunDurationMs":60024.663774},"metrics":{"http_reqs":{"type":"counter","contains":"default","values":{"count":150965,"rate":2515.049489796414}},"http_req_receiving":{"type":"trend","contains":"time","values":{"med":0.031571,"max":28.735239,"p(90)":0.052067600000000006,"p(95)":0.06526039999999997,"avg":0.05173993262014397,"min":0.01258}},"iteration_duration":{"type":"trend","contains":"time","values":{"avg":39.73845197288674,"min":1.804819,"med":38.690019,"max":240.641762,"p(90)":46.4663072,"p(95)":55.41807979999998}},"http_req_failed":{"values":{"rate":0,"passes":0,"fails":150965},"type":"rate","contains":"default"},"http_req_waiting":{"type":"trend","contains":"time","values":{"p(95)":54.967274999999944,"avg":39.51214955846708,"min":1.316932,"med":38.478859,"max":240.430611,"p(90)":46.17961760000001}},"data_received":{"type":"counter","contains":"data","values":{"count":52535870,"rate":875238.0554400738}},"http_req_tls_handshaking":{"values":{"med":0,"max":0,"p(90)":0,"p(95)":0,"avg":0,"min":0},"type":"trend","contains":"time"},"http_req_sending":{"type":"trend","contains":"time","values":{"max":23.765284,"p(90)":0.020489,"p(95)":0.023950599999999978,"avg":0.018375726274302166,"min":0.006139,"med":0.013932}},"iterations":{"type":"counter","contains":"default","values":{"count":150964,"rate":2515.032829977981}},"vus":{"type":"gauge","contains":"default","values":{"value":100,"min":100,"max":100}},"http_req_duration":{"type":"trend","contains":"time","values":{"max":240.479633,"p(90)":46.279460199999995,"p(95)":55.17682459999994,"avg":39.58226521736079,"min":1.43914,"med":38.539935}},"http_req_blocked":{"type":"trend","contains":"time","values":{"med":0.002271,"max":25.345949,"p(90)":0.003133,"p(95)":0.003730799999999988,"avg":0.003199160010598457,"min":0.000926}},"data_sent":{"type":"counter","contains":"data","values":{"count":58121353,"rate":968291.1880828489}},"checks":{"type":"rate","contains":"default","values":{"passes":150964,"fails":0,"rate":1}},"vus_max":{"type":"gauge","contains":"default","values":{"value":100,"min":100,"max":100}},"http_req_duration{expected_response:true}":{"type":"trend","contains":"time","values":{"avg":39.58226521736079,"min":1.43914,"med":38.539935,"max":240.479633,"p(90)":46.279460199999995,"p(95)":55.17682459999994}},"http_req_connecting":{"type":"trend","contains":"time","values":{"min":0,"med":0,"max":1.729617,"p(90)":0,"p(95)":0,"avg":0.0002244050342794687}}},"setup_data":{"card":{"active":true,"cardholder_name":"Vinicius Barbosa","masked_number":"6011********1271","token":"5dbd5bc749ff4be4829671e94109c770e609b5a1e5fb41c3962cc8622e89e8bf","expiration_month":8,"expiration_year":2027,"id":"e2d09ef0-e5f3-4961-a4dd-81a15aa2c6dc","is_credit":true,"is_debit":true}},"metadata":{"type":"GRPC","testConfig":{"name":"create-card-payment","vus":100,"duration":"1m","executedAt":"2022-08-10T23:34:01.452Z","id":"240a7dee-fed8-4fa0-b279-a79cdad6331d"}},"root_group":{"name":"","path":"","id":"d41d8cd98f00b204e9800998ecf8427e","groups":[{"path":"::setup","id":"5c0f8025f7e0b6654089e5b00e950f1a","groups":[],"checks":[],"name":"setup"}],"checks":[{"name":"is status 201","path":"::is status 201","id":"d8b97380f72868aef5b0eadc0ce32c21","passes":150964,"fails":0}]}}