{"metrics":{"http_req_blocked":{"contains":"time","values":{"avg":0.0027883622600882356,"min":0.000952,"med":0.002265,"max":2.069079,"p(90)":0.003116,"p(95)":0.003706},"type":"trend"},"http_req_sending":{"type":"trend","contains":"time","values":{"avg":0.018329374860439028,"min":0.00622,"med":0.013998,"max":11.316753,"p(90)":0.020645,"p(95)":0.024161}},"http_req_duration{expected_response:true}":{"type":"trend","contains":"time","values":{"med":9.272975500000001,"max":122.716199,"p(90)":12.8712574,"p(95)":14.440788549999994,"avg":9.804151182751744,"min":2.301287}},"checks":{"type":"rate","contains":"default","values":{"rate":1,"passes":150471,"fails":0}},"http_reqs":{"type":"counter","contains":"default","values":{"count":150472,"rate":2507.328570177674}},"http_req_failed":{"type":"rate","contains":"default","values":{"rate":0,"passes":0,"fails":150472}},"data_received":{"type":"counter","contains":"data","values":{"count":52364306,"rate":872551.175576361}},"vus":{"type":"gauge","contains":"default","values":{"min":25,"max":25,"value":25}},"http_req_duration":{"type":"trend","contains":"time","values":{"med":9.272975500000001,"max":122.716199,"p(90)":12.8712574,"p(95)":14.440788549999994,"avg":9.804151182751744,"min":2.301287}},"http_req_tls_handshaking":{"values":{"p(90)":0,"p(95)":0,"avg":0,"min":0,"med":0,"max":0},"type":"trend","contains":"time"},"vus_max":{"type":"gauge","contains":"default","values":{"value":25,"min":25,"max":25}},"data_sent":{"type":"counter","contains":"data","values":{"count":57931548,"rate":965318.6334668197}},"iteration_duration":{"values":{"p(90)":13.0345175,"p(95)":14.61249234999999,"avg":9.958600963255625,"min":2.448017,"med":9.4239,"max":122.811345},"type":"trend","contains":"time"},"http_req_waiting":{"contains":"time","values":{"min":2.245128,"med":9.21443,"max":122.687259,"p(90)":12.802771799999999,"p(95)":14.35907905,"avg":9.741929615828916},"type":"trend"},"http_req_connecting":{"values":{"p(95)":0,"avg":0.00004666202349938859,"min":0,"med":0,"max":1.99162,"p(90)":0},"type":"trend","contains":"time"},"http_req_receiving":{"contains":"time","values":{"avg":0.04389219206231089,"min":0.012667,"med":0.031531,"max":10.140318,"p(90)":0.052121,"p(95)":0.06568209999999969},"type":"trend"},"iterations":{"values":{"count":150471,"rate":2507.3119070870644},"type":"counter","contains":"default"}},"setup_data":{"card":{"expiration_month":8,"id":"5b6f4ca9-059f-4c9d-8fec-cbe643d4d5dd","is_debit":true,"active":true,"cardholder_name":"Vinicius Barbosa","masked_number":"6011********8087","token":"ec1ea6e94a6244aa83fd14b071bd60756598fd03c74a41a88b260a68b7abbfb5","expiration_year":2027,"is_credit":true}},"metadata":{"type":"GRPC","testConfig":{"id":"43631c23-72c8-4ce4-ae7d-b50cbb5e56e7","name":"create-card-payment","vus":25,"duration":"1m","executedAt":"2022-08-10T23:24:50.715Z"}},"root_group":{"name":"","path":"","id":"d41d8cd98f00b204e9800998ecf8427e","groups":[{"groups":[],"checks":[],"name":"setup","path":"::setup","id":"5c0f8025f7e0b6654089e5b00e950f1a"}],"checks":[{"fails":0,"name":"is status 201","path":"::is status 201","id":"d8b97380f72868aef5b0eadc0ce32c21","passes":150471}]},"options":{"summaryTrendStats":["avg","min","med","max","p(90)","p(95)"],"summaryTimeUnit":"","noColor":false},"state":{"isStdOutTTY":true,"isStdErrTTY":true,"testRunDurationMs":60012.876569}}