{"root_group":{"checks":[{"name":"is status 201","path":"::is status 201","id":"d8b97380f72868aef5b0eadc0ce32c21","passes":357335,"fails":0}],"name":"","path":"","id":"d41d8cd98f00b204e9800998ecf8427e","groups":[]},"options":{"summaryTrendStats":["avg","min","med","max","p(90)","p(95)"],"summaryTimeUnit":"","noColor":false},"state":{"isStdOutTTY":true,"isStdErrTTY":true,"testRunDurationMs":60297.054611},"metrics":{"http_req_waiting":{"type":"trend","contains":"time","values":{"min":1.006481,"med":7.123603,"max":1438.916566,"p(90)":10.91650900000001,"p(95)":12.816318399999998,"avg":8.2075862315223}},"http_req_blocked":{"values":{"avg":0.0029153922453721923,"min":0.000883,"med":0.002047,"max":6.935691,"p(90)":0.0029,"p(95)":0.003613},"type":"trend","contains":"time"},"iteration_duration":{"values":{"p(95)":13.077818799999998,"avg":8.416992318351275,"min":1.149494,"med":7.319849,"max":1439.090037,"p(90)":11.150730200000003},"type":"trend","contains":"time"},"iterations":{"type":"counter","contains":"default","values":{"count":357335,"rate":5926.24303633583}},"checks":{"type":"rate","contains":"default","values":{"fails":0,"rate":1,"passes":357335}},"http_req_sending":{"contains":"time","values":{"p(95)":0.025130299999999987,"avg":0.01797917004211717,"min":0.006184,"med":0.012353,"max":11.291133,"p(90)":0.018472},"type":"trend"},"http_reqs":{"type":"counter","contains":"default","values":{"count":357335,"rate":5926.24303633583}},"vus_max":{"contains":"default","values":{"value":50,"min":50,"max":50},"type":"gauge"},"http_req_duration":{"type":"trend","contains":"time","values":{"max":1438.969927,"p(90)":10.989181000000004,"p(95)":12.903534599999999,"avg":8.269776708632,"min":1.056463,"med":7.179276}},"http_req_connecting":{"type":"trend","contains":"time","values":{"avg":0.00004814856087424966,"min":0,"med":0,"max":3.067617,"p(90)":0,"p(95)":0}},"http_req_duration{expected_response:true}":{"type":"trend","contains":"time","values":{"med":7.179276,"max":1438.969927,"p(90)":10.989181000000004,"p(95)":12.903534599999999,"avg":8.269776708632,"min":1.056463}},"http_req_tls_handshaking":{"values":{"avg":0,"min":0,"med":0,"max":0,"p(90)":0,"p(95)":0},"type":"trend","contains":"time"},"vus":{"type":"gauge","contains":"default","values":{"value":50,"min":50,"max":50}},"http_req_receiving":{"contains":"time","values":{"avg":0.04421130706759849,"min":0.010891,"med":0.026559,"max":14.42286,"p(90)":0.048510600000000036,"p(95)":0.08661489999999997},"type":"trend"},"http_req_failed":{"type":"rate","contains":"default","values":{"rate":0,"passes":0,"fails":357335}},"data_sent":{"contains":"data","values":{"rate":1262289.766739532,"count":76112355},"type":"counter"},"data_received":{"values":{"count":142219330,"rate":2358644.7284616604},"type":"counter","contains":"data"}},"metadata":{"type":"GRPC","testConfig":{"id":"14db1832-359c-4226-a0e5-59ee9399888a","name":"create-card","vus":50,"duration":"1m","executedAt":"2022-08-10T23:02:25.217Z"}}}