{"state":{"isStdOutTTY":true,"isStdErrTTY":true,"testRunDurationMs":60001.739072},"metrics":{"iterations":{"contains":"default","values":{"count":54262,"rate":904.3404547806105},"type":"counter"},"http_reqs":{"type":"counter","contains":"default","values":{"count":54262,"rate":904.3404547806105}},"http_req_waiting":{"contains":"time","values":{"p(90)":1.2359010000000001,"p(95)":1.3907877999999998,"avg":0.9955921264605028,"min":0.758683,"med":0.8992545000000001,"max":68.783756},"type":"trend"},"http_req_duration":{"type":"trend","contains":"time","values":{"min":0.794824,"med":0.9316845,"max":68.831216,"p(90)":1.2730855,"p(95)":1.42790695,"avg":1.0291659873576373}},"vus_max":{"type":"gauge","contains":"default","values":{"min":1,"max":1,"value":1}},"http_req_tls_handshaking":{"values":{"avg":0,"min":0,"med":0,"max":0,"p(90)":0,"p(95)":0},"type":"trend","contains":"time"},"data_received":{"type":"counter","contains":"data","values":{"count":21542014,"rate":359023.16054790234}},"vus":{"values":{"min":1,"max":1,"value":1},"type":"gauge","contains":"default"},"http_req_failed":{"type":"rate","contains":"default","values":{"rate":0,"passes":0,"fails":54262}},"data_sent":{"type":"counter","contains":"data","values":{"count":11557806,"rate":192624.51686827}},"http_req_sending":{"type":"trend","contains":"time","values":{"min":0.006118,"med":0.009822,"max":2.084414,"p(90)":0.012713,"p(95)":0.013500949999999998,"avg":0.009860504091260977}},"checks":{"type":"rate","contains":"default","values":{"passes":54262,"fails":0,"rate":1}},"http_req_blocked":{"type":"trend","contains":"time","values":{"min":0.000928,"med":0.0013325,"max":0.185311,"p(90)":0.001795,"p(95)":0.002002,"avg":0.0014427351737864374}},"http_req_receiving":{"type":"trend","contains":"time","values":{"p(90)":0.029948,"p(95)":0.03373484999999999,"avg":0.023713356805867756,"min":0.014416,"med":0.021907,"max":0.315119}},"http_req_duration{expected_response:true}":{"type":"trend","contains":"time","values":{"avg":1.0291659873576373,"min":0.794824,"med":0.9316845,"max":68.831216,"p(90)":1.2730855,"p(95)":1.42790695}},"http_req_connecting":{"values":{"avg":0.0000019004091260919244,"min":0,"med":0,"max":0.10312,"p(90)":0,"p(95)":0},"type":"trend","contains":"time"},"iteration_duration":{"type":"trend","contains":"time","values":{"med":1.0011619999999999,"max":68.923384,"p(90)":1.3515956000000002,"p(95)":1.5058826999999997,"avg":1.1007141565736631,"min":0.857309}}},"metadata":{"type":"REST","testConfig":{"id":"8244654e-51ff-481d-bd43-bbc86715a505","name":"create-card","vus":1,"duration":"1m","executedAt":"2022-08-10T21:36:15.962Z"}},"root_group":{"path":"","id":"d41d8cd98f00b204e9800998ecf8427e","groups":[],"checks":[{"passes":54262,"fails":0,"name":"is status 201","path":"::is status 201","id":"d8b97380f72868aef5b0eadc0ce32c21"}],"name":""},"options":{"summaryTrendStats":["avg","min","med","max","p(90)","p(95)"],"summaryTimeUnit":"","noColor":false}}