{"state":{"isStdOutTTY":true,"isStdErrTTY":true,"testRunDurationMs":60011.43793},"metrics":{"data_sent":{"values":{"count":42837623,"rate":713824.3054593643},"type":"counter","contains":"data"},"http_req_receiving":{"type":"trend","contains":"time","values":{"min":0.012589,"med":0.035329,"max":7.55751,"p(90)":0.0628564,"p(95)":0.08879759999999998,"avg":0.04572143660744004}},"vus":{"type":"gauge","contains":"default","values":{"value":10,"min":10,"max":10}},"http_req_duration":{"values":{"avg":5.2207273219552865,"min":2.394449,"med":4.668254,"max":434.55823,"p(90)":6.761513400000002,"p(95)":7.870464399999998},"type":"trend","contains":"time"},"data_received":{"contains":"data","values":{"count":38609699,"rate":643372.3358709728},"type":"counter"},"vus_max":{"type":"gauge","contains":"default","values":{"min":10,"max":10,"value":10}},"http_req_connecting":{"type":"trend","contains":"time","values":{"p(95)":0,"avg":0.000015884440130496914,"min":0,"med":0,"max":0.24842,"p(90)":0}},"checks":{"type":"rate","contains":"default","values":{"fails":0,"rate":1,"passes":111266}},"http_req_waiting":{"type":"trend","contains":"time","values":{"avg":5.156213940503556,"min":2.348687,"med":4.60552,"max":434.479964,"p(90)":6.695062000000002,"p(95)":7.7954418}},"iterations":{"values":{"count":111266,"rate":1854.0798860674793},"type":"counter","contains":"default"},"http_req_tls_handshaking":{"values":{"p(95)":0,"avg":0,"min":0,"med":0,"max":0,"p(90)":0},"type":"trend","contains":"time"},"http_req_sending":{"type":"trend","contains":"time","values":{"p(95)":0.025930399999999992,"avg":0.018791944844383315,"min":0.006112,"med":0.014708,"max":8.704294,"p(90)":0.022341}},"http_reqs":{"type":"counter","contains":"default","values":{"count":111267,"rate":1854.0965495575488}},"http_req_blocked":{"type":"trend","contains":"time","values":{"p(90)":0.003346,"p(95)":0.003875,"avg":0.0028622591783727695,"min":0.000851,"med":0.00233,"max":3.788727}},"http_req_failed":{"type":"rate","contains":"default","values":{"rate":0,"passes":0,"fails":111267}},"http_req_duration{expected_response:true}":{"type":"trend","contains":"time","values":{"avg":5.2207273219552865,"min":2.394449,"med":4.668254,"max":434.55823,"p(90)":6.761513400000002,"p(95)":7.870464399999998}},"iteration_duration":{"type":"trend","contains":"time","values":{"avg":5.381354630519356,"min":2.514673,"med":4.824244,"max":434.698606,"p(90)":6.929769600000001,"p(95)":8.058608699999999}}},"setup_data":{"card":{"masked_number":"3443*******6592","token":"62f2ee1cd1e94a09bcf5f75198ce3a4bb2cfc59156c042b6a64b8386c51eadf5","active":true,"cardholder_name":"Vinicius Barbosa","id":"a7538c3f-481d-48e1-ada6-f12bc8ca2c2c","is_credit":true,"expiration_month":8,"expiration_year":2027,"is_debit":true}},"metadata":{"type":"REST","testConfig":{"id":"8ad8795d-8995-4bc5-b526-1914eddaf994","name":"create-card-payment","vus":10,"duration":"1m","executedAt":"2022-08-10T22:04:47.275Z"}},"root_group":{"name":"","path":"","id":"d41d8cd98f00b204e9800998ecf8427e","groups":[{"name":"setup","path":"::setup","id":"5c0f8025f7e0b6654089e5b00e950f1a","groups":[],"checks":[]}],"checks":[{"fails":0,"name":"is status 201","path":"::is status 201","id":"d8b97380f72868aef5b0eadc0ce32c21","passes":111266}]},"options":{"summaryTrendStats":["avg","min","med","max","p(90)","p(95)"],"summaryTimeUnit":"","noColor":false}}