{"options":{"summaryTrendStats":["avg","min","med","max","p(90)","p(95)"],"summaryTimeUnit":"","noColor":false},"state":{"isStdErrTTY":true,"testRunDurationMs":60007.226396,"isStdOutTTY":true},"metrics":{"http_req_duration":{"values":{"min":1.118397,"med":5.385771,"max":388.412504,"p(90)":10.8776884,"p(95)":13.144650799999997,"avg":6.4963639173416095},"type":"trend","contains":"time"},"vus_max":{"type":"gauge","contains":"default","values":{"value":25,"min":25,"max":25}},"http_req_duration{expected_response:true}":{"type":"trend","contains":"time","values":{"med":5.385771,"max":388.412504,"p(90)":10.8776884,"p(95)":13.144650799999997,"avg":6.4963639173416095,"min":1.118397}},"http_reqs":{"contains":"default","values":{"count":225313,"rate":3754.764443087459},"type":"counter"},"http_req_waiting":{"type":"trend","contains":"time","values":{"min":1.065812,"med":5.324941,"max":388.373898,"p(90)":10.803160400000007,"p(95)":13.069474999999999,"avg":6.433670951143471}},"http_req_sending":{"type":"trend","contains":"time","values":{"min":0.006271,"med":0.013436,"max":10.388792,"p(90)":0.020706,"p(95)":0.027111399999999994,"avg":0.018701935818173185}},"http_req_receiving":{"type":"trend","contains":"time","values":{"p(90)":0.05289880000000011,"p(95)":0.08429499999999991,"avg":0.04399103037996077,"min":0.012148,"med":0.029318,"max":10.833942}},"data_received":{"type":"counter","contains":"data","values":{"count":89449261,"rate":1490641.4839057212}},"http_req_failed":{"type":"rate","contains":"default","values":{"rate":0,"passes":0,"fails":225313}},"http_req_blocked":{"type":"trend","contains":"time","values":{"p(90)":0.0030888000000000174,"p(95)":0.003835,"avg":0.003053005854078638,"min":0.000878,"med":0.002252,"max":1.746658}},"checks":{"type":"rate","contains":"default","values":{"rate":1,"passes":225313,"fails":0}},"iteration_duration":{"type":"trend","contains":"time","values":{"med":5.535139,"max":388.512816,"p(90)":11.0437168,"p(95)":13.310314199999997,"avg":6.646397573247021,"min":1.218176}},"data_sent":{"type":"counter","contains":"data","values":{"count":47991669,"rate":799764.8263776287}},"iterations":{"type":"counter","contains":"default","values":{"count":225313,"rate":3754.764443087459}},"vus":{"contains":"default","values":{"value":25,"min":25,"max":25},"type":"gauge"},"http_req_connecting":{"type":"trend","contains":"time","values":{"p(90)":0,"p(95)":0,"avg":0.00002552757719261649,"min":0,"med":0,"max":0.599309}},"http_req_tls_handshaking":{"type":"trend","contains":"time","values":{"min":0,"med":0,"max":0,"p(90)":0,"p(95)":0,"avg":0}}},"metadata":{"type":"REST","testConfig":{"id":"f31c8249-3080-4a20-9c51-1a8d4fd982c8","name":"create-card","vus":25,"duration":"1m","executedAt":"2022-08-10T21:46:26.849Z"}},"root_group":{"name":"","path":"","id":"d41d8cd98f00b204e9800998ecf8427e","groups":[],"checks":[{"name":"is status 201","path":"::is status 201","id":"d8b97380f72868aef5b0eadc0ce32c21","passes":225313,"fails":0}]}}