{"state":{"isStdOutTTY":true,"isStdErrTTY":true,"testRunDurationMs":60001.117608},"metrics":{"iterations":{"type":"counter","contains":"default","values":{"count":53398,"rate":889.950089744335}},"http_req_duration{expected_response:true}":{"type":"trend","contains":"time","values":{"p(95)":1.2710932499999998,"avg":1.0485284584441268,"min":0.642908,"med":0.9187215,"max":78.004168,"p(90)":1.1360940000000004}},"vus_max":{"values":{"value":1,"min":1,"max":1},"type":"gauge","contains":"default"},"http_reqs":{"values":{"count":53398,"rate":889.950089744335},"type":"counter","contains":"default"},"http_req_connecting":{"type":"trend","contains":"time","values":{"max":0.07201,"p(90)":0,"p(95)":0,"avg":0.0000013485523802389604,"min":0,"med":0}},"http_req_tls_handshaking":{"type":"trend","contains":"time","values":{"p(95)":0,"avg":0,"min":0,"med":0,"max":0,"p(90)":0}},"data_sent":{"type":"counter","contains":"data","values":{"count":11373774,"rate":189559.36911554335}},"iteration_duration":{"values":{"avg":1.1184871095359397,"min":0.699852,"med":0.98681,"max":78.094434,"p(90)":1.2103161,"p(95)":1.3468443999999997},"type":"trend","contains":"time"},"http_req_blocked":{"type":"trend","contains":"time","values":{"avg":0.0013890575115172868,"min":0.000921,"med":0.001292,"max":0.150388,"p(90)":0.001717,"p(95)":0.001931}},"checks":{"values":{"rate":1,"passes":53398,"fails":0},"type":"rate","contains":"default"},"vus":{"type":"gauge","contains":"default","values":{"min":1,"max":1,"value":1}},"http_req_waiting":{"type":"trend","contains":"time","values":{"avg":1.0147951196861298,"min":0.614187,"med":0.8860095,"max":77.952841,"p(90)":1.0993783,"p(95)":1.2336241999999986}},"http_req_receiving":{"type":"trend","contains":"time","values":{"med":0.022599,"max":1.056259,"p(90)":0.030415,"p(95)":0.03428044999999998,"avg":0.024257318832165992,"min":0.01384}},"data_received":{"values":{"count":21252404,"rate":354200.13571824535},"type":"counter","contains":"data"},"http_req_sending":{"type":"trend","contains":"time","values":{"avg":0.009476019925839893,"min":0.00557,"med":0.008728,"max":0.223394,"p(90)":0.012404,"p(95)":0.013273}},"http_req_failed":{"type":"rate","contains":"default","values":{"rate":0,"passes":0,"fails":53398}},"http_req_duration":{"type":"trend","contains":"time","values":{"avg":1.0485284584441268,"min":0.642908,"med":0.9187215,"max":78.004168,"p(90)":1.1360940000000004,"p(95)":1.2710932499999998}}},"metadata":{"type":"GRPC","testConfig":{"duration":"1m","executedAt":"2022-08-10T22:49:10.393Z","id":"8244654e-51ff-481d-bd43-bbc86715a505","name":"create-card","vus":1}},"root_group":{"checks":[{"path":"::is status 201","id":"d8b97380f72868aef5b0eadc0ce32c21","passes":53398,"fails":0,"name":"is status 201"}],"name":"","path":"","id":"d41d8cd98f00b204e9800998ecf8427e","groups":[]},"options":{"summaryTrendStats":["avg","min","med","max","p(90)","p(95)"],"summaryTimeUnit":"","noColor":false}}