{"metrics":{"iterations":{"type":"counter","contains":"default","values":{"count":226512,"rate":3774.173613422927}},"http_req_duration":{"type":"trend","contains":"time","values":{"avg":13.076109366885717,"min":1.23373,"med":11.098925999999999,"max":789.811763,"p(90)":20.889609399999998,"p(95)":24.186364149999996}},"checks":{"type":"rate","contains":"default","values":{"rate":1,"passes":226512,"fails":0}},"http_req_blocked":{"contains":"time","values":{"p(95)":0.003857,"avg":0.0033718876086035617,"min":0.000891,"med":0.002259,"max":12.903992,"p(90)":0.003135},"type":"trend"},"http_req_waiting":{"type":"trend","contains":"time","values":{"p(95)":24.096032449999992,"avg":13.007618067621017,"min":1.194806,"med":11.035039000000001,"max":789.743502,"p(90)":20.8082953}},"http_reqs":{"type":"counter","contains":"default","values":{"count":226512,"rate":3774.173613422927}},"http_req_sending":{"contains":"time","values":{"p(95)":0.02873444999999998,"avg":0.020830549820760564,"min":0.00595,"med":0.013383,"max":23.911831,"p(90)":0.020854899999999992},"type":"trend"},"vus":{"contains":"default","values":{"value":50,"min":50,"max":50},"type":"gauge"},"http_req_connecting":{"values":{"med":0,"max":2.623984,"p(90)":0,"p(95)":0,"avg":0.00010972890619481528,"min":0},"type":"trend","contains":"time"},"data_received":{"values":{"count":89925264,"rate":1498346.924528902},"type":"counter","contains":"data"},"http_req_duration{expected_response:true}":{"type":"trend","contains":"time","values":{"avg":13.076109366885717,"min":1.23373,"med":11.098925999999999,"max":789.811763,"p(90)":20.889609399999998,"p(95)":24.186364149999996}},"iteration_duration":{"type":"trend","contains":"time","values":{"max":789.996124,"p(90)":21.0558469,"p(95)":24.361628849999995,"avg":13.234290997748248,"min":1.334596,"med":11.257726}},"http_req_receiving":{"type":"trend","contains":"time","values":{"p(95)":0.09327279999999993,"avg":0.04766074944373794,"min":0.011228,"med":0.028501,"max":18.537593,"p(90)":0.05351069999999999}},"http_req_failed":{"type":"rate","contains":"default","values":{"rate":0,"passes":0,"fails":226512}},"http_req_tls_handshaking":{"type":"trend","contains":"time","values":{"max":0,"p(90)":0,"p(95)":0,"avg":0,"min":0,"med":0}},"data_sent":{"type":"counter","contains":"data","values":{"count":48247056,"rate":803898.9796590834}},"vus_max":{"contains":"default","values":{"value":50,"min":50,"max":50},"type":"gauge"}},"metadata":{"testConfig":{"id":"14db1832-359c-4226-a0e5-59ee9399888a","name":"create-card","vus":50,"duration":"1m","executedAt":"2022-08-10T21:51:32.768Z"},"type":"REST"},"root_group":{"id":"d41d8cd98f00b204e9800998ecf8427e","groups":[],"checks":[{"fails":0,"name":"is status 201","path":"::is status 201","id":"d8b97380f72868aef5b0eadc0ce32c21","passes":226512}],"name":"","path":""},"options":{"summaryTrendStats":["avg","min","med","max","p(90)","p(95)"],"summaryTimeUnit":"","noColor":false},"state":{"isStdErrTTY":true,"testRunDurationMs":60016.317001,"isStdOutTTY":true}}