{"state":{"isStdOutTTY":true,"isStdErrTTY":true,"testRunDurationMs":60003.764695},"metrics":{"iterations":{"type":"counter","contains":"default","values":{"count":183710,"rate":3061.6412309094367}},"http_req_sending":{"type":"trend","contains":"time","values":{"avg":0.01582819729464906,"min":0.005934,"med":0.013242,"max":7.306886,"p(90)":0.01993,"p(95)":0.023385549999999988}},"http_req_receiving":{"contains":"time","values":{"avg":0.03797744949648869,"min":0.010963,"med":0.03045,"max":9.798788,"p(90)":0.0492191,"p(95)":0.06531954999999999},"type":"trend"},"data_sent":{"type":"counter","contains":"data","values":{"count":39130230,"rate":652129.58218371}},"http_reqs":{"type":"counter","contains":"default","values":{"rate":3061.6412309094367,"count":183710}},"http_req_duration{expected_response:true}":{"type":"trend","contains":"time","values":{"max":416.277719,"p(90)":4.073418,"p(95)":7.699890099999994,"avg":3.1283100733385028,"min":1.012344,"med":2.252992}},"http_req_blocked":{"type":"trend","contains":"time","values":{"min":0.000834,"med":0.002203,"max":0.952703,"p(90)":0.002993,"p(95)":0.0036005499999999884,"avg":0.002546271716291923}},"checks":{"values":{"passes":183710,"fails":0,"rate":1},"type":"rate","contains":"default"},"iteration_duration":{"type":"trend","contains":"time","values":{"p(90)":4.2237696000000025,"p(95)":7.860967049999983,"avg":3.2561645198410516,"min":1.109656,"med":2.3772235000000004,"max":416.375716}},"http_req_duration":{"contains":"time","values":{"avg":3.1283100733385028,"min":1.012344,"med":2.252992,"max":416.277719,"p(90)":4.073418,"p(95)":7.699890099999994},"type":"trend"},"http_req_waiting":{"type":"trend","contains":"time","values":{"avg":3.0745044265472403,"min":0.985426,"med":2.200361,"max":416.240564,"p(90)":4.0086113,"p(95)":7.620672199999998}},"data_received":{"type":"counter","contains":"data","values":{"count":72932870,"rate":1215471.5686710463}},"http_req_failed":{"type":"rate","contains":"default","values":{"rate":0,"passes":0,"fails":183710}},"http_req_tls_handshaking":{"type":"trend","contains":"time","values":{"p(95)":0,"avg":0,"min":0,"med":0,"max":0,"p(90)":0}},"http_req_connecting":{"type":"trend","contains":"time","values":{"max":0.121204,"p(90)":0,"p(95)":0,"avg":0.000004140313537640848,"min":0,"med":0}},"vus":{"contains":"default","values":{"value":10,"min":10,"max":10},"type":"gauge"},"vus_max":{"type":"gauge","contains":"default","values":{"value":10,"min":10,"max":10}}},"metadata":{"type":"REST","testConfig":{"id":"dfce9f52-4c55-4845-bbc2-5ec8279ccf6e","name":"create-card","vus":10,"duration":"1m","executedAt":"2022-08-10T21:39:19.582Z"}},"root_group":{"name":"","path":"","id":"d41d8cd98f00b204e9800998ecf8427e","groups":[],"checks":[{"passes":183710,"fails":0,"name":"is status 201","path":"::is status 201","id":"d8b97380f72868aef5b0eadc0ce32c21"}]},"options":{"summaryTrendStats":["avg","min","med","max","p(90)","p(95)"],"summaryTimeUnit":"","noColor":false}}