{"options":{"summaryTimeUnit":"","noColor":false,"summaryTrendStats":["avg","min","med","max","p(90)","p(95)"]},"state":{"isStdOutTTY":true,"isStdErrTTY":true,"testRunDurationMs":60019.334454},"metrics":{"http_req_failed":{"contains":"default","values":{"rate":0,"passes":0,"fails":149557},"type":"rate"},"http_reqs":{"type":"counter","contains":"default","values":{"count":149557,"rate":2491.8137023765803}},"http_req_duration":{"type":"trend","contains":"time","values":{"min":2.291864,"med":19.027214,"max":618.284955,"p(90)":24.629160799999998,"p(95)":28.81784859999996,"avg":19.896227990739227}},"iteration_duration":{"type":"trend","contains":"time","values":{"avg":20.050498292343235,"min":2.438631,"med":19.178973,"max":618.446343,"p(90)":24.810069199999997,"p(95)":29.00655199999999}},"checks":{"values":{"rate":1,"passes":149556,"fails":0},"type":"rate","contains":"default"},"iterations":{"type":"counter","contains":"default","values":{"count":149556,"rate":2491.7970410788653}},"http_req_blocked":{"type":"trend","contains":"time","values":{"avg":0.003133082176026536,"min":0.000955,"med":0.00229,"max":14.366384,"p(90)":0.003168,"p(95)":0.00375}},"data_sent":{"values":{"count":57579273,"rate":959345.4096717765},"type":"counter","contains":"data"},"http_req_receiving":{"type":"trend","contains":"time","values":{"avg":0.044168731814625085,"min":0.012138,"med":0.031694,"max":15.036333,"p(90)":0.0518384,"p(95)":0.06405119999999997}},"data_received":{"type":"counter","contains":"data","values":{"count":52045886,"rate":867152.0014919357}},"vus":{"type":"gauge","contains":"default","values":{"max":50,"value":50,"min":50}},"http_req_tls_handshaking":{"type":"trend","contains":"time","values":{"med":0,"max":0,"p(90)":0,"p(95)":0,"avg":0,"min":0}},"vus_max":{"type":"gauge","contains":"default","values":{"value":50,"min":50,"max":50}},"http_req_duration{expected_response:true}":{"type":"trend","contains":"time","values":{"avg":19.896227990739227,"min":2.291864,"med":19.027214,"max":618.284955,"p(90)":24.629160799999998,"p(95)":28.81784859999996}},"http_req_sending":{"type":"trend","contains":"time","values":{"p(90)":0.020653,"p(95)":0.024135,"avg":0.018138440975681895,"min":0.006441,"med":0.014081,"max":15.467926}},"http_req_waiting":{"values":{"avg":19.833920817948897,"min":2.244105,"med":18.967153,"max":618.196258,"p(90)":24.551192999999994,"p(95)":28.738560599999992},"type":"trend","contains":"time"},"http_req_connecting":{"values":{"avg":0.000208118289347874,"min":0,"med":0,"max":1.526529,"p(90)":0,"p(95)":0},"type":"trend","contains":"time"}},"setup_data":{"card":{"active":true,"expiration_month":8,"token":"4c4feb2b11964fb0a547da2b9b9b3f8901cb5159adfa420198586e342c4d1b5f","is_debit":true,"masked_number":"6011********0847","cardholder_name":"Vinicius Barbosa","expiration_year":2027,"id":"fa57e175-de92-4405-9630-023b6c252c84","is_credit":true}},"metadata":{"type":"GRPC","testConfig":{"duration":"1m","executedAt":"2022-08-10T23:31:58.969Z","id":"c4e77cc4-0103-4abc-ac9e-da0f78901f4e","name":"create-card-payment","vus":50}},"root_group":{"name":"","path":"","id":"d41d8cd98f00b204e9800998ecf8427e","groups":[{"name":"setup","path":"::setup","id":"5c0f8025f7e0b6654089e5b00e950f1a","groups":[],"checks":[]}],"checks":[{"path":"::is status 201","id":"d8b97380f72868aef5b0eadc0ce32c21","passes":149556,"fails":0,"name":"is status 201"}]}}