{"options":{"summaryTrendStats":["avg","min","med","max","p(90)","p(95)"],"summaryTimeUnit":"","noColor":false},"state":{"isStdOutTTY":true,"isStdErrTTY":true,"testRunDurationMs":60011.664037},"metrics":{"vus":{"type":"gauge","contains":"default","values":{"max":10,"value":10,"min":10}},"iterations":{"type":"counter","contains":"default","values":{"count":110311,"rate":1838.1593273598962}},"http_req_connecting":{"type":"trend","contains":"time","values":{"avg":0.000014511766625571109,"min":0,"med":0,"max":0.25106,"p(90)":0,"p(95)":0}},"checks":{"type":"rate","contains":"default","values":{"passes":110311,"fails":0,"rate":1}},"http_req_blocked":{"type":"trend","contains":"time","values":{"max":0.766209,"p(90)":0.003355,"p(95)":0.003877,"avg":0.002851463222496128,"min":0.000895,"med":0.002314}},"http_req_receiving":{"contains":"time","values":{"max":9.85202,"p(90)":0.06322090000000001,"p(95)":0.08873739999999997,"avg":0.04658007280259584,"min":0.012687,"med":0.035549},"type":"trend"},"http_req_failed":{"type":"rate","contains":"default","values":{"fails":110312,"rate":0,"passes":0}},"http_req_duration{expected_response:true}":{"type":"trend","contains":"time","values":{"max":69.865995,"p(90)":6.886235900000002,"p(95)":8.130178849999998,"avg":5.268613019743997,"min":2.256993,"med":4.680211}},"vus_max":{"contains":"default","values":{"value":10,"min":10,"max":10},"type":"gauge"},"iteration_duration":{"type":"trend","contains":"time","values":{"avg":5.4283311652495385,"min":2.391369,"med":4.8359885,"max":70.012596,"p(90)":7.062898600000003,"p(95)":8.332833249999997}},"http_req_duration":{"type":"trend","contains":"time","values":{"p(95)":8.130178849999998,"avg":5.268613019743997,"min":2.256993,"med":4.680211,"max":69.865995,"p(90)":6.886235900000002}},"http_req_tls_handshaking":{"contains":"time","values":{"avg":0,"min":0,"med":0,"max":0,"p(90)":0,"p(95)":0},"type":"trend"},"http_reqs":{"values":{"rate":1838.1759907871824,"count":110312},"type":"counter","contains":"default"},"data_received":{"values":{"rate":637847.9019745166,"count":38278314},"type":"counter","contains":"data"},"http_req_sending":{"type":"trend","contains":"time","values":{"avg":0.018568533187685792,"min":0.006291,"med":0.014644,"max":8.155288,"p(90)":0.02229690000000001,"p(95)":0.025889}},"http_req_waiting":{"type":"trend","contains":"time","values":{"avg":5.203464413753676,"min":2.208629,"med":4.618368,"max":69.81175,"p(90)":6.814325400000002,"p(95)":8.048551399999997}},"data_sent":{"type":"counter","contains":"data","values":{"count":42469948,"rate":707694.890343572}}},"setup_data":{"card":{"expiration_month":8,"is_credit":true,"is_debit":true,"masked_number":"3420*******5501","token":"9f084bc7eb5d4e4abfb122eea90f78668fbd87cebd2848869bfccca3e2eca6dc","active":true,"cardholder_name":"Vinicius Barbosa","expiration_year":2027,"id":"45f48588-f7d4-4704-bb48-669ebbd667b6"}},"metadata":{"type":"REST","testConfig":{"id":"8ad8795d-8995-4bc5-b526-1914eddaf994","name":"create-card-payment","vus":10,"duration":"1m","executedAt":"2022-08-10T22:05:48.206Z"}},"root_group":{"path":"","id":"d41d8cd98f00b204e9800998ecf8427e","groups":[{"name":"setup","path":"::setup","id":"5c0f8025f7e0b6654089e5b00e950f1a","groups":[],"checks":[]}],"checks":[{"id":"d8b97380f72868aef5b0eadc0ce32c21","passes":110311,"fails":0,"name":"is status 201","path":"::is status 201"}],"name":""}}