{"options":{"summaryTrendStats":["avg","min","med","max","p(90)","p(95)"],"summaryTimeUnit":"","noColor":false},"state":{"isStdOutTTY":true,"isStdErrTTY":true,"testRunDurationMs":60002.437268},"metrics":{"http_req_tls_handshaking":{"type":"trend","contains":"time","values":{"min":0,"med":0,"max":0,"p(90)":0,"p(95)":0,"avg":0}},"http_req_duration{expected_response:true}":{"type":"trend","contains":"time","values":{"max":835.98861,"p(90)":5.465204000000001,"p(95)":14.788540000000003,"avg":3.7456130989275507,"min":0.934396,"med":2.250767}},"iteration_duration":{"type":"trend","contains":"time","values":{"avg":3.8689000904854485,"min":1.0059,"med":2.372234,"max":836.155027,"p(90)":5.629645800000003,"p(95)":14.8918107}},"data_received":{"type":"counter","contains":"data","values":{"count":61415503,"rate":1023550.1389000011}},"http_reqs":{"type":"counter","contains":"default","values":{"count":154699,"rate":2578.2119367758214}},"data_sent":{"type":"counter","contains":"data","values":{"count":32950887,"rate":549159.1425332499}},"vus_max":{"contains":"default","values":{"min":10,"max":10,"value":10},"type":"gauge"},"http_req_connecting":{"type":"trend","contains":"time","values":{"avg":0.000007163297758873683,"min":0,"med":0,"max":0.217437,"p(90)":0,"p(95)":0}},"http_req_sending":{"type":"trend","contains":"time","values":{"med":0.013038,"max":5.851467,"p(90)":0.019632,"p(95)":0.023153100000000006,"avg":0.015388942132786706,"min":0.00576}},"http_req_failed":{"values":{"rate":0,"passes":0,"fails":154699},"type":"rate","contains":"default"},"checks":{"values":{"rate":1,"passes":154699,"fails":0},"type":"rate","contains":"default"},"http_req_blocked":{"contains":"time","values":{"avg":0.002477079198960526,"min":0.000835,"med":0.002119,"max":5.798293,"p(90)":0.002869,"p(95)":0.003466100000000006},"type":"trend"},"vus":{"type":"gauge","contains":"default","values":{"value":10,"min":10,"max":10}},"http_req_waiting":{"values":{"min":0.906742,"med":2.199746,"max":835.928678,"p(90)":5.39934540000001,"p(95)":14.736788300000006,"avg":3.693586964291913},"type":"trend","contains":"time"},"http_req_receiving":{"type":"trend","contains":"time","values":{"min":0.011579,"med":0.029721,"max":6.030681,"p(90)":0.04783820000000001,"p(95)":0.061525200000000016,"avg":0.036637192502861016}},"iterations":{"type":"counter","contains":"default","values":{"count":154699,"rate":2578.2119367758214}},"http_req_duration":{"contains":"time","values":{"avg":3.7456130989275507,"min":0.934396,"med":2.250767,"max":835.98861,"p(90)":5.465204000000001,"p(95)":14.788540000000003},"type":"trend"}},"metadata":{"type":"REST","testConfig":{"id":"dfce9f52-4c55-4845-bbc2-5ec8279ccf6e","name":"create-card","vus":10,"duration":"1m","executedAt":"2022-08-10T21:40:20.508Z"}},"root_group":{"checks":[{"fails":0,"name":"is status 201","path":"::is status 201","id":"d8b97380f72868aef5b0eadc0ce32c21","passes":154699}],"name":"","path":"","id":"d41d8cd98f00b204e9800998ecf8427e","groups":[]}}