{"state":{"testRunDurationMs":60008.831153,"isStdOutTTY":true,"isStdErrTTY":true},"metrics":{"data_received":{"type":"counter","contains":"data","values":{"count":90929674,"rate":1515271.540086549}},"http_req_blocked":{"type":"trend","contains":"time","values":{"avg":0.003222326359357784,"min":0.000902,"med":0.002265,"max":4.195219,"p(90)":0.003146,"p(95)":0.003844}},"data_sent":{"type":"counter","contains":"data","values":{"count":48785946,"rate":812979.4409028589}},"http_req_receiving":{"type":"trend","contains":"time","values":{"avg":0.048339509338898634,"min":0.011474,"med":0.028646,"max":17.583105,"p(90)":0.053499899999999996,"p(95)":0.09145094999999999}},"http_req_duration":{"contains":"time","values":{"med":11.064833499999999,"max":1242.82164,"p(90)":20.7784431,"p(95)":23.9707339,"avg":12.92784556277033,"min":1.315211},"type":"trend"},"http_req_connecting":{"type":"trend","contains":"time","values":{"max":1.290756,"p(90)":0,"p(95)":0,"avg":0.00006605735192672087,"min":0,"med":0}},"http_req_tls_handshaking":{"type":"trend","contains":"time","values":{"p(90)":0,"p(95)":0,"avg":0,"min":0,"med":0,"max":0}},"vus_max":{"type":"gauge","contains":"default","values":{"value":50,"min":50,"max":50}},"http_req_duration{expected_response:true}":{"type":"trend","contains":"time","values":{"min":1.315211,"med":11.064833499999999,"max":1242.82164,"p(90)":20.7784431,"p(95)":23.9707339,"avg":12.92784556277033}},"http_req_failed":{"contains":"default","values":{"rate":0,"passes":0,"fails":229042},"type":"rate"},"http_req_waiting":{"type":"trend","contains":"time","values":{"p(90)":20.699486999999998,"p(95)":23.896876649999996,"avg":12.85968394007675,"min":1.263424,"med":10.997074,"max":1242.783225}},"checks":{"values":{"rate":1,"passes":229042,"fails":0},"type":"rate","contains":"default"},"vus":{"type":"gauge","contains":"default","values":{"value":50,"min":50,"max":50}},"iterations":{"type":"counter","contains":"default","values":{"count":229042,"rate":3816.804886867882}},"http_reqs":{"type":"counter","contains":"default","values":{"count":229042,"rate":3816.804886867882}},"iteration_duration":{"type":"trend","contains":"time","values":{"p(95)":24.13885434999998,"avg":13.085581009430266,"min":1.437737,"med":11.222511,"max":1242.936319,"p(90)":20.949261}},"http_req_sending":{"type":"trend","contains":"time","values":{"med":0.01341,"max":16.202437,"p(90)":0.020778,"p(95)":0.028213,"avg":0.01982211335475559,"min":0.006043}}},"metadata":{"type":"REST","testConfig":{"duration":"1m","executedAt":"2022-08-10T21:52:33.709Z","id":"14db1832-359c-4226-a0e5-59ee9399888a","name":"create-card","vus":50}},"root_group":{"groups":[],"checks":[{"id":"d8b97380f72868aef5b0eadc0ce32c21","passes":229042,"fails":0,"name":"is status 201","path":"::is status 201"}],"name":"","path":"","id":"d41d8cd98f00b204e9800998ecf8427e"},"options":{"summaryTrendStats":["avg","min","med","max","p(90)","p(95)"],"summaryTimeUnit":"","noColor":false}}