{"state":{"isStdOutTTY":true,"isStdErrTTY":true,"testRunDurationMs":60013.408085},"metrics":{"http_req_duration{expected_response:true}":{"type":"trend","contains":"time","values":{"avg":6.826573126540707,"min":1.196134,"med":5.4085885000000005,"max":358.448744,"p(90)":11.545777999999995,"p(95)":14.420937649999987}},"vus":{"values":{"value":25,"min":25,"max":25},"type":"gauge","contains":"default"},"http_req_duration":{"type":"trend","contains":"time","values":{"min":1.196134,"med":5.4085885000000005,"max":358.448744,"p(90)":11.545777999999995,"p(95)":14.420937649999987,"avg":6.826573126540707}},"http_req_sending":{"type":"trend","contains":"time","values":{"avg":0.018285032634314833,"min":0.00635,"med":0.013404,"max":11.571787,"p(90)":0.020574,"p(95)":0.026736}},"vus_max":{"values":{"max":25,"value":25,"min":25},"type":"gauge","contains":"default"},"http_req_tls_handshaking":{"type":"trend","contains":"time","values":{"avg":0,"min":0,"med":0,"max":0,"p(90)":0,"p(95)":0}},"iteration_duration":{"contains":"time","values":{"avg":6.976526265578766,"min":1.282507,"med":5.5547125,"max":358.564375,"p(90)":11.7096957,"p(95)":14.586131899999998},"type":"trend"},"http_reqs":{"contains":"default","values":{"count":214682,"rate":3577.2339357220826},"type":"counter"},"iterations":{"type":"counter","contains":"default","values":{"count":214682,"rate":3577.2339357220826}},"checks":{"contains":"default","values":{"rate":1,"passes":214682,"fails":0},"type":"rate"},"http_req_receiving":{"type":"trend","contains":"time","values":{"p(90)":0.052668,"p(95)":0.08314454999999984,"avg":0.043790285892622294,"min":0.012396,"med":0.029184,"max":9.799983}},"http_req_failed":{"type":"rate","contains":"default","values":{"rate":0,"passes":0,"fails":214682}},"data_received":{"type":"counter","contains":"data","values":{"count":85228754,"rate":1420161.8724816667}},"http_req_blocked":{"type":"trend","contains":"time","values":{"avg":0.003106129563726858,"min":0.000866,"med":0.002259,"max":8.23819,"p(90)":0.003098,"p(95)":0.003826}},"http_req_connecting":{"values":{"med":0,"max":1.72189,"p(90)":0,"p(95)":0,"avg":0.00004334879961990294,"min":0},"type":"trend","contains":"time"},"http_req_waiting":{"type":"trend","contains":"time","values":{"min":1.13803,"med":5.3474450000000004,"max":358.394236,"p(90)":11.4684167,"p(95)":14.347386049999978,"avg":6.764497808013815}},"data_sent":{"values":{"count":45727266,"rate":761950.8283088036},"type":"counter","contains":"data"}},"metadata":{"type":"REST","testConfig":{"vus":25,"duration":"1m","executedAt":"2022-08-10T21:47:28.021Z","id":"f31c8249-3080-4a20-9c51-1a8d4fd982c8","name":"create-card"}},"root_group":{"name":"","path":"","id":"d41d8cd98f00b204e9800998ecf8427e","groups":[],"checks":[{"fails":0,"name":"is status 201","path":"::is status 201","id":"d8b97380f72868aef5b0eadc0ce32c21","passes":214682}]},"options":{"summaryTrendStats":["avg","min","med","max","p(90)","p(95)"],"summaryTimeUnit":"","noColor":false}}