{"options":{"summaryTrendStats":["avg","min","med","max","p(90)","p(95)"],"summaryTimeUnit":"","noColor":false},"state":{"isStdOutTTY":true,"isStdErrTTY":true,"testRunDurationMs":60049.949321},"metrics":{"http_req_waiting":{"type":"trend","contains":"time","values":{"avg":49.096489359110755,"min":1.332214,"med":47.823615,"max":420.966752,"p(90)":85.2135118,"p(95)":91.5458526}},"http_reqs":{"type":"counter","contains":"default","values":{"count":121667,"rate":2026.0966308168386}},"data_received":{"values":{"count":42218499,"rate":703056.3635336128},"type":"counter","contains":"data"},"http_req_duration{expected_response:true}":{"contains":"time","values":{"avg":49.164119359744014,"min":1.435484,"med":47.885278,"max":421.017093,"p(90)":85.27625900000002,"p(95)":91.60991609999999},"type":"trend"},"http_req_sending":{"type":"trend","contains":"time","values":{"min":0.006554,"med":0.014672,"max":13.233629,"p(90)":0.02159,"p(95)":0.024986,"avg":0.019830840449751974}},"http_req_duration":{"type":"trend","contains":"time","values":{"avg":49.164119359744014,"min":1.435484,"med":47.885278,"max":421.017093,"p(90)":85.27625900000002,"p(95)":91.60991609999999}},"iterations":{"contains":"default","values":{"count":121666,"rate":2026.0799780134423},"type":"counter"},"http_req_connecting":{"contains":"time","values":{"avg":0.0017916219763781471,"min":0,"med":0,"max":3.769876,"p(90)":0,"p(95)":0},"type":"trend"},"iteration_duration":{"values":{"avg":49.33032899823304,"min":2.397377,"med":48.044306,"max":421.154077,"p(90)":85.4286676,"p(95)":91.77212239999999},"type":"trend","contains":"time"},"http_req_blocked":{"type":"trend","contains":"time","values":{"med":0.002359,"max":8.084228,"p(90)":0.00338,"p(95)":0.003927,"avg":0.004889602546294362,"min":0.000926}},"checks":{"values":{"rate":1,"passes":121666,"fails":0},"type":"rate","contains":"default"},"vus":{"type":"gauge","contains":"default","values":{"value":100,"min":100,"max":100}},"http_req_tls_handshaking":{"type":"trend","contains":"time","values":{"avg":0,"min":0,"med":0,"max":0,"p(90)":0,"p(95)":0}},"http_req_failed":{"type":"rate","contains":"default","values":{"rate":0,"passes":0,"fails":121667}},"vus_max":{"values":{"min":100,"max":100,"value":100},"type":"gauge","contains":"default"},"http_req_receiving":{"contains":"time","values":{"p(95)":0.0707664,"avg":0.047799160183121886,"min":0.013211,"med":0.033818,"max":20.092812,"p(90)":0.05732120000000003},"type":"trend"},"data_sent":{"type":"counter","contains":"data","values":{"count":46841623,"rate":780044.3385822987}}},"setup_data":{"card":{"active":true,"expiration_month":8,"masked_number":"3432*******7510","cardholder_name":"Vinicius Barbosa","expiration_year":2027,"id":"9ba4d8e6-b4d0-4135-9c83-50c28aac9860","is_credit":true,"is_debit":true,"token":"e16112d211d84a629a6212ee24b27134c3b117ab88f04922843e0423f5cabbf7"}},"metadata":{"type":"REST","testConfig":{"id":"240a7dee-fed8-4fa0-b279-a79cdad6331d","name":"create-card-payment","vus":100,"duration":"1m","executedAt":"2022-08-10T22:22:05.357Z"}},"root_group":{"name":"","path":"","id":"d41d8cd98f00b204e9800998ecf8427e","groups":[{"groups":[],"checks":[],"name":"setup","path":"::setup","id":"5c0f8025f7e0b6654089e5b00e950f1a"}],"checks":[{"name":"is status 201","path":"::is status 201","id":"d8b97380f72868aef5b0eadc0ce32c21","passes":121666,"fails":0}]}}