{"metrics":{"data_sent":{"contains":"data","values":{"count":45751688,"rate":762420.7009881535},"type":"counter"},"http_req_connecting":{"type":"trend","contains":"time","values":{"avg":0.0000432755478137938,"min":0,"med":0,"max":0.427258,"p(90)":0,"p(95)":0}},"http_req_blocked":{"type":"trend","contains":"time","values":{"p(95)":0.00398125,"avg":0.003527889065602992,"min":0.000882,"med":0.002336,"max":8.437144,"p(90)":0.00338}},"vus_max":{"type":"gauge","contains":"default","values":{"value":25,"min":25,"max":25}},"http_req_failed":{"values":{"rate":0,"passes":0,"fails":118836},"type":"rate","contains":"default"},"data_received":{"values":{"count":41236142,"rate":687172.2042187173},"type":"counter","contains":"data"},"http_req_receiving":{"type":"trend","contains":"time","values":{"avg":0.051487992401292676,"min":0.012315,"med":0.0323405,"max":11.288159,"p(90)":0.0636735,"p(95)":0.1056265}},"http_req_duration{expected_response:true}":{"type":"trend","contains":"time","values":{"med":11.3815685,"max":392.027489,"p(90)":18.224702999999998,"p(95)":21.510524,"avg":12.429523059123454,"min":1.384274}},"iterations":{"type":"counter","contains":"default","values":{"count":118835,"rate":1980.3042895800306}},"iteration_duration":{"type":"trend","contains":"time","values":{"avg":12.610288704685377,"min":1.736279,"med":11.552843,"max":392.143835,"p(90)":18.421955,"p(95)":21.713862499999998}},"http_req_tls_handshaking":{"contains":"time","values":{"med":0,"max":0,"p(90)":0,"p(95)":0,"avg":0,"min":0},"type":"trend"},"checks":{"type":"rate","contains":"default","values":{"fails":0,"rate":1,"passes":118835}},"http_reqs":{"type":"counter","contains":"default","values":{"count":118836,"rate":1980.320953898536}},"http_req_waiting":{"type":"trend","contains":"time","values":{"max":391.989944,"p(90)":18.1390015,"p(95)":21.39345775,"avg":12.356388550127935,"min":1.297176,"med":11.312127}},"vus":{"type":"gauge","contains":"default","values":{"value":25,"min":25,"max":25}},"http_req_duration":{"type":"trend","contains":"time","values":{"p(90)":18.224702999999998,"p(95)":21.510524,"avg":12.429523059123454,"min":1.384274,"med":11.3815685,"max":392.027489}},"http_req_sending":{"type":"trend","contains":"time","values":{"med":0.014325,"max":13.091071,"p(90)":0.021752,"p(95)":0.02751775,"avg":0.021646516594298254,"min":0.00638}}},"setup_data":{"card":{"expiration_year":2027,"id":"2cd93c47-21ea-46e8-a1ed-d1b9b1e0ad72","is_debit":true,"token":"2212256c29b44b66ae97c99cba801adbfbf99e3bdd224c5a9f2d47eaa2deb5ae","expiration_month":8,"cardholder_name":"Vinicius Barbosa","is_credit":true,"masked_number":"3765*******0135","active":true}},"metadata":{"type":"REST","testConfig":{"id":"43631c23-72c8-4ce4-ae7d-b50cbb5e56e7","name":"create-card-payment","vus":25,"duration":"1m","executedAt":"2022-08-10T22:09:52.496Z"}},"root_group":{"id":"d41d8cd98f00b204e9800998ecf8427e","groups":[{"path":"::setup","id":"5c0f8025f7e0b6654089e5b00e950f1a","groups":[],"checks":[],"name":"setup"}],"checks":[{"passes":118835,"fails":0,"name":"is status 201","path":"::is status 201","id":"d8b97380f72868aef5b0eadc0ce32c21"}],"name":"","path":""},"options":{"summaryTrendStats":["avg","min","med","max","p(90)","p(95)"],"summaryTimeUnit":"","noColor":false},"state":{"testRunDurationMs":60008.454572,"isStdOutTTY":true,"isStdErrTTY":true}}