{"state":{"isStdOutTTY":true,"isStdErrTTY":true,"testRunDurationMs":60004.431242},"metrics":{"http_req_duration":{"values":{"avg":6.402118505889829,"min":1.140663,"med":5.355638,"max":259.743227,"p(90)":10.792430900000001,"p(95)":13.07601214999999},"type":"trend","contains":"time"},"iterations":{"type":"counter","contains":"default","values":{"count":228534,"rate":3808.618718146236}},"checks":{"type":"rate","contains":"default","values":{"rate":1,"passes":228534,"fails":0}},"data_sent":{"type":"counter","contains":"data","values":{"count":48677742,"rate":811235.7869651483}},"data_received":{"type":"counter","contains":"data","values":{"count":90727998,"rate":1512021.6311040556}},"http_req_duration{expected_response:true}":{"type":"trend","contains":"time","values":{"avg":6.402118505889829,"min":1.140663,"med":5.355638,"max":259.743227,"p(90)":10.792430900000001,"p(95)":13.07601214999999}},"vus":{"type":"gauge","contains":"default","values":{"min":25,"max":25,"value":25}},"http_req_waiting":{"type":"trend","contains":"time","values":{"p(95)":12.993616749999997,"avg":6.339164754163503,"min":1.10095,"med":5.2953145,"max":259.694978,"p(90)":10.7192343}},"vus_max":{"type":"gauge","contains":"default","values":{"value":25,"min":25,"max":25}},"http_reqs":{"contains":"default","values":{"count":228534,"rate":3808.618718146236},"type":"counter"},"http_req_failed":{"type":"rate","contains":"default","values":{"passes":0,"fails":228534,"rate":0}},"http_req_connecting":{"type":"trend","contains":"time","values":{"p(95)":0,"avg":0.000034417872176568915,"min":0,"med":0,"max":0.590495,"p(90)":0}},"http_req_sending":{"type":"trend","contains":"time","values":{"p(95)":0.026938,"avg":0.01876415335573734,"min":0.006738,"med":0.013488,"max":13.865245,"p(90)":0.020686700000000013}},"iteration_duration":{"contains":"time","values":{"avg":6.551916330042742,"min":1.216489,"med":5.504049,"max":259.85081,"p(90)":10.9544344,"p(95)":13.250044649999985},"type":"trend"},"http_req_receiving":{"type":"trend","contains":"time","values":{"min":0.0129,"med":0.02947,"max":10.628946,"p(90)":0.05316,"p(95)":0.08404974999999988,"avg":0.044189598370482974}},"http_req_blocked":{"values":{"avg":0.0030218595263724565,"min":0.000822,"med":0.002257,"max":5.291339,"p(90)":0.003105,"p(95)":0.003811},"type":"trend","contains":"time"},"http_req_tls_handshaking":{"type":"trend","contains":"time","values":{"avg":0,"min":0,"med":0,"max":0,"p(90)":0,"p(95)":0}}},"metadata":{"type":"REST","testConfig":{"duration":"1m","executedAt":"2022-08-10T21:43:23.673Z","id":"f31c8249-3080-4a20-9c51-1a8d4fd982c8","name":"create-card","vus":25}},"root_group":{"name":"","path":"","id":"d41d8cd98f00b204e9800998ecf8427e","groups":[],"checks":[{"id":"d8b97380f72868aef5b0eadc0ce32c21","passes":228534,"fails":0,"name":"is status 201","path":"::is status 201"}]},"options":{"summaryTrendStats":["avg","min","med","max","p(90)","p(95)"],"summaryTimeUnit":"","noColor":false}}