{"options":{"noColor":false,"summaryTrendStats":["avg","min","med","max","p(90)","p(95)"],"summaryTimeUnit":""},"state":{"isStdErrTTY":true,"testRunDurationMs":60001.255139,"isStdOutTTY":true},"metrics":{"http_reqs":{"type":"counter","contains":"default","values":{"count":58392,"rate":973.1796420712872}},"http_req_tls_handshaking":{"values":{"med":0,"max":0,"p(90)":0,"p(95)":0,"avg":0,"min":0},"type":"trend","contains":"time"},"data_received":{"type":"counter","contains":"data","values":{"count":23240016,"rate":387325.4975443723}},"vus_max":{"type":"gauge","contains":"default","values":{"min":1,"max":1,"value":1}},"http_req_receiving":{"type":"trend","contains":"time","values":{"p(95)":0.0337709,"avg":0.024195165707630983,"min":0.014164,"med":0.022661,"max":0.547344,"p(90)":0.030366}},"http_req_duration":{"contains":"time","values":{"avg":0.952652740632277,"min":0.636889,"med":0.9214635,"max":52.385185,"p(90)":1.1325328000000001,"p(95)":1.2607509000000001},"type":"trend"},"data_sent":{"contains":"data","values":{"count":12437496,"rate":207287.26376118415},"type":"counter"},"iterations":{"contains":"default","values":{"rate":973.1796420712872,"count":58392},"type":"counter"},"http_req_waiting":{"type":"trend","contains":"time","values":{"med":0.888769,"max":52.340898,"p(90)":1.0965285999999999,"p(95)":1.2231955499999998,"avg":0.9190019488799795,"min":0.611422}},"http_req_failed":{"type":"rate","contains":"default","values":{"rate":0,"passes":0,"fails":58392}},"iteration_duration":{"type":"trend","contains":"time","values":{"avg":1.0223671378099903,"min":0.698837,"med":0.9901120000000001,"max":52.47446,"p(90)":1.2056915,"p(95)":1.3366110500000001}},"http_req_duration{expected_response:true}":{"contains":"time","values":{"p(95)":1.2607509000000001,"avg":0.952652740632277,"min":0.636889,"med":0.9214635,"max":52.385185,"p(90)":1.1325328000000001},"type":"trend"},"http_req_connecting":{"type":"trend","contains":"time","values":{"p(95)":0,"avg":0.000001943845047266749,"min":0,"med":0,"max":0.113505,"p(90)":0}},"http_req_sending":{"type":"trend","contains":"time","values":{"avg":0.009455626044663672,"min":0.005696,"med":0.008675,"max":1.484309,"p(90)":0.012329,"p(95)":0.01319}},"vus":{"type":"gauge","contains":"default","values":{"value":1,"min":1,"max":1}},"checks":{"type":"rate","contains":"default","values":{"fails":0,"rate":1,"passes":58392}},"http_req_blocked":{"type":"trend","contains":"time","values":{"avg":0.0014027370530209653,"min":0.000901,"med":0.001298,"max":0.1898,"p(90)":0.001723,"p(95)":0.001946}}},"metadata":{"type":"GRPC","testConfig":{"id":"8244654e-51ff-481d-bd43-bbc86715a505","name":"create-card","vus":1,"duration":"1m","executedAt":"2022-08-10T22:51:12.765Z"}},"root_group":{"groups":[],"checks":[{"name":"is status 201","path":"::is status 201","id":"d8b97380f72868aef5b0eadc0ce32c21","passes":58392,"fails":0}],"name":"","path":"","id":"d41d8cd98f00b204e9800998ecf8427e"}}