{"state":{"isStdOutTTY":true,"isStdErrTTY":true,"testRunDurationMs":60009.253601},"metrics":{"data_received":{"type":"counter","contains":"data","values":{"count":10210178,"rate":170143.3926821889}},"iterations":{"type":"counter","contains":"default","values":{"count":29423,"rate":490.30771480066693}},"http_req_duration{expected_response:true}":{"type":"trend","contains":"time","values":{"avg":1.9393576369970102,"min":1.535576,"med":1.827418,"max":76.278198,"p(90)":2.2555234,"p(95)":2.40914205}},"http_reqs":{"type":"counter","contains":"default","values":{"rate":490.3243788972852,"count":29424}},"http_req_failed":{"type":"rate","contains":"default","values":{"rate":0,"passes":0,"fails":29424}},"http_req_connecting":{"values":{"min":0,"med":0,"max":0.12841,"p(90)":0,"p(95)":0,"avg":0.000006405451332245786},"type":"trend","contains":"time"},"http_req_tls_handshaking":{"type":"trend","contains":"time","values":{"med":0,"max":0,"p(90)":0,"p(95)":0,"avg":0,"min":0}},"http_req_waiting":{"type":"trend","contains":"time","values":{"avg":1.897581031029099,"min":1.498727,"med":1.7880905,"max":76.22755,"p(90)":2.2044381,"p(95)":2.3583084499999996}},"http_req_sending":{"type":"trend","contains":"time","values":{"avg":0.011940056518488317,"min":0.007444,"med":0.011921,"max":1.671919,"p(90)":0.0146957,"p(95)":0.015915699999999998}},"data_sent":{"contains":"data","values":{"count":11328068,"rate":188772.01965083645},"type":"counter"},"checks":{"type":"rate","contains":"default","values":{"rate":1,"passes":29423,"fails":0}},"http_req_receiving":{"type":"trend","contains":"time","values":{"avg":0.029836549449429053,"min":0.018723,"med":0.028033,"max":1.151922,"p(90)":0.0382047,"p(95)":0.04465885}},"http_req_duration":{"type":"trend","contains":"time","values":{"med":1.827418,"max":76.278198,"p(90)":2.2555234,"p(95)":2.40914205,"avg":1.9393576369970102,"min":1.535576}},"vus_max":{"contains":"default","values":{"value":1,"min":1,"max":1},"type":"gauge"},"iteration_duration":{"type":"trend","contains":"time","values":{"p(90)":2.3602598,"p(95)":2.51992635,"avg":2.032836433489676,"min":1.617046,"med":1.916944,"max":76.381302}},"http_req_blocked":{"contains":"time","values":{"avg":0.0016137024537792324,"min":0.00107,"med":0.001479,"max":0.305072,"p(90)":0.002031,"p(95)":0.002284849999999999},"type":"trend"},"vus":{"type":"gauge","contains":"default","values":{"value":1,"min":1,"max":1}}},"setup_data":{"card":{"active":true,"expiration_year":2027,"id":"cbff61f9-0c30-442e-a519-ef50b62c0472","is_credit":true,"token":"03c464aba262471198d41dd08b2a34d4ab686dc6255c4f71871671f9a2ea8aa2","cardholder_name":"Vinicius Barbosa","expiration_month":8,"is_debit":true,"masked_number":"3710*******8475"}},"metadata":{"type":"REST","testConfig":{"id":"dad9c90f-2411-4200-9356-eeb9588680e0","name":"create-card-payment","vus":1,"duration":"1m","executedAt":"2022-08-10T22:00:42.889Z"}},"root_group":{"name":"","path":"","id":"d41d8cd98f00b204e9800998ecf8427e","groups":[{"name":"setup","path":"::setup","id":"5c0f8025f7e0b6654089e5b00e950f1a","groups":[],"checks":[]}],"checks":[{"passes":29423,"fails":0,"name":"is status 201","path":"::is status 201","id":"d8b97380f72868aef5b0eadc0ce32c21"}]},"options":{"summaryTrendStats":["avg","min","med","max","p(90)","p(95)"],"summaryTimeUnit":"","noColor":false}}