{"metrics":{"data_received":{"type":"counter","contains":"data","values":{"count":41859354,"rate":697276.6229237396}},"http_reqs":{"type":"counter","contains":"default","values":{"count":120632,"rate":2009.4403171280799}},"vus_max":{"values":{"value":100,"min":100,"max":100},"type":"gauge","contains":"default"},"http_req_failed":{"contains":"default","values":{"fails":120632,"rate":0,"passes":0},"type":"rate"},"http_req_waiting":{"type":"trend","contains":"time","values":{"med":48.043402,"max":395.558008,"p(90)":85.23555180000001,"p(95)":91.9691772,"avg":49.49506362567995,"min":2.062526}},"http_req_duration":{"type":"trend","contains":"time","values":{"min":2.218743,"med":48.1108845,"max":395.598275,"p(90)":85.3037267,"p(95)":92.03034965,"avg":49.567881639498005}},"http_req_connecting":{"type":"trend","contains":"time","values":{"avg":0.0014095356124411438,"min":0,"med":0,"max":10.995374,"p(90)":0,"p(95)":0}},"iteration_duration":{"contains":"time","values":{"avg":49.735940794682264,"min":2.741151,"med":48.272318999999996,"max":395.717519,"p(90)":85.47460600000001,"p(95)":92.18901604999999},"type":"trend"},"iterations":{"type":"counter","contains":"default","values":{"count":120631,"rate":2009.4236595221616}},"vus":{"type":"gauge","contains":"default","values":{"value":100,"min":100,"max":100}},"http_req_blocked":{"type":"trend","contains":"time","values":{"avg":0.004602362092977026,"min":0.000911,"med":0.002362,"max":11.060271,"p(90)":0.003417,"p(95)":0.003983}},"data_sent":{"values":{"count":46443148,"rate":773631.6569860928},"type":"counter","contains":"data"},"http_req_duration{expected_response:true}":{"type":"trend","contains":"time","values":{"med":48.1108845,"max":395.598275,"p(90)":85.3037267,"p(95)":92.03034965,"avg":49.567881639498005,"min":2.218743}},"http_req_tls_handshaking":{"type":"trend","contains":"time","values":{"med":0,"max":0,"p(90)":0,"p(95)":0,"avg":0,"min":0}},"http_req_receiving":{"type":"trend","contains":"time","values":{"p(90)":0.05823690000000001,"p(95)":0.07274059999999997,"avg":0.052545624129583975,"min":0.013173,"med":0.033809,"max":16.014637}},"checks":{"type":"rate","contains":"default","values":{"rate":1,"passes":120631,"fails":0}},"http_req_sending":{"type":"trend","contains":"time","values":{"max":14.112683,"p(90)":0.02159990000000001,"p(95)":0.025102349999999992,"avg":0.020272389689302735,"min":0.006629,"med":0.014585}}},"setup_data":{"card":{"is_debit":true,"masked_number":"3403*******6235","active":true,"expiration_month":8,"expiration_year":2027,"id":"3a317d36-5920-4118-a17a-0c458ada5e79","cardholder_name":"Vinicius Barbosa","is_credit":true,"token":"2c55577e6c8c41089cad88b2c53caf4e4b38c59b29554fff95cddc5f4adbc32a"}},"metadata":{"type":"REST","testConfig":{"name":"create-card-payment","vus":100,"duration":"1m","executedAt":"2022-08-10T22:19:01.935Z","id":"240a7dee-fed8-4fa0-b279-a79cdad6331d"}},"root_group":{"groups":[{"name":"setup","path":"::setup","id":"5c0f8025f7e0b6654089e5b00e950f1a","groups":[],"checks":[]}],"checks":[{"path":"::is status 201","id":"d8b97380f72868aef5b0eadc0ce32c21","passes":120631,"fails":0,"name":"is status 201"}],"name":"","path":"","id":"d41d8cd98f00b204e9800998ecf8427e"},"options":{"summaryTrendStats":["avg","min","med","max","p(90)","p(95)"],"summaryTimeUnit":"","noColor":false},"state":{"isStdOutTTY":true,"isStdErrTTY":true,"testRunDurationMs":60032.636437}}