{"state":{"isStdOutTTY":true,"isStdErrTTY":true,"testRunDurationMs":300012.184636},"metrics":{"http_req_connecting":{"type":"trend","contains":"time","values":{"p(95)":0,"p(99)":0,"min":0,"med":0,"avg":0.0002803694085348932,"max":40.111058,"p(90)":0}},"http_req_tls_handshaking":{"type":"trend","contains":"time","values":{"p(90)":0,"p(95)":0,"p(99)":0,"min":0,"med":0,"avg":0,"max":0}},"http_req_sending":{"contains":"time","values":{"med":0.012999,"avg":0.014784401110391554,"max":44.995545,"p(90)":0.017729,"p(95)":0.020697,"p(99)":0.02901002000000002,"min":0.005552},"type":"trend"},"iterations":{"contains":"default","values":{"count":1142299,"rate":3807.5086896418334},"type":"counter"},"vus":{"contains":"default","values":{"value":100,"min":100,"max":100},"type":"gauge"},"http_req_receiving":{"type":"trend","contains":"time","values":{"p(90)":0.045285,"p(95)":0.051757,"p(99)":0.14689478000000072,"min":0.012298,"med":0.02905,"avg":0.03671415772490531,"max":21.316063}},"vus_max":{"type":"gauge","contains":"default","values":{"value":100,"min":100,"max":100}},"http_reqs":{"values":{"count":1142299,"rate":3807.5086896418334},"type":"counter","contains":"default"},"iteration_duration":{"type":"trend","contains":"time","values":{"p(90)":41.237913000000006,"p(95)":50.65111549999997,"p(99)":75.7833238,"min":1.734482,"med":23.249528,"avg":26.251930431679707,"max":1531.588319}},"http_req_failed":{"type":"rate","contains":"default","values":{"fails":1142299,"rate":0,"passes":0}},"http_req_blocked":{"type":"trend","contains":"time","values":{"max":40.174962,"p(90)":0.003009,"p(95)":0.003478,"p(99)":0.004969,"min":0.000814,"med":0.002283,"avg":0.0027657817392818143}},"data_sent":{"type":"counter","contains":"data","values":{"count":243309687,"rate":810999.3508937105}},"data_received":{"contains":"data","values":{"count":453492703,"rate":1511580.949787808},"type":"counter"},"http_req_duration":{"values":{"med":23.136018,"avg":26.135848611687344,"max":1531.513259,"p(90)":41.120793200000016,"p(95)":50.5342402,"p(99)":75.66822698000001,"min":1.640428},"type":"trend","contains":"time"},"checks":{"contains":"default","values":{"rate":1,"passes":1142299,"fails":0},"thresholds":{"rate>0.99":{"ok":true}},"type":"rate"},"http_req_duration{expected_response:true}":{"type":"trend","contains":"time","values":{"med":23.136018,"avg":26.135848611687344,"max":1531.513259,"p(90)":41.120793200000016,"p(95)":50.5342402,"p(99)":75.66822698000001,"min":1.640428}},"http_req_waiting":{"type":"trend","contains":"time","values":{"max":1531.481908,"p(90)":41.06539100000001,"p(95)":50.47888159999995,"p(99)":75.62194910000002,"min":1.596718,"med":23.087457,"avg":26.084350052853473}}},"metadata":{"type":"REST","testConfig":{"duration":"5m","executedAt":"2022-10-21T00:47:51.813Z","id":"f889ac39-6948-4782-afa0-93f678ad1a98","name":"create-card","vus":100}},"root_group":{"name":"","path":"","id":"d41d8cd98f00b204e9800998ecf8427e","groups":[],"checks":[{"name":"is status 201","path":"::is status 201","id":"d8b97380f72868aef5b0eadc0ce32c21","passes":1142299,"fails":0}]},"options":{"summaryTrendStats":["min","med","avg","max","p(90)","p(95)","p(99)"],"summaryTimeUnit":"","noColor":false}}