{"root_group":{"name":"","path":"","id":"d41d8cd98f00b204e9800998ecf8427e","groups":[{"id":"5c0f8025f7e0b6654089e5b00e950f1a","groups":[],"checks":[],"name":"setup","path":"::setup"}],"checks":[{"id":"d8b97380f72868aef5b0eadc0ce32c21","passes":366321,"fails":0,"name":"is status 201","path":"::is status 201"}]},"options":{"summaryTrendStats":["min","med","avg","max","p(90)","p(95)","p(99)"],"summaryTimeUnit":"","noColor":false},"state":{"isStdOutTTY":true,"isStdErrTTY":true,"testRunDurationMs":300012.323452},"metrics":{"http_req_sending":{"type":"trend","contains":"time","values":{"p(99)":0.03399857999999996,"min":0.006263,"med":0.017408,"avg":0.019365745663651387,"max":8.746812,"p(90)":0.025546,"p(95)":0.02777295000000001}},"http_req_receiving":{"type":"trend","contains":"time","values":{"min":0.013345,"med":0.04426,"avg":0.0473432292900789,"max":10.580793,"p(90)":0.065976,"p(95)":0.072212,"p(99)":0.088612}},"checks":{"type":"rate","contains":"default","values":{"fails":0,"rate":1,"passes":366321},"thresholds":{"rate>0.99":{"ok":true}}},"http_req_connecting":{"values":{"med":0,"avg":0.000002104053264614192,"max":0.136439,"p(90)":0,"p(95)":0,"p(99)":0,"min":0},"type":"trend","contains":"time"},"http_req_duration{expected_response:true}":{"type":"trend","contains":"time","values":{"min":3.610331,"med":7.2448060000000005,"avg":8.026635845813077,"max":2532.774729,"p(90)":9.807621900000003,"p(95)":11.148286200000003,"p(99)":23.401531719999973}},"http_req_failed":{"type":"rate","contains":"default","values":{"rate":0,"passes":0,"fails":366322}},"http_req_duration":{"type":"trend","contains":"time","values":{"max":2532.774729,"p(90)":9.807621900000003,"p(95)":11.148286200000003,"p(99)":23.401531719999973,"min":3.610331,"med":7.2448060000000005,"avg":8.026635845813077}},"http_req_blocked":{"type":"trend","contains":"time","values":{"min":0.000881,"med":0.002701,"avg":0.0029359690709267,"max":3.82797,"p(90)":0.00377,"p(95)":0.004297,"p(99)":0.005668}},"http_req_waiting":{"type":"trend","contains":"time","values":{"min":3.577756,"med":7.179249,"avg":7.95992687085991,"max":2532.73282,"p(90)":9.7394101,"p(95)":11.074372100000003,"p(99)":23.342202929999992}},"http_req_tls_handshaking":{"type":"trend","contains":"time","values":{"p(99)":0,"min":0,"med":0,"avg":0,"max":0,"p(90)":0,"p(95)":0}},"vus":{"type":"gauge","contains":"default","values":{"value":10,"min":10,"max":10}},"iterations":{"values":{"count":366321,"rate":1221.0198427352568},"type":"counter","contains":"default"},"http_reqs":{"type":"counter","contains":"default","values":{"count":366322,"rate":1221.0231759316684}},"data_received":{"type":"counter","contains":"data","values":{"count":127480107,"rate":424916.2352172376}},"iteration_duration":{"type":"trend","contains":"time","values":{"p(90)":9.9625355,"p(95)":11.314037800000005,"p(99)":23.541999359999938,"min":3.702167,"med":7.393701500000001,"avg":8.177962720262387,"max":2532.911833}},"data_sent":{"type":"counter","contains":"data","values":{"count":141033798,"rate":470093.34942390956}},"vus_max":{"type":"gauge","contains":"default","values":{"value":10,"min":10,"max":10}}},"setup_data":{"card":{"expiration_year":2027,"is_credit":true,"masked_number":"6011********1527","active":true,"expiration_month":10,"is_debit":true,"token":"03b5aa6511994dec8f38d9e562e978272165c61716ca4aadabbd28240b989fc7","cardholder_name":"Vinicius Barbosa","id":"adff15fb-67f1-46ac-99af-e708389c311e"}},"metadata":{"testConfig":{"id":"8ad8795d-8995-4bc5-b526-1914eddaf994","name":"create-card-payment","vus":10,"duration":"5m","executedAt":"2022-10-21T01:00:24.400Z"},"type":"REST"}}