{"state":{"testRunDurationMs":300029.561418,"isStdOutTTY":true,"isStdErrTTY":true},"metrics":{"http_req_failed":{"values":{"rate":0,"passes":0,"fails":449203},"type":"rate","contains":"default"},"http_req_duration":{"type":"trend","contains":"time","values":{"min":6.078505,"med":30.432612,"avg":33.235411107682914,"max":1955.849686,"p(90)":45.7145384,"p(95)":52.57507989999999,"p(99)":73.10090879999997}},"http_req_receiving":{"type":"trend","contains":"time","values":{"max":18.286939,"p(90)":0.062887,"p(95)":0.070896,"p(99)":0.12906943999999854,"min":0.012397,"med":0.035067,"avg":0.04511570331008536}},"data_sent":{"type":"counter","contains":"data","values":{"count":172942983,"rate":576419.810710107}},"iterations":{"type":"counter","contains":"default","values":{"count":449202,"rate":1497.192469558603}},"iteration_duration":{"contains":"time","values":{"max":1955.974843,"p(90)":45.8639922,"p(95)":52.7262576,"p(99)":73.26067427999999,"min":6.240769,"med":30.578014,"avg":33.38223429342805},"type":"trend"},"http_req_blocked":{"type":"trend","contains":"time","values":{"min":0.000842,"med":0.002588,"avg":0.0029634911187146114,"max":18.832283,"p(90)":0.003662,"p(95)":0.004101,"p(99)":0.005564979999999981}},"http_req_connecting":{"values":{"min":0,"med":0,"avg":0.00007071488836895571,"max":1.415643,"p(90)":0,"p(95)":0,"p(99)":0},"type":"trend","contains":"time"},"http_req_tls_handshaking":{"contains":"time","values":{"p(99)":0,"min":0,"med":0,"avg":0,"max":0,"p(90)":0,"p(95)":0},"type":"trend"},"http_req_sending":{"contains":"time","values":{"p(99)":0.03369097999999998,"min":0.006122,"med":0.015234,"avg":0.01829923992938627,"max":21.863889,"p(90)":0.02297,"p(95)":0.026123},"type":"trend"},"checks":{"thresholds":{"rate>0.99":{"ok":true}},"type":"rate","contains":"default","values":{"passes":449202,"fails":0,"rate":1}},"vus":{"type":"gauge","contains":"default","values":{"value":50,"min":50,"max":50}},"http_req_waiting":{"values":{"med":30.371124,"avg":33.17199616444496,"max":1955.806809,"p(90)":45.6460314,"p(95)":52.50599739999999,"p(99)":73.05135241999997,"min":6.007135},"type":"trend","contains":"time"},"data_received":{"type":"counter","contains":"data","values":{"count":156322695,"rate":521024.3092753511}},"vus_max":{"type":"gauge","contains":"default","values":{"value":50,"min":50,"max":50}},"http_reqs":{"type":"counter","contains":"default","values":{"count":449203,"rate":1497.1958025635086}},"http_req_duration{expected_response:true}":{"contains":"time","values":{"p(90)":45.7145384,"p(95)":52.57507989999999,"p(99)":73.10090879999997,"min":6.078505,"med":30.432612,"avg":33.235411107682914,"max":1955.849686},"type":"trend"}},"setup_data":{"card":{"active":true,"cardholder_name":"Vinicius Barbosa","expiration_year":2027,"is_credit":true,"is_debit":true,"token":"f06bd82f8dca430d8b78d82b84c6e459a059cd9e5081498b8b83fb9e3c64e608","expiration_month":10,"id":"3672a311-ded8-48ef-8caf-e27440a66cdd","masked_number":"5216********5150"}},"metadata":{"testConfig":{"executedAt":"2022-10-21T01:14:02.110Z","id":"c4e77cc4-0103-4abc-ac9e-da0f78901f4e","name":"create-card-payment","vus":50,"duration":"5m"},"type":"REST"},"root_group":{"name":"","path":"","id":"d41d8cd98f00b204e9800998ecf8427e","groups":[{"groups":[],"checks":[],"name":"setup","path":"::setup","id":"5c0f8025f7e0b6654089e5b00e950f1a"}],"checks":[{"id":"d8b97380f72868aef5b0eadc0ce32c21","passes":449202,"fails":0,"name":"is status 201","path":"::is status 201"}]},"options":{"summaryTrendStats":["min","med","avg","max","p(90)","p(95)","p(99)"],"summaryTimeUnit":"","noColor":false}}