{"state":{"isStdOutTTY":true,"isStdErrTTY":true,"testRunDurationMs":300013.158068},"metrics":{"http_req_connecting":{"type":"trend","contains":"time","values":{"min":0,"med":0,"avg":0.0000018657844649509738,"max":0.114474,"p(90)":0,"p(95)":0,"p(99)":0}},"http_req_duration{expected_response:true}":{"type":"trend","contains":"time","values":{"p(99)":4.449956479999993,"min":1.91677,"med":2.408187,"avg":2.604472707339969,"max":91.967339,"p(90)":2.9582428000000003,"p(95)":3.1510751}},"http_req_blocked":{"type":"trend","contains":"time","values":{"max":0.186242,"p(90)":0.002137,"p(95)":0.002374,"p(99)":0.003314,"min":0.001159,"med":0.001604,"avg":0.0017289809036704188}},"checks":{"type":"rate","contains":"default","values":{"rate":1,"passes":110858,"fails":0},"thresholds":{"rate>0.99":{"ok":true}}},"http_req_failed":{"type":"rate","contains":"default","values":{"rate":0,"passes":0,"fails":110859}},"vus":{"type":"gauge","contains":"default","values":{"min":1,"max":1,"value":1}},"vus_max":{"type":"gauge","contains":"default","values":{"value":1,"min":1,"max":1}},"data_sent":{"type":"counter","contains":"data","values":{"count":42680543,"rate":142262.23701270518}},"iteration_duration":{"values":{"avg":2.699248162684189,"max":92.07071,"p(90)":3.0590591999999996,"p(95)":3.2504209999999993,"p(99)":4.5649603599999935,"min":2.012454,"med":2.500785},"type":"trend","contains":"time"},"http_req_waiting":{"type":"trend","contains":"time","values":{"p(95)":3.1038909,"p(99)":4.400290019999995,"min":1.878945,"med":2.366695,"avg":2.5613674309077368,"max":91.911322,"p(90)":2.9088626}},"http_req_receiving":{"type":"trend","contains":"time","values":{"p(90)":0.0404942,"p(95)":0.045993,"p(99)":0.05483142,"min":0.019139,"med":0.029641,"avg":0.03136438661723418,"max":0.262006}},"data_received":{"type":"counter","contains":"data","values":{"count":38578983,"rate":128590.96997090979}},"http_reqs":{"type":"counter","contains":"default","values":{"rate":369.51379304128073,"count":110859}},"http_req_duration":{"values":{"avg":2.604472707339969,"max":91.967339,"p(90)":2.9582428000000003,"p(95)":3.1510751,"p(99)":4.449956479999993,"min":1.91677,"med":2.408187},"type":"trend","contains":"time"},"http_req_sending":{"contains":"time","values":{"p(95)":0.015466099999999991,"p(99)":0.01830442,"min":0.00705,"med":0.011833,"avg":0.011740889814990219,"max":1.049564,"p(90)":0.014579},"type":"trend"},"iterations":{"contains":"default","values":{"rate":369.51045985414174,"count":110858},"type":"counter"},"http_req_tls_handshaking":{"type":"trend","contains":"time","values":{"med":0,"avg":0,"max":0,"p(90)":0,"p(95)":0,"p(99)":0,"min":0}}},"setup_data":{"card":{"cardholder_name":"Vinicius Barbosa","is_credit":true,"token":"99318419992d46a09998cafeeef3e6fad7a891b861e74e0985a7cd6eb52454f1","active":true,"expiration_month":10,"expiration_year":2027,"id":"b82debd3-e395-4c3e-b5d1-6ec3a357c799","is_debit":true,"masked_number":"3578********4711"}},"metadata":{"type":"GRPC","testConfig":{"name":"create-card-payment","vus":1,"duration":"5m","executedAt":"2022-10-21T04:20:42.695Z","id":"dad9c90f-2411-4200-9356-eeb9588680e0"}},"root_group":{"id":"d41d8cd98f00b204e9800998ecf8427e","groups":[{"name":"setup","path":"::setup","id":"5c0f8025f7e0b6654089e5b00e950f1a","groups":[],"checks":[]}],"checks":[{"id":"d8b97380f72868aef5b0eadc0ce32c21","passes":110858,"fails":0,"name":"is status 201","path":"::is status 201"}],"name":"","path":""},"options":{"summaryTrendStats":["min","med","avg","max","p(90)","p(95)","p(99)"],"summaryTimeUnit":"","noColor":false}}