{"state":{"isStdOutTTY":true,"isStdErrTTY":true,"testRunDurationMs":60006.269822},"metrics":{"http_req_sending":{"type":"trend","contains":"time","values":{"p(99)":0.02752947999999998,"min":0.007496,"med":0.013847,"avg":0.015622422260241645,"max":9.475791,"p(90)":0.020238,"p(95)":0.02230319999999998}},"data_received":{"type":"counter","contains":"data","values":{"count":77700447,"rate":1294872.1397028551}},"vus_max":{"type":"gauge","contains":"default","values":{"value":10,"min":10,"max":10}},"http_req_duration{expected_response:true}":{"values":{"min":1.065489,"med":2.319878,"avg":2.548884311644298,"max":22.492189,"p(90)":3.6415164,"p(95)":4.251769199999999,"p(99)":5.765744279999992},"type":"trend","contains":"time"},"iteration_duration":{"contains":"time","values":{"min":1.170608,"med":2.444074,"avg":2.6779956481993086,"max":23.189504,"p(90)":3.773881799999999,"p(95)":4.392003999999999,"p(99)":5.978362599999996},"type":"trend"},"http_req_failed":{"values":{"rate":0,"passes":0,"fails":223277},"type":"rate","contains":"default"},"data_sent":{"type":"counter","contains":"data","values":{"count":85961473,"rate":1432541.5203276656}},"vus":{"type":"gauge","contains":"default","values":{"value":10,"min":10,"max":10}},"checks":{"type":"rate","contains":"default","values":{"rate":1,"passes":223276,"fails":0},"thresholds":{"rate>0.99":{"ok":true}}},"iterations":{"type":"counter","contains":"default","values":{"count":223276,"rate":3720.877845970367}},"http_req_blocked":{"type":"trend","contains":"time","values":{"min":0.000876,"med":0.002357,"avg":0.002545714305548718,"max":1.139612,"p(90)":0.002974,"p(95)":0.003411,"p(99)":0.004745239999999991}},"http_req_connecting":{"type":"trend","contains":"time","values":{"med":0,"avg":0.00001634784594920211,"max":0.523777,"p(90)":0,"p(95)":0,"p(99)":0,"min":0}},"http_req_tls_handshaking":{"type":"trend","contains":"time","values":{"p(90)":0,"p(95)":0,"p(99)":0,"min":0,"med":0,"avg":0,"max":0}},"http_req_duration":{"type":"trend","contains":"time","values":{"p(95)":4.251769199999999,"p(99)":5.765744279999992,"min":1.065489,"med":2.319878,"avg":2.548884311644298,"max":22.492189,"p(90)":3.6415164}},"http_req_waiting":{"type":"trend","contains":"time","values":{"avg":2.4990456090864734,"max":22.393462,"p(90)":3.5908354,"p(95)":4.199965399999996,"p(99)":5.687585039999999,"min":1.034082,"med":2.272396}},"http_reqs":{"type":"counter","contains":"default","values":{"count":223277,"rate":3720.8945108955986}},"http_req_receiving":{"contains":"time","values":{"min":0.013904,"med":0.030504,"avg":0.03421628029756803,"max":6.210097,"p(90)":0.044907,"p(95)":0.05000719999999998,"p(99)":0.06710167999999994},"type":"trend"}},"setup_data":{"card":{"cardholder_name":"Vinicius Barbosa","expiration_month":10,"is_credit":true,"is_debit":true,"token":"e119232b2a9f45348f3c89d8112a5f8eab56bf0cffd84d8a9a537b6cdfc98f9d","active":true,"expiration_year":2027,"id":"58c638d7-c075-4ad6-8a6a-a953b6f42bb3","masked_number":"6011********0949"}},"metadata":{"testConfig":{"id":"8ad8795d-8995-4bc5-b526-1914eddaf994","name":"create-card-payment","vus":10,"duration":"1m","executedAt":"2022-10-31T18:07:31.537Z"},"useDatabase":false,"type":"GRPC"},"root_group":{"checks":[{"name":"is status 201","path":"::is status 201","id":"d8b97380f72868aef5b0eadc0ce32c21","passes":223276,"fails":0}],"name":"","path":"","id":"d41d8cd98f00b204e9800998ecf8427e","groups":[{"checks":[],"name":"setup","path":"::setup","id":"5c0f8025f7e0b6654089e5b00e950f1a","groups":[]}]},"options":{"summaryTimeUnit":"","noColor":false,"summaryTrendStats":["min","med","avg","max","p(90)","p(95)","p(99)"]}}