{"metrics":{"http_req_failed":{"contains":"default","values":{"fails":349072,"rate":0,"passes":0},"type":"rate"},"http_req_duration{expected_response:true}":{"type":"trend","contains":"time","values":{"min":1.339446,"med":16.289557000000002,"avg":17.049696823904654,"max":161.637025,"p(90)":24.6736076,"p(95)":27.628960450000005,"p(99)":33.78475355}},"vus":{"values":{"value":100,"min":100,"max":100},"type":"gauge","contains":"default"},"http_req_waiting":{"type":"trend","contains":"time","values":{"max":161.037979,"p(90)":24.6079103,"p(95)":27.538459300000003,"p(99)":33.610580139999996,"min":1.308853,"med":16.245264,"avg":16.994856016303252}},"iteration_duration":{"type":"trend","contains":"time","values":{"p(99)":33.983090659999974,"min":1.433094,"med":16.413874999999997,"avg":17.178165039114806,"max":167.61054,"p(90)":24.811936799999998,"p(95)":27.771164050000003}},"checks":{"type":"rate","contains":"default","values":{"rate":1,"passes":349071,"fails":0},"thresholds":{"rate>0.99":{"ok":true}}},"http_req_tls_handshaking":{"contains":"time","values":{"med":0,"avg":0,"max":0,"p(90)":0,"p(95)":0,"p(99)":0,"min":0},"type":"trend"},"http_req_receiving":{"type":"trend","contains":"time","values":{"max":22.476989,"p(90)":0.037376900000000025,"p(95)":0.04774545000000001,"p(99)":0.21760157999999996,"min":0.011109,"med":0.022353,"avg":0.039052874736443845}},"vus_max":{"contains":"default","values":{"value":100,"min":100,"max":100},"type":"gauge"},"data_received":{"values":{"count":121477107,"rate":2024301.5928530812},"type":"counter","contains":"data"},"http_req_connecting":{"type":"trend","contains":"time","values":{"p(99)":0,"min":0,"med":0,"avg":0.0005784557168721639,"max":19.147197,"p(90)":0,"p(95)":0}},"http_req_sending":{"type":"trend","contains":"time","values":{"p(90)":0.016912,"p(95)":0.019794,"p(99)":0.08310881999999878,"min":0.005301,"med":0.011887,"avg":0.015787932864852795,"max":19.64719}},"http_req_duration":{"type":"trend","contains":"time","values":{"min":1.339446,"med":16.289557000000002,"avg":17.049696823904654,"max":161.637025,"p(90)":24.6736076,"p(95)":27.628960450000005,"p(99)":33.78475355}},"iterations":{"type":"counter","contains":"default","values":{"count":349071,"rate":5816.93949394776}},"http_reqs":{"values":{"count":349072,"rate":5816.956158006057},"type":"counter","contains":"default"},"http_req_blocked":{"type":"trend","contains":"time","values":{"p(90)":0.002839,"p(95)":0.003219,"p(99)":0.004841,"min":0.000929,"med":0.002024,"avg":0.002967132829330516,"max":19.179201}},"data_sent":{"contains":"data","values":{"count":134392548,"rate":2239525.2546143048},"type":"counter"}},"setup_data":{"card":{"token":"b8bba0de6cfe4d33b41b006b4ace9da706c44b93f97b428a8f2f7e51bf69dbc4","cardholder_name":"Vinicius Barbosa","expiration_year":2027,"is_credit":true,"is_debit":true,"masked_number":"3558********2751","active":true,"expiration_month":10,"id":"267e8b65-d713-42d0-ac0b-3c92c3f301ce"}},"metadata":{"type":"GRPC","testConfig":{"id":"240a7dee-fed8-4fa0-b279-a79cdad6331d","name":"create-card-payment","vus":100,"duration":"1m","executedAt":"2022-10-31T18:11:28.816Z"},"useDatabase":false},"root_group":{"name":"","path":"","id":"d41d8cd98f00b204e9800998ecf8427e","groups":[{"name":"setup","path":"::setup","id":"5c0f8025f7e0b6654089e5b00e950f1a","groups":[],"checks":[]}],"checks":[{"name":"is status 201","path":"::is status 201","id":"d8b97380f72868aef5b0eadc0ce32c21","passes":349071,"fails":0}]},"options":{"summaryTrendStats":["min","med","avg","max","p(90)","p(95)","p(99)"],"summaryTimeUnit":"","noColor":false},"state":{"isStdOutTTY":true,"isStdErrTTY":true,"testRunDurationMs":60009.391599}}