{"options":{"summaryTrendStats":["avg","min","med","max","p(90)","p(95)"],"summaryTimeUnit":"","noColor":false},"state":{"isStdOutTTY":true,"isStdErrTTY":true,"testRunDurationMs":60046.609116},"metrics":{"http_reqs":{"type":"counter","contains":"default","values":{"count":403979,"rate":6727.7570864922645}},"checks":{"type":"rate","contains":"default","values":{"rate":1,"passes":403979,"fails":0}},"data_received":{"type":"counter","contains":"data","values":{"count":160783642,"rate":2677647.320423921}},"http_req_connecting":{"type":"trend","contains":"time","values":{"avg":0.0013574826042937872,"min":0,"med":0,"max":37.390651,"p(90)":0,"p(95)":0}},"http_req_waiting":{"type":"trend","contains":"time","values":{"p(95)":25.30238719999999,"avg":14.642322151755444,"min":0.952302,"med":13.541032,"max":393.33844,"p(90)":22.7139454}},"vus":{"type":"gauge","contains":"default","values":{"min":100,"max":100,"value":100}},"vus_max":{"type":"gauge","contains":"default","values":{"value":100,"min":100,"max":100}},"http_req_duration":{"type":"trend","contains":"time","values":{"p(90)":22.818114400000002,"p(95)":25.3846492,"avg":14.704735041690245,"min":0.985551,"med":13.593936,"max":393.382421}},"iteration_duration":{"type":"trend","contains":"time","values":{"p(95)":25.533755599999996,"avg":14.846382011428746,"min":1.082403,"med":13.723568,"max":397.380673,"p(90)":22.981779}},"iterations":{"type":"counter","contains":"default","values":{"count":403979,"rate":6727.7570864922645}},"http_req_duration{expected_response:true}":{"type":"trend","contains":"time","values":{"avg":14.704735041690245,"min":0.985551,"med":13.593936,"max":393.382421,"p(90)":22.818114400000002,"p(95)":25.3846492}},"http_req_blocked":{"type":"trend","contains":"time","values":{"avg":0.004302149992944595,"min":0.000862,"med":0.001946,"max":44.848378,"p(90)":0.002959,"p(95)":0.003537099999999977}},"http_req_sending":{"type":"trend","contains":"time","values":{"p(90)":0.018252,"p(95)":0.025057,"avg":0.016958738154706304,"min":0.00494,"med":0.01143,"max":23.088262}},"http_req_tls_handshaking":{"type":"trend","contains":"time","values":{"p(90)":0,"p(95)":0,"avg":0,"min":0,"med":0,"max":0}},"http_req_receiving":{"type":"trend","contains":"time","values":{"med":0.025294,"max":20.008103,"p(90)":0.046869,"p(95)":0.08221779999999981,"avg":0.045454151780167,"min":0.009373}},"http_req_failed":{"type":"rate","contains":"default","values":{"rate":0,"passes":0,"fails":403979}},"data_sent":{"type":"counter","contains":"data","values":{"count":86047527,"rate":1433012.2594228524}}},"metadata":{"type":"GRPC","testConfig":{"id":"f889ac39-6948-4782-afa0-93f678ad1a98","name":"create-card","vus":100,"duration":"1m","executedAt":"2022-07-25T08:54:43.109Z"}},"root_group":{"id":"d41d8cd98f00b204e9800998ecf8427e","groups":[],"checks":[{"id":"d8b97380f72868aef5b0eadc0ce32c21","passes":403979,"fails":0,"name":"is status 201","path":"::is status 201"}],"name":"","path":""}}