{"state":{"isStdOutTTY":true,"isStdErrTTY":true,"testRunDurationMs":60001.590917},"metrics":{"iterations":{"contains":"default","values":{"count":61260,"rate":1020.9729286135221},"type":"counter"},"vus":{"type":"gauge","contains":"default","values":{"min":1,"max":1,"value":1}},"http_req_receiving":{"type":"trend","contains":"time","values":{"min":0.012046,"med":0.0207625,"max":0.476707,"p(90)":0.027066,"p(95)":0.02882019999999998,"avg":0.02178156206333655}},"http_req_duration":{"type":"trend","contains":"time","values":{"avg":0.9158890001958893,"min":0.621433,"med":0.8556445,"max":226.747552,"p(90)":1.0499782,"p(95)":1.1716231499999994}},"http_req_blocked":{"type":"trend","contains":"time","values":{"avg":0.0013204041136141082,"min":0.000945,"med":0.001239,"max":0.15142,"p(90)":0.001564,"p(95)":0.001773}},"http_req_failed":{"values":{"rate":0,"passes":0,"fails":61260},"type":"rate","contains":"default"},"http_reqs":{"type":"counter","contains":"default","values":{"count":61260,"rate":1020.9729286135221}},"http_req_connecting":{"type":"trend","contains":"time","values":{"max":0.073379,"p(90)":0,"p(95)":0,"avg":0.0000011978289258896508,"min":0,"med":0}},"http_req_tls_handshaking":{"type":"trend","contains":"time","values":{"avg":0,"min":0,"med":0,"max":0,"p(90)":0,"p(95)":0}},"data_sent":{"type":"counter","contains":"data","values":{"count":13048380,"rate":217467.2337946802}},"http_req_sending":{"type":"trend","contains":"time","values":{"min":0.005626,"med":0.007255,"max":2.025677,"p(90)":0.010042,"p(95)":0.011040049999999996,"avg":0.007965791038197905}},"data_received":{"type":"counter","contains":"data","values":{"count":24381480,"rate":406347.2255881818}},"http_req_waiting":{"type":"trend","contains":"time","values":{"p(90)":1.0199582999999999,"p(95)":1.1406392499999995,"avg":0.8861416470943544,"min":0.594284,"med":0.82647,"max":226.69786}},"iteration_duration":{"type":"trend","contains":"time","values":{"p(95)":1.2319445999999996,"avg":0.9749036430786914,"min":0.67481,"med":0.9135960000000001,"max":226.838529,"p(90)":1.1095059}},"http_req_duration{expected_response:true}":{"type":"trend","contains":"time","values":{"p(90)":1.0499782,"p(95)":1.1716231499999994,"avg":0.9158890001958893,"min":0.621433,"med":0.8556445,"max":226.747552}},"checks":{"type":"rate","contains":"default","values":{"rate":1,"passes":61260,"fails":0}},"vus_max":{"contains":"default","values":{"value":1,"min":1,"max":1},"type":"gauge"}},"metadata":{"type":"GRPC","testConfig":{"duration":"1m","executedAt":"2022-07-25T08:33:41.968Z","id":"8244654e-51ff-481d-bd43-bbc86715a505","name":"create-card","vus":1}},"root_group":{"name":"","path":"","id":"d41d8cd98f00b204e9800998ecf8427e","groups":[],"checks":[{"name":"is status 201","path":"::is status 201","id":"d8b97380f72868aef5b0eadc0ce32c21","passes":61260,"fails":0}]},"options":{"summaryTrendStats":["avg","min","med","max","p(90)","p(95)"],"summaryTimeUnit":"","noColor":false}}