{"state":{"isStdOutTTY":true,"isStdErrTTY":true,"testRunDurationMs":60005.456196},"metrics":{"http_req_failed":{"type":"rate","contains":"default","values":{"rate":0,"passes":0,"fails":373383}},"http_req_receiving":{"type":"trend","contains":"time","values":{"avg":0.038789121039254554,"min":0.009125,"med":0.024861,"max":11.888263,"p(90)":0.04571179999999999,"p(95)":0.0763386999999999}},"data_received":{"type":"counter","contains":"data","values":{"rate":2464103.7227854026,"count":147859668}},"vus":{"contains":"default","values":{"value":25,"min":25,"max":25},"type":"gauge"},"http_req_waiting":{"values":{"min":0.889603,"med":3.231205,"max":858.264697,"p(90)":4.7094612,"p(95)":5.918576299999997,"avg":3.818882160119748},"type":"trend","contains":"time"},"http_reqs":{"type":"counter","contains":"default","values":{"count":373383,"rate":6222.484148447987}},"http_req_duration{expected_response:true}":{"type":"trend","contains":"time","values":{"avg":3.8737683231642897,"min":0.963232,"med":3.28328,"max":858.315468,"p(90)":4.7731168,"p(95)":5.996793199999995}},"http_req_blocked":{"type":"trend","contains":"time","values":{"avg":0.0027442966444643393,"min":0.00083,"med":0.001914,"max":7.11093,"p(90)":0.002913,"p(95)":0.003458}},"iterations":{"type":"counter","contains":"default","values":{"count":373383,"rate":6222.484148447987}},"http_req_sending":{"type":"trend","contains":"time","values":{"p(95)":0.024556,"avg":0.016097042005125854,"min":0.004721,"med":0.011311,"max":8.640442,"p(90)":0.017977}},"checks":{"type":"rate","contains":"default","values":{"rate":1,"passes":373383,"fails":0}},"data_sent":{"values":{"count":79530579,"rate":1325389.1236194212},"type":"counter","contains":"data"},"http_req_tls_handshaking":{"contains":"time","values":{"med":0,"max":0,"p(90)":0,"p(95)":0,"avg":0,"min":0},"type":"trend"},"http_req_connecting":{"type":"trend","contains":"time","values":{"max":0.648385,"p(90)":0,"p(95)":0,"avg":0.000006655809182528396,"min":0,"med":0}},"http_req_duration":{"type":"trend","contains":"time","values":{"p(95)":5.996793199999995,"avg":3.8737683231642897,"min":0.963232,"med":3.28328,"max":858.315468,"p(90)":4.7731168}},"vus_max":{"type":"gauge","contains":"default","values":{"value":25,"min":25,"max":25}},"iteration_duration":{"type":"trend","contains":"time","values":{"min":1.055674,"med":3.413205,"max":858.393831,"p(90)":4.924650799999999,"p(95)":6.164339499999998,"avg":4.006946909596936}}},"metadata":{"type":"GRPC","testConfig":{"id":"f31c8249-3080-4a20-9c51-1a8d4fd982c8","name":"create-card","vus":25,"duration":"1m","executedAt":"2022-07-25T08:45:19.021Z"}},"root_group":{"name":"","path":"","id":"d41d8cd98f00b204e9800998ecf8427e","groups":[],"checks":[{"id":"d8b97380f72868aef5b0eadc0ce32c21","passes":373383,"fails":0,"name":"is status 201","path":"::is status 201"}]},"options":{"summaryTrendStats":["avg","min","med","max","p(90)","p(95)"],"summaryTimeUnit":"","noColor":false}}