{"metrics":{"http_req_connecting":{"type":"trend","contains":"time","values":{"avg":0.000011223611596758744,"min":0,"med":0,"max":0.642401,"p(90)":0,"p(95)":0}},"data_received":{"type":"counter","contains":"data","values":{"count":104453876,"rate":1740797.6643743175}},"http_req_duration":{"type":"trend","contains":"time","values":{"p(90)":8.488652700000001,"p(95)":9.838771049999998,"avg":5.551501459891133,"min":0.881621,"med":4.928038,"max":316.420456}},"http_req_failed":{"type":"rate","contains":"default","values":{"rate":0,"passes":0,"fails":263108}},"vus":{"type":"gauge","contains":"default","values":{"value":25,"min":25,"max":25}},"vus_max":{"type":"gauge","contains":"default","values":{"value":25,"min":25,"max":25}},"http_reqs":{"type":"counter","contains":"default","values":{"count":263108,"rate":4384.880766685938}},"http_req_waiting":{"type":"trend","contains":"time","values":{"min":0.851565,"med":4.868854499999999,"max":316.373173,"p(90)":8.4268763,"p(95)":9.766779249999999,"avg":5.492497470837114}},"http_req_sending":{"type":"trend","contains":"time","values":{"avg":0.017622561860529046,"min":0.005325,"med":0.012258,"max":10.798003,"p(90)":0.02012430000000002,"p(95)":0.026672649999999992}},"data_sent":{"type":"counter","contains":"data","values":{"rate":933979.6033041049,"count":56042004}},"http_req_tls_handshaking":{"type":"trend","contains":"time","values":{"avg":0,"min":0,"med":0,"max":0,"p(90)":0,"p(95)":0}},"http_req_duration{expected_response:true}":{"type":"trend","contains":"time","values":{"p(95)":9.838771049999998,"avg":5.551501459891133,"min":0.881621,"med":4.928038,"max":316.420456,"p(90)":8.488652700000001}},"http_req_receiving":{"contains":"time","values":{"min":0.009998,"med":0.0275245,"max":8.847043,"p(90)":0.05070060000000003,"p(95)":0.08016879999999993,"avg":0.041381427193396665},"type":"trend"},"iteration_duration":{"type":"trend","contains":"time","values":{"avg":5.690154744929751,"min":0.948904,"med":5.066893,"max":316.516209,"p(90)":8.637246,"p(95)":9.99602105}},"iterations":{"type":"counter","contains":"default","values":{"count":263108,"rate":4384.880766685938}},"http_req_blocked":{"type":"trend","contains":"time","values":{"avg":0.0028999680777476266,"min":0.000892,"med":0.002096,"max":6.116068,"p(90)":0.003125,"p(95)":0.00368}},"checks":{"type":"rate","contains":"default","values":{"rate":1,"passes":263108,"fails":0}}},"metadata":{"testConfig":{"id":"f31c8249-3080-4a20-9c51-1a8d4fd982c8","name":"create-card","vus":25,"duration":"1m","executedAt":"2022-07-25T08:15:13.867Z"},"type":"REST"},"root_group":{"checks":[{"path":"::is status 201","id":"d8b97380f72868aef5b0eadc0ce32c21","passes":263108,"fails":0,"name":"is status 201"}],"name":"","path":"","id":"d41d8cd98f00b204e9800998ecf8427e","groups":[]},"options":{"summaryTimeUnit":"","noColor":false,"summaryTrendStats":["avg","min","med","max","p(90)","p(95)"]},"state":{"isStdOutTTY":true,"isStdErrTTY":true,"testRunDurationMs":60003.455966}}