{"options":{"summaryTrendStats":["avg","min","med","max","p(90)","p(95)"],"summaryTimeUnit":"","noColor":false},"state":{"isStdOutTTY":true,"isStdErrTTY":true,"testRunDurationMs":60002.581955},"metrics":{"vus":{"type":"gauge","contains":"default","values":{"value":10,"min":10,"max":10}},"http_req_tls_handshaking":{"type":"trend","contains":"time","values":{"p(90)":0,"p(95)":0,"avg":0,"min":0,"med":0,"max":0}},"http_req_failed":{"type":"rate","contains":"default","values":{"rate":0,"passes":0,"fails":335002}},"data_received":{"type":"counter","contains":"data","values":{"count":133330796,"rate":2222084.3113050335}},"checks":{"type":"rate","contains":"default","values":{"rate":1,"passes":335002,"fails":0}},"vus_max":{"type":"gauge","contains":"default","values":{"value":10,"min":10,"max":10}},"http_req_connecting":{"type":"trend","contains":"time","values":{"med":0,"max":0.228086,"p(90)":0,"p(95)":0,"avg":0.00000249600300893726,"min":0}},"http_req_waiting":{"type":"trend","contains":"time","values":{"p(90)":1.9562947000000004,"p(95)":2.19374185,"avg":1.629070588148714,"min":0.699869,"med":1.4212275,"max":72.842559}},"http_req_duration":{"type":"trend","contains":"time","values":{"min":0.728324,"med":1.4657520000000002,"max":72.868641,"p(90)":2.0006918,"p(95)":2.2426278500000003,"avg":1.674173670784041}},"data_sent":{"values":{"count":71355426,"rate":1189205.9253969148},"type":"counter","contains":"data"},"iterations":{"type":"counter","contains":"default","values":{"count":335002,"rate":5583.126410314155}},"http_req_duration{expected_response:true}":{"type":"trend","contains":"time","values":{"avg":1.674173670784041,"min":0.728324,"med":1.4657520000000002,"max":72.868641,"p(90)":2.0006918,"p(95)":2.2426278500000003}},"http_req_blocked":{"values":{"p(90)":0.00277,"p(95)":0.003278,"avg":0.0023014166064680764,"min":0.000882,"med":0.001899,"max":1.815075},"type":"trend","contains":"time"},"http_reqs":{"type":"counter","contains":"default","values":{"count":335002,"rate":5583.126410314155}},"iteration_duration":{"type":"trend","contains":"time","values":{"med":1.5736884999999998,"max":72.957244,"p(90)":2.105578,"p(95)":2.3607884,"avg":1.7826078849618188,"min":0.794698}},"http_req_sending":{"type":"trend","contains":"time","values":{"avg":0.013408643124518557,"min":0.005051,"med":0.01124,"max":5.087397,"p(90)":0.016904,"p(95)":0.021256950000000014}},"http_req_receiving":{"type":"trend","contains":"time","values":{"p(90)":0.041040900000000026,"p(95)":0.05422995000000001,"avg":0.03169443951080933,"min":0.00921,"med":0.025069,"max":6.761839}}},"metadata":{"type":"GRPC","testConfig":{"id":"dfce9f52-4c55-4845-bbc2-5ec8279ccf6e","name":"create-card","vus":10,"duration":"1m","executedAt":"2022-07-25T08:36:11.083Z"}},"root_group":{"name":"","path":"","id":"d41d8cd98f00b204e9800998ecf8427e","groups":[],"checks":[{"name":"is status 201","path":"::is status 201","id":"d8b97380f72868aef5b0eadc0ce32c21","passes":335002,"fails":0}]}}