{"state":{"isStdOutTTY":true,"isStdErrTTY":true,"testRunDurationMs":60001.508499},"metrics":{"http_req_sending":{"values":{"med":0.007291,"max":0.180593,"p(90)":0.010128,"p(95)":0.011064599999999992,"avg":0.007957110223459095,"min":0.005687},"type":"trend","contains":"time"},"http_reqs":{"type":"counter","contains":"default","values":{"count":61085,"rate":1018.0577376820127}},"data_sent":{"type":"counter","contains":"data","values":{"count":13011105,"rate":216846.2981262687}},"http_req_blocked":{"contains":"time","values":{"avg":0.0013164884014078887,"min":0.000935,"med":0.001231,"max":0.168157,"p(90)":0.001588,"p(95)":0.001769},"type":"trend"},"iteration_duration":{"type":"trend","contains":"time","values":{"avg":0.9776736422034846,"min":0.661427,"med":0.913791,"max":63.004752,"p(90)":1.1002687999999998,"p(95)":1.2182649999999997}},"http_req_connecting":{"type":"trend","contains":"time","values":{"max":0.095743,"p(90)":0,"p(95)":0,"avg":0.0000015673733322419578,"min":0,"med":0}},"http_req_receiving":{"contains":"time","values":{"avg":0.021739939477777134,"min":0.013014,"med":0.020746,"max":0.371609,"p(90)":0.026956599999999997,"p(95)":0.028691},"type":"trend"},"http_req_tls_handshaking":{"type":"trend","contains":"time","values":{"avg":0,"min":0,"med":0,"max":0,"p(90)":0,"p(95)":0}},"vus_max":{"type":"gauge","contains":"default","values":{"value":1,"min":1,"max":1}},"checks":{"type":"rate","contains":"default","values":{"rate":1,"passes":61085,"fails":0}},"iterations":{"contains":"default","values":{"rate":1018.0577376820127,"count":61085},"type":"counter"},"vus":{"type":"gauge","contains":"default","values":{"value":1,"min":1,"max":1}},"http_req_failed":{"contains":"default","values":{"passes":0,"fails":61085,"rate":0},"type":"rate"},"http_req_duration{expected_response:true}":{"type":"trend","contains":"time","values":{"avg":0.9182082640255387,"min":0.614446,"med":0.85573,"max":62.917365,"p(90)":1.0400091999999999,"p(95)":1.157611}},"http_req_waiting":{"values":{"p(90)":1.0099478,"p(95)":1.1275823999999992,"avg":0.8885112143243015,"min":0.591926,"med":0.826576,"max":62.859183},"type":"trend","contains":"time"},"data_received":{"type":"counter","contains":"data","values":{"count":24311830,"rate":405186.97959744104}},"http_req_duration":{"type":"trend","contains":"time","values":{"avg":0.9182082640255387,"min":0.614446,"med":0.85573,"max":62.917365,"p(90)":1.0400091999999999,"p(95)":1.157611}}},"metadata":{"type":"GRPC","testConfig":{"id":"8244654e-51ff-481d-bd43-bbc86715a505","name":"create-card","vus":1,"duration":"1m","executedAt":"2022-07-25T08:29:37.475Z"}},"root_group":{"id":"d41d8cd98f00b204e9800998ecf8427e","groups":[],"checks":[{"name":"is status 201","path":"::is status 201","id":"d8b97380f72868aef5b0eadc0ce32c21","passes":61085,"fails":0}],"name":"","path":""},"options":{"noColor":false,"summaryTrendStats":["avg","min","med","max","p(90)","p(95)"],"summaryTimeUnit":""}}