{"metrics":{"vus_max":{"type":"gauge","contains":"default","values":{"max":50,"value":50,"min":50}},"vus":{"type":"gauge","contains":"default","values":{"max":50,"value":50,"min":50}},"http_req_waiting":{"contains":"time","values":{"med":9.59521,"max":123.900608,"p(90)":16.539023399999998,"p(95)":18.968499199999997,"avg":10.34889802450781,"min":0.980583},"type":"trend"},"http_req_tls_handshaking":{"type":"trend","contains":"time","values":{"min":0,"med":0,"max":0,"p(90)":0,"p(95)":0,"avg":0}},"checks":{"type":"rate","contains":"default","values":{"rate":1,"passes":283909,"fails":0}},"data_sent":{"values":{"count":60472617,"rate":1007772.6921190565},"type":"counter","contains":"data"},"http_reqs":{"contains":"default","values":{"count":283909,"rate":4731.327193047214},"type":"counter"},"iterations":{"contains":"default","values":{"rate":4731.327193047214,"count":283909},"type":"counter"},"http_req_duration{expected_response:true}":{"type":"trend","contains":"time","values":{"avg":10.41215846196847,"min":1.037315,"med":9.653134,"max":123.950064,"p(90)":16.6137966,"p(95)":19.04925999999999}},"iteration_duration":{"type":"trend","contains":"time","values":{"min":1.141708,"med":9.793057,"max":124.059927,"p(90)":16.768148200000002,"p(95)":19.212610599999998,"avg":10.555685369234407}},"http_req_failed":{"type":"rate","contains":"default","values":{"rate":0,"passes":0,"fails":283909}},"http_req_duration":{"type":"trend","contains":"time","values":{"p(90)":16.6137966,"p(95)":19.04925999999999,"avg":10.41215846196847,"min":1.037315,"med":9.653134,"max":123.950064}},"http_req_blocked":{"type":"trend","contains":"time","values":{"p(90)":0.003144,"p(95)":0.003698599999999977,"avg":0.003091288187412182,"min":0.000816,"med":0.002114,"max":7.74245}},"data_received":{"values":{"count":112427964,"rate":1873605.5684466965},"type":"counter","contains":"data"},"http_req_connecting":{"contains":"time","values":{"max":2.130566,"p(90)":0,"p(95)":0,"avg":0.00002910601988665382,"min":0,"med":0},"type":"trend"},"http_req_sending":{"type":"trend","contains":"time","values":{"avg":0.018262734989027904,"min":0.004921,"med":0.012278,"max":14.725427,"p(90)":0.020081,"p(95)":0.027316599999999976}},"http_req_receiving":{"type":"trend","contains":"time","values":{"med":0.026934,"max":15.579985,"p(90)":0.050695,"p(95)":0.08882599999999977,"avg":0.04499770247156675,"min":0.009911}}},"metadata":{"testConfig":{"vus":50,"duration":"1m","executedAt":"2022-07-25T08:18:06.257Z","id":"14db1832-359c-4226-a0e5-59ee9399888a","name":"create-card"},"type":"REST"},"root_group":{"groups":[],"checks":[{"path":"::is status 201","id":"d8b97380f72868aef5b0eadc0ce32c21","passes":283909,"fails":0,"name":"is status 201"}],"name":"","path":"","id":"d41d8cd98f00b204e9800998ecf8427e"},"options":{"summaryTrendStats":["avg","min","med","max","p(90)","p(95)"],"summaryTimeUnit":"","noColor":false},"state":{"isStdErrTTY":true,"testRunDurationMs":60006.207226,"isStdOutTTY":true}}