{"state":{"isStdOutTTY":true,"isStdErrTTY":true,"testRunDurationMs":60001.439475},"metrics":{"http_req_receiving":{"type":"trend","contains":"time","values":{"min":0.011745,"med":0.020748,"max":2.36773,"p(90)":0.026994,"p(95)":0.02866,"avg":0.021765769113125888}},"iterations":{"type":"counter","contains":"default","values":{"count":64079,"rate":1067.9577116928826}},"http_req_duration":{"type":"trend","contains":"time","values":{"avg":0.8729847324240383,"min":0.613055,"med":0.854369,"max":56.047143,"p(90)":1.0431644,"p(95)":1.1579673999999998}},"http_req_blocked":{"type":"trend","contains":"time","values":{"med":0.001239,"max":0.208525,"p(90)":0.001556,"p(95)":0.001744,"avg":0.0013198968772921136,"min":0.000946}},"vus":{"type":"gauge","contains":"default","values":{"value":1,"min":1,"max":1}},"http_req_tls_handshaking":{"type":"trend","contains":"time","values":{"max":0,"p(90)":0,"p(95)":0,"avg":0,"min":0,"med":0}},"data_received":{"values":{"count":25503442,"rate":425047.1692537673},"type":"counter","contains":"data"},"checks":{"contains":"default","values":{"rate":1,"passes":64079,"fails":0},"type":"rate"},"data_sent":{"type":"counter","contains":"data","values":{"count":13648827,"rate":227474.992590584}},"http_req_waiting":{"type":"trend","contains":"time","values":{"avg":0.8432748121381449,"min":0.587851,"med":0.825151,"max":55.997026,"p(90)":1.0127536,"p(95)":1.1272693}},"http_reqs":{"contains":"default","values":{"count":64079,"rate":1067.9577116928826},"type":"counter"},"http_req_duration{expected_response:true}":{"type":"trend","contains":"time","values":{"min":0.613055,"med":0.854369,"max":56.047143,"p(90)":1.0431644,"p(95)":1.1579673999999998,"avg":0.8729847324240383}},"vus_max":{"type":"gauge","contains":"default","values":{"max":1,"value":1,"min":1}},"http_req_connecting":{"type":"trend","contains":"time","values":{"avg":0.0000021882363956990593,"min":0,"med":0,"max":0.14022,"p(90)":0,"p(95)":0}},"http_req_sending":{"type":"trend","contains":"time","values":{"p(95)":0.011001,"avg":0.007944151172771167,"min":0.005578,"med":0.007306,"max":0.295718,"p(90)":0.010065}},"iteration_duration":{"type":"trend","contains":"time","values":{"max":56.128604,"p(90)":1.1027286,"p(95)":1.2183746999999998,"avg":0.9318218917430022,"min":0.667752,"med":0.912059}},"http_req_failed":{"type":"rate","contains":"default","values":{"rate":0,"passes":0,"fails":64079}}},"metadata":{"type":"GRPC","testConfig":{"id":"8244654e-51ff-481d-bd43-bbc86715a505","name":"create-card","vus":1,"duration":"1m","executedAt":"2022-07-25T08:32:40.909Z"}},"root_group":{"name":"","path":"","id":"d41d8cd98f00b204e9800998ecf8427e","groups":[],"checks":[{"name":"is status 201","path":"::is status 201","id":"d8b97380f72868aef5b0eadc0ce32c21","passes":64079,"fails":0}]},"options":{"summaryTrendStats":["avg","min","med","max","p(90)","p(95)"],"summaryTimeUnit":"","noColor":false}}