{"options":{"summaryTrendStats":["avg","min","med","max","p(90)","p(95)"],"summaryTimeUnit":"","noColor":false},"state":{"isStdOutTTY":true,"isStdErrTTY":true,"testRunDurationMs":60002.12918},"metrics":{"http_req_connecting":{"type":"trend","contains":"time","values":{"p(95)":0,"avg":0.0000022164737321166007,"min":0,"med":0,"max":0.114854,"p(90)":0}},"http_req_failed":{"type":"rate","contains":"default","values":{"passes":0,"fails":342776,"rate":0}},"http_req_duration{expected_response:true}":{"type":"trend","contains":"time","values":{"min":0.75752,"med":1.370164,"max":74.57193,"p(90)":1.9318214999999999,"p(95)":2.153589,"avg":1.6441842956478934}},"http_req_receiving":{"type":"trend","contains":"time","values":{"avg":0.02864395911324024,"min":0.008391,"med":0.02294,"max":6.286714,"p(90)":0.0369605,"p(95)":0.04731625}},"iterations":{"values":{"count":342776,"rate":5712.730609470683},"type":"counter","contains":"default"},"http_req_blocked":{"type":"trend","contains":"time","values":{"med":0.001732,"max":2.491801,"p(90)":0.002538,"p(95)":0.003035,"avg":0.0021057776127850498,"min":0.000851}},"vus":{"type":"gauge","contains":"default","values":{"value":10,"min":10,"max":10}},"checks":{"type":"rate","contains":"default","values":{"rate":1,"passes":342776,"fails":0}},"data_received":{"contains":"data","values":{"count":136424848,"rate":2273666.7825693316},"type":"counter"},"data_sent":{"type":"counter","contains":"data","values":{"count":73011288,"rate":1216811.6198172553}},"http_req_waiting":{"type":"trend","contains":"time","values":{"avg":1.6032517099183905,"min":0.725359,"med":1.331042,"max":74.519465,"p(90)":1.8901395,"p(95)":2.111116}},"iteration_duration":{"values":{"avg":1.7426762773035676,"min":0.838649,"med":1.4667810000000001,"max":74.689461,"p(90)":2.030551,"p(95)":2.2556054999999997},"type":"trend","contains":"time"},"vus_max":{"type":"gauge","contains":"default","values":{"value":10,"min":10,"max":10}},"http_req_sending":{"type":"trend","contains":"time","values":{"p(95)":0.01912225,"avg":0.012288626616215806,"min":0.004829,"med":0.010197,"max":5.434996,"p(90)":0.015375}},"http_reqs":{"type":"counter","contains":"default","values":{"rate":5712.730609470683,"count":342776}},"http_req_duration":{"type":"trend","contains":"time","values":{"avg":1.6441842956478934,"min":0.75752,"med":1.370164,"max":74.57193,"p(90)":1.9318214999999999,"p(95)":2.153589}},"http_req_tls_handshaking":{"contains":"time","values":{"p(90)":0,"p(95)":0,"avg":0,"min":0,"med":0,"max":0},"type":"trend"}},"metadata":{"type":"GRPC","testConfig":{"executedAt":"2022-07-25T08:35:09.900Z","id":"dfce9f52-4c55-4845-bbc2-5ec8279ccf6e","name":"create-card","vus":10,"duration":"1m"}},"root_group":{"groups":[],"checks":[{"name":"is status 201","path":"::is status 201","id":"d8b97380f72868aef5b0eadc0ce32c21","passes":342776,"fails":0}],"name":"","path":"","id":"d41d8cd98f00b204e9800998ecf8427e"}}