{"state":{"isStdOutTTY":true,"isStdErrTTY":true,"testRunDurationMs":60022.53958},"metrics":{"vus":{"type":"gauge","contains":"default","values":{"value":10,"min":10,"max":10}},"http_reqs":{"contains":"default","values":{"count":234526,"rate":3907.2988520823264},"type":"counter"},"http_req_duration{expected_response:true}":{"type":"trend","contains":"time","values":{"avg":2.4350264790129126,"min":0.923944,"med":2.102988,"max":119.811122,"p(90)":3.1235325,"p(95)":3.75881925}},"http_req_connecting":{"type":"trend","contains":"time","values":{"max":0.15161,"p(90)":0,"p(95)":0,"avg":0.000004152447916222508,"min":0,"med":0}},"iteration_duration":{"type":"trend","contains":"time","values":{"p(90)":3.2433965000000002,"p(95)":3.88816975,"avg":2.5501020441102225,"min":0.994012,"med":2.2134395,"max":119.913407}},"data_received":{"type":"counter","contains":"data","values":{"count":93341348,"rate":1555104.9431287658}},"vus_max":{"type":"gauge","contains":"default","values":{"value":10,"min":10,"max":10}},"http_req_blocked":{"type":"trend","contains":"time","values":{"avg":0.0024650202408262,"min":0.000882,"med":0.001968,"max":5.706883,"p(90)":0.002995,"p(95)":0.003442}},"iterations":{"type":"counter","contains":"default","values":{"count":234526,"rate":3907.2988520823264}},"http_req_receiving":{"type":"trend","contains":"time","values":{"p(95)":0.0615555,"avg":0.0354788421667535,"min":0.0097,"med":0.028125,"max":6.813882,"p(90)":0.047971}},"http_req_failed":{"type":"rate","contains":"default","values":{"rate":0,"passes":0,"fails":234526}},"checks":{"type":"rate","contains":"default","values":{"rate":1,"passes":234526,"fails":0}},"data_sent":{"type":"counter","contains":"data","values":{"rate":832254.6554935356,"count":49954038}},"http_req_tls_handshaking":{"type":"trend","contains":"time","values":{"max":0,"p(90)":0,"p(95)":0,"avg":0,"min":0,"med":0}},"http_req_sending":{"type":"trend","contains":"time","values":{"avg":0.014557278753741304,"min":0.004865,"med":0.011765,"max":7.766351,"p(90)":0.019402,"p(95)":0.02386175}},"http_req_waiting":{"type":"trend","contains":"time","values":{"min":0.878501,"med":2.0559469999999997,"max":119.753684,"p(90)":3.070715,"p(95)":3.703128,"avg":2.384990358092481}},"http_req_duration":{"contains":"time","values":{"avg":2.4350264790129126,"min":0.923944,"med":2.102988,"max":119.811122,"p(90)":3.1235325,"p(95)":3.75881925},"type":"trend"}},"metadata":{"type":"REST","testConfig":{"vus":10,"duration":"1m","executedAt":"2022-07-25T08:08:11.837Z","id":"dfce9f52-4c55-4845-bbc2-5ec8279ccf6e","name":"create-card"}},"root_group":{"id":"d41d8cd98f00b204e9800998ecf8427e","groups":[],"checks":[{"fails":0,"name":"is status 201","path":"::is status 201","id":"d8b97380f72868aef5b0eadc0ce32c21","passes":234526}],"name":"","path":""},"options":{"summaryTrendStats":["avg","min","med","max","p(90)","p(95)"],"summaryTimeUnit":"","noColor":false}}