{"state":{"isStdOutTTY":true,"isStdErrTTY":true,"testRunDurationMs":60001.32721},"metrics":{"http_req_receiving":{"values":{"avg":0.02168243699972195,"min":0.013337,"med":0.020711,"max":0.417005,"p(90)":0.026891,"p(95)":0.028576699999999997},"type":"trend","contains":"time"},"http_req_failed":{"type":"rate","contains":"default","values":{"rate":0,"passes":0,"fails":64714}},"http_req_sending":{"type":"trend","contains":"time","values":{"max":1.152376,"p(90)":0.009959700000000005,"p(95)":0.01082735,"avg":0.007871921207157687,"min":0.005482,"med":0.007244}},"iterations":{"type":"counter","contains":"default","values":{"count":64714,"rate":1078.5428091199717}},"http_req_tls_handshaking":{"contains":"time","values":{"p(95)":0,"avg":0,"min":0,"med":0,"max":0,"p(90)":0},"type":"trend"},"http_reqs":{"contains":"default","values":{"count":64714,"rate":1078.5428091199717},"type":"counter"},"data_sent":{"type":"counter","contains":"data","values":{"count":13784082,"rate":229729.618342554}},"data_received":{"values":{"count":25756172,"rate":429260.0380297488},"type":"counter","contains":"data"},"http_req_duration":{"type":"trend","contains":"time","values":{"avg":0.8641695769848835,"min":0.623604,"med":0.8522505,"max":66.196712,"p(90)":1.0422092,"p(95)":1.1488205999999999}},"vus_max":{"type":"gauge","contains":"default","values":{"max":1,"value":1,"min":1}},"http_req_waiting":{"type":"trend","contains":"time","values":{"avg":0.8346152187780037,"min":0.595571,"med":0.823131,"max":66.142281,"p(90)":1.0118587,"p(95)":1.1187525999999999}},"http_req_connecting":{"type":"trend","contains":"time","values":{"avg":0.0000010893315202274623,"min":0,"med":0,"max":0.070495,"p(90)":0,"p(95)":0}},"http_req_blocked":{"contains":"time","values":{"p(95)":0.001758,"avg":0.0013190503445931468,"min":0.000933,"med":0.001239,"max":0.158307,"p(90)":0.00158},"type":"trend"},"iteration_duration":{"type":"trend","contains":"time","values":{"min":0.676741,"med":0.9100790000000001,"max":66.275902,"p(90)":1.1013063,"p(95)":1.2087579,"avg":0.9227114520196532}},"vus":{"type":"gauge","contains":"default","values":{"min":1,"max":1,"value":1}},"http_req_duration{expected_response:true}":{"type":"trend","contains":"time","values":{"avg":0.8641695769848835,"min":0.623604,"med":0.8522505,"max":66.196712,"p(90)":1.0422092,"p(95)":1.1488205999999999}},"checks":{"contains":"default","values":{"passes":64714,"fails":0,"rate":1},"type":"rate"}},"metadata":{"type":"GRPC","testConfig":{"id":"8244654e-51ff-481d-bd43-bbc86715a505","name":"create-card","vus":1,"duration":"1m","executedAt":"2022-07-25T08:31:39.776Z"}},"root_group":{"name":"","path":"","id":"d41d8cd98f00b204e9800998ecf8427e","groups":[],"checks":[{"name":"is status 201","path":"::is status 201","id":"d8b97380f72868aef5b0eadc0ce32c21","passes":64714,"fails":0}]},"options":{"summaryTrendStats":["avg","min","med","max","p(90)","p(95)"],"summaryTimeUnit":"","noColor":false}}