{"state":{"isStdOutTTY":true,"isStdErrTTY":true,"testRunDurationMs":60047.813133},"metrics":{"http_req_failed":{"type":"rate","contains":"default","values":{"rate":0,"passes":0,"fails":414617}},"http_req_receiving":{"type":"trend","contains":"time","values":{"p(95)":0.07965099999999953,"avg":0.042147509737902884,"min":0.009214,"med":0.023759,"max":27.109739,"p(90)":0.044378400000000026}},"http_req_connecting":{"contains":"time","values":{"p(95)":0,"avg":0.0009204665607054222,"min":0,"med":0,"max":39.313526,"p(90)":0},"type":"trend"},"data_sent":{"type":"counter","contains":"data","values":{"count":88313421,"rate":1470718.3557941478}},"iteration_duration":{"values":{"max":171.498121,"p(90)":23.118527400000005,"p(95)":28.6228456,"avg":14.463116876257091,"min":1.001536,"med":12.882448},"type":"trend","contains":"time"},"http_req_waiting":{"type":"trend","contains":"time","values":{"avg":14.273263373340304,"min":0.863703,"med":12.705889,"max":171.370814,"p(90)":22.894788000000005,"p(95)":28.3708086}},"data_received":{"type":"counter","contains":"data","values":{"count":165017565,"rate":2748102.8265675944}},"http_req_tls_handshaking":{"contains":"time","values":{"min":0,"med":0,"max":0,"p(90)":0,"p(95)":0,"avg":0},"type":"trend"},"http_req_duration":{"type":"trend","contains":"time","values":{"avg":14.331519152241848,"min":0.892711,"med":12.756337,"max":171.40496,"p(90)":22.9763016,"p(95)":28.479588199999984}},"checks":{"type":"rate","contains":"default","values":{"rate":1,"passes":414617,"fails":0}},"iterations":{"type":"counter","contains":"default","values":{"count":414617,"rate":6904.781013118065}},"vus_max":{"type":"gauge","contains":"default","values":{"max":100,"value":100,"min":100}},"vus":{"type":"gauge","contains":"default","values":{"min":100,"max":100,"value":100}},"http_req_blocked":{"type":"trend","contains":"time","values":{"p(95)":0.003348,"avg":0.003644531767872181,"min":0.00084,"med":0.00182,"max":39.351743,"p(90)":0.002799}},"http_req_duration{expected_response:true}":{"values":{"avg":14.331519152241848,"min":0.892711,"med":12.756337,"max":171.40496,"p(90)":22.9763016,"p(95)":28.479588199999984},"type":"trend","contains":"time"},"http_req_sending":{"type":"trend","contains":"time","values":{"min":0.005018,"med":0.01065,"max":16.691164,"p(90)":0.016984,"p(95)":0.023799199999999954,"avg":0.016108269164071695}},"http_reqs":{"type":"counter","contains":"default","values":{"count":414617,"rate":6904.781013118065}}},"metadata":{"type":"GRPC","testConfig":{"id":"f889ac39-6948-4782-afa0-93f678ad1a98","name":"create-card","vus":100,"duration":"1m","executedAt":"2022-07-25T08:52:40.489Z"}},"root_group":{"checks":[{"name":"is status 201","path":"::is status 201","id":"d8b97380f72868aef5b0eadc0ce32c21","passes":414617,"fails":0}],"name":"","path":"","id":"d41d8cd98f00b204e9800998ecf8427e","groups":[]},"options":{"summaryTrendStats":["avg","min","med","max","p(90)","p(95)"],"summaryTimeUnit":"","noColor":false}}