{"state":{"isStdOutTTY":true,"isStdErrTTY":true,"testRunDurationMs":60012.252776},"metrics":{"http_reqs":{"type":"counter","contains":"default","values":{"count":414149,"rate":6901.074044759503}},"http_req_duration":{"type":"trend","contains":"time","values":{"med":13.397687,"max":148.519932,"p(90)":22.4827556,"p(95)":25.1223054,"avg":14.334745550697887,"min":1.010417}},"vus_max":{"type":"gauge","contains":"default","values":{"value":100,"min":100,"max":100}},"http_req_duration{expected_response:true}":{"type":"trend","contains":"time","values":{"avg":14.334745550697887,"min":1.010417,"med":13.397687,"max":148.519932,"p(90)":22.4827556,"p(95)":25.1223054}},"http_req_waiting":{"type":"trend","contains":"time","values":{"p(95)":25.0285048,"avg":14.271609476745967,"min":0.966191,"med":13.344699,"max":148.4791,"p(90)":22.379216800000002}},"http_req_tls_handshaking":{"type":"trend","contains":"time","values":{"med":0,"max":0,"p(90)":0,"p(95)":0,"avg":0,"min":0}},"http_req_sending":{"values":{"min":0.005046,"med":0.011425,"max":30.240547,"p(90)":0.018306,"p(95)":0.025245,"avg":0.01727458435007678},"type":"trend","contains":"time"},"iteration_duration":{"type":"trend","contains":"time","values":{"p(90)":22.6561138,"p(95)":25.271213399999993,"avg":14.47505547481712,"min":1.085403,"med":13.527331,"max":148.643817}},"http_req_blocked":{"type":"trend","contains":"time","values":{"p(95)":0.003546,"avg":0.00374654675491154,"min":0.000836,"med":0.001933,"max":32.529172,"p(90)":0.00295}},"iterations":{"type":"counter","contains":"default","values":{"count":414149,"rate":6901.074044759503}},"http_req_failed":{"type":"rate","contains":"default","values":{"rate":0,"passes":0,"fails":414149}},"data_sent":{"type":"counter","contains":"data","values":{"count":88213737,"rate":1469928.7715337742}},"http_req_receiving":{"contains":"time","values":{"avg":0.04586148960156841,"min":0.009483,"med":0.025275,"max":22.165963,"p(90)":0.047142,"p(95)":0.0844411999999996},"type":"trend"},"data_received":{"type":"counter","contains":"data","values":{"count":164831302,"rate":2746627.469814282}},"http_req_connecting":{"type":"trend","contains":"time","values":{"avg":0.0008412331310711848,"min":0,"med":0,"max":30.075468,"p(90)":0,"p(95)":0}},"checks":{"type":"rate","contains":"default","values":{"passes":414149,"fails":0,"rate":1}},"vus":{"type":"gauge","contains":"default","values":{"value":100,"min":100,"max":100}}},"metadata":{"type":"GRPC","testConfig":{"id":"f889ac39-6948-4782-afa0-93f678ad1a98","name":"create-card","vus":100,"duration":"1m","executedAt":"2022-07-25T08:53:41.882Z"}},"root_group":{"groups":[],"checks":[{"id":"d8b97380f72868aef5b0eadc0ce32c21","passes":414149,"fails":0,"name":"is status 201","path":"::is status 201"}],"name":"","path":"","id":"d41d8cd98f00b204e9800998ecf8427e"},"options":{"noColor":false,"summaryTrendStats":["avg","min","med","max","p(90)","p(95)"],"summaryTimeUnit":""}}