{"options":{"summaryTrendStats":["avg","min","med","max","p(90)","p(95)"],"summaryTimeUnit":"","noColor":false},"state":{"isStdOutTTY":true,"isStdErrTTY":true,"testRunDurationMs":60006.126038},"metrics":{"checks":{"type":"rate","contains":"default","values":{"rate":1,"passes":276859,"fails":0}},"http_req_receiving":{"type":"trend","contains":"time","values":{"min":0.009523,"med":0.026708,"max":23.917269,"p(90)":0.050221200000000014,"p(95)":0.08777029999999993,"avg":0.045267758653322804}},"http_req_sending":{"type":"trend","contains":"time","values":{"min":0.00485,"med":0.012223,"max":16.153171,"p(90)":0.01992,"p(95)":0.027258,"avg":0.018290051708631353}},"http_req_waiting":{"type":"trend","contains":"time","values":{"avg":10.617132382981902,"min":1.080119,"med":9.60091,"max":97.938593,"p(90)":17.376908800000002,"p(95)":20.669351799999998}},"data_received":{"type":"counter","contains":"data","values":{"count":109636164,"rate":1827082.8536834866}},"http_req_duration":{"type":"trend","contains":"time","values":{"max":97.980858,"p(90)":17.4559252,"p(95)":20.765769399999996,"avg":10.680690193343883,"min":1.14282,"med":9.657927}},"iterations":{"contains":"default","values":{"rate":4613.845590109814,"count":276859},"type":"counter"},"http_req_connecting":{"type":"trend","contains":"time","values":{"med":0,"max":2.81337,"p(90)":0,"p(95)":0,"avg":0.00011937374620294084,"min":0}},"data_sent":{"values":{"count":58970967,"rate":982749.1106933905},"type":"counter","contains":"data"},"http_req_duration{expected_response:true}":{"type":"trend","contains":"time","values":{"p(90)":17.4559252,"p(95)":20.765769399999996,"avg":10.680690193343883,"min":1.14282,"med":9.657927,"max":97.980858}},"iteration_duration":{"type":"trend","contains":"time","values":{"avg":10.824793281316525,"min":1.248267,"med":9.79978,"max":98.086148,"p(90)":17.609393000000004,"p(95)":20.92993459999998}},"http_req_tls_handshaking":{"type":"trend","contains":"time","values":{"med":0,"max":0,"p(90)":0,"p(95)":0,"avg":0,"min":0}},"http_reqs":{"type":"counter","contains":"default","values":{"count":276859,"rate":4613.845590109814}},"http_req_failed":{"values":{"passes":0,"fails":276859,"rate":0},"type":"rate","contains":"default"},"vus":{"type":"gauge","contains":"default","values":{"value":50,"min":50,"max":50}},"http_req_blocked":{"type":"trend","contains":"time","values":{"avg":0.003156966676178156,"min":0.000828,"med":0.002089,"max":12.779686,"p(90)":0.003104,"p(95)":0.003647}},"vus_max":{"type":"gauge","contains":"default","values":{"max":50,"value":50,"min":50}}},"metadata":{"type":"REST","testConfig":{"vus":50,"duration":"1m","executedAt":"2022-07-25T08:17:05.090Z","id":"14db1832-359c-4226-a0e5-59ee9399888a","name":"create-card"}},"root_group":{"name":"","path":"","id":"d41d8cd98f00b204e9800998ecf8427e","groups":[],"checks":[{"name":"is status 201","path":"::is status 201","id":"d8b97380f72868aef5b0eadc0ce32c21","passes":276859,"fails":0}]}}