{"metrics":{"data_sent":{"values":{"count":57879188,"rate":964195.9488805477},"type":"counter","contains":"data"},"vus":{"contains":"default","values":{"max":100,"value":100,"min":100},"type":"gauge"},"http_reqs":{"type":"counter","contains":"default","values":{"count":150336,"rate":2504.4125043859635}},"http_req_tls_handshaking":{"type":"trend","contains":"time","values":{"min":0,"med":0,"avg":0,"max":0,"p(90)":0,"p(95)":0,"p(99)":0}},"iterations":{"contains":"default","values":{"count":150335,"rate":2504.395845618241},"type":"counter"},"http_req_failed":{"type":"rate","contains":"default","values":{"rate":0,"passes":0,"fails":150336}},"http_req_duration{expected_response:true}":{"values":{"min":1.638278,"med":37.861326500000004,"avg":39.75397473306515,"max":158.964647,"p(90)":60.273922,"p(95)":67.86567775,"p(99)":83.08344464999998},"type":"trend","contains":"time"},"http_req_duration":{"type":"trend","contains":"time","values":{"max":158.964647,"p(90)":60.273922,"p(95)":67.86567775,"p(99)":83.08344464999998,"min":1.638278,"med":37.861326500000004,"avg":39.75397473306515}},"http_req_connecting":{"values":{"p(99)":0,"min":0,"med":0,"avg":0.0020171187406875265,"max":36.677926,"p(90)":0,"p(95)":0},"type":"trend","contains":"time"},"vus_max":{"type":"gauge","contains":"default","values":{"max":100,"value":100,"min":100}},"http_req_blocked":{"type":"trend","contains":"time","values":{"p(95)":0.003757,"p(99)":0.0071173499999998896,"min":0.00099,"med":0.002329,"avg":0.0047379002168476585,"max":36.735592,"p(90)":0.003297}},"data_received":{"type":"counter","contains":"data","values":{"count":52316979,"rate":871536.4011234692}},"http_req_waiting":{"type":"trend","contains":"time","values":{"min":1.523272,"med":37.8001275,"avg":39.69241403714309,"max":158.856917,"p(90)":60.2079385,"p(95)":67.81000775000001,"p(99)":82.95556034999994}},"http_req_receiving":{"type":"trend","contains":"time","values":{"p(90)":0.051755,"p(95)":0.06445275,"p(99)":0.24756749999999983,"min":0.013189,"med":0.026638,"avg":0.043985268957535205,"max":29.727908}},"http_req_sending":{"type":"trend","contains":"time","values":{"max":36.544834,"p(90)":0.0209825,"p(95)":0.02522425,"p(99)":0.057080449999999575,"min":0.006695,"med":0.013469,"avg":0.017575426963601537}},"checks":{"type":"rate","contains":"default","values":{"rate":1,"passes":150335,"fails":0},"thresholds":{"rate>0.99":{"ok":true}}},"iteration_duration":{"values":{"p(95)":68.01188775,"p(99)":83.27801769999982,"min":2.030961,"med":38.003104,"avg":39.90027523563201,"max":159.66945,"p(90)":60.4259625},"type":"trend","contains":"time"}},"setup_data":{"card":{"active":true,"expiration_month":10,"expiration_year":2027,"id":"3a049cbf-0719-4e00-91e0-ae73584a52f1","masked_number":"4532********9570","token":"ee4c0d4814e5412b82efd0470c44eec2fd155a7ffda541c5a06d0940d96b20bb","cardholder_name":"Vinicius Barbosa","is_credit":true,"is_debit":true}},"metadata":{"type":"REST","testConfig":{"vus":100,"duration":"1m","executedAt":"2022-10-31T17:28:35.596Z","id":"240a7dee-fed8-4fa0-b279-a79cdad6331d","name":"create-card-payment"},"useDatabase":false},"root_group":{"name":"","path":"","id":"d41d8cd98f00b204e9800998ecf8427e","groups":[{"name":"setup","path":"::setup","id":"5c0f8025f7e0b6654089e5b00e950f1a","groups":[],"checks":[]}],"checks":[{"name":"is status 201","path":"::is status 201","id":"d8b97380f72868aef5b0eadc0ce32c21","passes":150335,"fails":0}]},"options":{"summaryTrendStats":["min","med","avg","max","p(90)","p(95)","p(99)"],"summaryTimeUnit":"","noColor":false},"state":{"isStdOutTTY":true,"isStdErrTTY":true,"testRunDurationMs":60028.449681}}