{"state":{"isStdOutTTY":true,"isStdErrTTY":true,"testRunDurationMs":60003.9666},"metrics":{"http_req_waiting":{"type":"trend","contains":"time","values":{"med":1.1957235,"avg":1.2577445756046493,"max":4.910649,"p(90)":1.4803161999999999,"p(95)":1.66212055,"p(99)":1.9204844700000003,"min":1.056273}},"checks":{"type":"rate","contains":"default","values":{"rate":1,"passes":42999,"fails":0},"thresholds":{"rate>0.99":{"ok":true}}},"http_req_duration":{"type":"trend","contains":"time","values":{"p(99)":1.9724767400000003,"min":1.091704,"med":1.2329919999999999,"avg":1.2974413256046542,"max":4.998748,"p(90)":1.5383556999999999,"p(95)":1.7108118499999998}},"http_req_sending":{"values":{"med":0.011596,"avg":0.011701454116279045,"max":0.222281,"p(90)":0.014292,"p(95)":0.015383,"p(99)":0.018657060000000013,"min":0.007224},"type":"trend","contains":"time"},"http_req_tls_handshaking":{"values":{"med":0,"avg":0,"max":0,"p(90)":0,"p(95)":0,"p(99)":0,"min":0},"type":"trend","contains":"time"},"http_reqs":{"type":"counter","contains":"default","values":{"rate":716.619290965341,"count":43000}},"http_req_connecting":{"type":"trend","contains":"time","values":{"p(95)":0,"p(99)":0,"min":0,"med":0,"avg":0.000005138232558139535,"max":0.128417,"p(90)":0}},"data_sent":{"type":"counter","contains":"data","values":{"count":16554828,"rate":275895.5605444924}},"iterations":{"values":{"count":42999,"rate":716.6026254004348},"type":"counter","contains":"default"},"http_req_failed":{"type":"rate","contains":"default","values":{"rate":0,"passes":0,"fails":43000}},"vus":{"type":"gauge","contains":"default","values":{"value":1,"min":1,"max":1}},"http_req_duration{expected_response:true}":{"type":"trend","contains":"time","values":{"min":1.091704,"med":1.2329919999999999,"avg":1.2974413256046542,"max":4.998748,"p(90)":1.5383556999999999,"p(95)":1.7108118499999998,"p(99)":1.9724767400000003}},"http_req_blocked":{"contains":"time","values":{"min":0.001194,"med":0.0016,"avg":0.0017401593023255845,"max":0.232653,"p(90)":0.002128,"p(95)":0.002395049999999996,"p(99)":0.003178},"type":"trend"},"data_received":{"type":"counter","contains":"data","values":{"count":14964051,"rate":249384.36319974888}},"http_req_receiving":{"contains":"time","values":{"p(99)":0.05255503,"min":0.018413,"med":0.0258965,"avg":0.027995295883721138,"max":0.218633,"p(90)":0.03652709999999999,"p(95)":0.043496},"type":"trend"},"vus_max":{"values":{"value":1,"min":1,"max":1},"type":"gauge","contains":"default"},"iteration_duration":{"type":"trend","contains":"time","values":{"p(90)":1.6540355,"p(95)":1.8146974499999993,"p(99)":2.0774899400000026,"min":1.18379,"med":1.3207415,"avg":1.3889875536046443,"max":5.373647}}},"setup_data":{"card":{"expiration_month":10,"expiration_year":2027,"id":"b8425ba3-1f0d-4f3e-a51d-470381eaf8d0","is_debit":true,"masked_number":"4916********8723","token":"56e9a74ac7f64d4d88e92c5ed936eacb557a302d9f6642249906b2d3429eaefc","active":true,"is_credit":true,"cardholder_name":"Vinicius Barbosa"}},"metadata":{"type":"REST","testConfig":{"id":"dad9c90f-2411-4200-9356-eeb9588680e0","name":"create-card-payment","vus":1,"duration":"1m","executedAt":"2022-10-31T17:23:14.201Z"},"useDatabase":false},"root_group":{"id":"d41d8cd98f00b204e9800998ecf8427e","groups":[{"path":"::setup","id":"5c0f8025f7e0b6654089e5b00e950f1a","groups":[],"checks":[],"name":"setup"}],"checks":[{"name":"is status 201","path":"::is status 201","id":"d8b97380f72868aef5b0eadc0ce32c21","passes":42999,"fails":0}],"name":"","path":""},"options":{"summaryTrendStats":["min","med","avg","max","p(90)","p(95)","p(99)"],"summaryTimeUnit":"","noColor":false}}