{"metrics":{"http_req_tls_handshaking":{"type":"trend","contains":"time","values":{"med":0,"avg":0,"max":0,"p(90)":0,"p(95)":0,"p(99)":0,"min":0}},"http_req_duration":{"values":{"p(95)":1.0136995,"p(99)":1.4542173799999998,"min":0.634889,"med":0.785919,"avg":0.8174800673568778,"max":5.207266,"p(90)":0.8955333999999999},"type":"trend","contains":"time"},"iterations":{"values":{"count":65679,"rate":1094.5882658967996},"type":"counter","contains":"default"},"checks":{"type":"rate","contains":"default","values":{"rate":1,"passes":65679,"fails":0},"thresholds":{"rate>0.99":{"ok":true}}},"http_req_connecting":{"type":"trend","contains":"time","values":{"avg":0.0000026059074299634594,"max":0.113632,"p(90)":0,"p(95)":0,"p(99)":0,"min":0,"med":0}},"http_req_waiting":{"type":"trend","contains":"time","values":{"min":0.59867,"med":0.74923,"avg":0.7791011734165677,"max":5.133499,"p(90)":0.8516794,"p(95)":0.9551032499999997,"p(99)":1.4053836199999998}},"http_req_receiving":{"type":"trend","contains":"time","values":{"avg":0.02641131470767351,"max":0.253169,"p(90)":0.033805,"p(95)":0.03939609999999999,"p(99)":0.050645,"min":0.017058,"med":0.024258}},"vus_max":{"type":"gauge","contains":"default","values":{"min":1,"max":1,"value":1}},"data_sent":{"type":"counter","contains":"data","values":{"count":25286628,"rate":421420.0321700613}},"iteration_duration":{"values":{"p(99)":1.55805842,"min":0.717806,"med":0.873654,"avg":0.9075983715286264,"max":5.36295,"p(90)":0.9960753999999999,"p(95)":1.1318655999999998},"type":"trend","contains":"time"},"http_reqs":{"type":"counter","contains":"default","values":{"count":65680,"rate":1094.6049316235294}},"http_req_blocked":{"type":"trend","contains":"time","values":{"min":0.001146,"med":0.001628,"avg":0.0017411771467722302,"max":0.182651,"p(90)":0.002093,"p(95)":0.0023740499999999956,"p(99)":0.003111}},"vus":{"contains":"default","values":{"value":1,"min":1,"max":1},"type":"gauge"},"http_req_failed":{"contains":"default","values":{"rate":0,"passes":0,"fails":65680},"type":"rate"},"data_received":{"type":"counter","contains":"data","values":{"count":22856690,"rate":380923.3494913248}},"http_req_duration{expected_response:true}":{"type":"trend","contains":"time","values":{"p(90)":0.8955333999999999,"p(95)":1.0136995,"p(99)":1.4542173799999998,"min":0.634889,"med":0.785919,"avg":0.8174800673568778,"max":5.207266}},"http_req_sending":{"type":"trend","contains":"time","values":{"min":0.006729,"med":0.011794,"avg":0.011967579232643017,"max":2.137261,"p(90)":0.014370099999999998,"p(95)":0.015566049999999996,"p(99)":0.019209149999999987}}},"setup_data":{"card":{"expiration_month":10,"masked_number":"3721*******2295","active":true,"cardholder_name":"Vinicius Barbosa","expiration_year":2027,"id":"900238bd-bafe-488e-a763-88e81d9b43c4","is_credit":true,"is_debit":true,"token":"474ef4015ed4464f817b0c51e08326626625373748064ec1ae17c1e096378ec7"}},"metadata":{"type":"GRPC","testConfig":{"duration":"1m","executedAt":"2022-10-31T17:29:57.971Z","id":"dad9c90f-2411-4200-9356-eeb9588680e0","name":"create-card-payment","vus":1},"useDatabase":false},"root_group":{"checks":[{"name":"is status 201","path":"::is status 201","id":"d8b97380f72868aef5b0eadc0ce32c21","passes":65679,"fails":0}],"name":"","path":"","id":"d41d8cd98f00b204e9800998ecf8427e","groups":[{"checks":[],"name":"setup","path":"::setup","id":"5c0f8025f7e0b6654089e5b00e950f1a","groups":[]}]},"options":{"summaryTimeUnit":"","noColor":false,"summaryTrendStats":["min","med","avg","max","p(90)","p(95)","p(99)"]},"state":{"isStdOutTTY":true,"isStdErrTTY":true,"testRunDurationMs":60003.383963}}