{"metrics":{"iteration_duration":{"type":"trend","contains":"time","values":{"avg":39.38586688987877,"max":213.362076,"p(90)":59.8027206,"p(95)":66.8814755,"p(99)":81.31212325999999,"min":1.334646,"med":37.608876}},"http_reqs":{"type":"counter","contains":"default","values":{"count":152323,"rate":2537.516825646026}},"http_req_duration":{"type":"trend","contains":"time","values":{"avg":39.23681821424898,"max":200.109675,"p(90)":59.66284480000003,"p(95)":66.732227,"p(99)":81.1654188,"min":1.239433,"med":37.463476}},"http_req_tls_handshaking":{"type":"trend","contains":"time","values":{"min":0,"med":0,"avg":0,"max":0,"p(90)":0,"p(95)":0,"p(99)":0}},"http_req_receiving":{"type":"trend","contains":"time","values":{"p(90)":0.051628800000000016,"p(95)":0.0640939,"p(99)":0.26773161999999995,"min":0.012782,"med":0.026368,"avg":0.04679984966157476,"max":21.184953}},"checks":{"type":"rate","contains":"default","values":{"fails":0,"rate":1,"passes":152322},"thresholds":{"rate>0.99":{"ok":true}}},"http_req_waiting":{"type":"trend","contains":"time","values":{"p(99)":81.04419704,"min":1.196879,"med":37.399112,"avg":39.17242739388002,"max":199.845698,"p(90)":59.589087600000006,"p(95)":66.652374}},"http_req_sending":{"contains":"time","values":{"p(95)":0.024817899999999993,"p(99)":0.051856679999999995,"min":0.006297,"med":0.013302,"avg":0.01759097070698447,"max":20.14132,"p(90)":0.02068080000000002},"type":"trend"},"http_req_duration{expected_response:true}":{"values":{"avg":39.23681821424898,"max":200.109675,"p(90)":59.66284480000003,"p(95)":66.732227,"p(99)":81.1654188,"min":1.239433,"med":37.463476},"type":"trend","contains":"time"},"http_req_connecting":{"type":"trend","contains":"time","values":{"med":0,"avg":0.0057370795480656215,"max":14.925236,"p(90)":0,"p(95)":0,"p(99)":0,"min":0}},"data_sent":{"contains":"data","values":{"count":58644183,"rate":976941.1125618892},"type":"counter"},"vus_max":{"type":"gauge","contains":"default","values":{"value":100,"min":100,"max":100}},"http_req_failed":{"type":"rate","contains":"default","values":{"rate":0,"passes":0,"fails":152323}},"iterations":{"type":"counter","contains":"default","values":{"count":152322,"rate":2537.500166856312}},"vus":{"type":"gauge","contains":"default","values":{"value":100,"min":100,"max":100}},"http_req_blocked":{"type":"trend","contains":"time","values":{"p(90)":0.003257,"p(95)":0.003713,"p(99)":0.006823239999999991,"min":0.001002,"med":0.002297,"avg":0.008424914234882014,"max":14.965865}},"data_received":{"type":"counter","contains":"data","values":{"count":53008453,"rate":883056.6716055131}}},"setup_data":{"card":{"is_credit":true,"is_debit":true,"token":"089f7c8d14cb41c7b00b2ae7953a8d29544801e79e044f018c30ba6d5988c7a6","id":"456a8c31-c027-481a-ab63-3b18643d5bd8","cardholder_name":"Vinicius Barbosa","expiration_month":10,"expiration_year":2027,"masked_number":"3978******1552","active":true}},"metadata":{"type":"REST","testConfig":{"vus":100,"duration":"1m","executedAt":"2022-10-31T20:09:03.176Z","id":"240a7dee-fed8-4fa0-b279-a79cdad6331d","name":"create-card-payment"},"useDatabase":false},"root_group":{"checks":[{"passes":152322,"fails":0,"name":"is status 201","path":"::is status 201","id":"d8b97380f72868aef5b0eadc0ce32c21"}],"name":"","path":"","id":"d41d8cd98f00b204e9800998ecf8427e","groups":[{"name":"setup","path":"::setup","id":"5c0f8025f7e0b6654089e5b00e950f1a","groups":[],"checks":[]}]},"options":{"summaryTrendStats":["min","med","avg","max","p(90)","p(95)","p(99)"],"summaryTimeUnit":"","noColor":false},"state":{"isStdErrTTY":true,"testRunDurationMs":60028.370437,"isStdOutTTY":true}}