{"state":{"isStdOutTTY":true,"isStdErrTTY":true,"testRunDurationMs":60002.580635},"metrics":{"iteration_duration":{"type":"trend","contains":"time","values":{"max":4.753042,"p(90)":0.9823307,"p(95)":1.1147515499999998,"p(99)":1.5386298499999975,"min":0.703446,"med":0.859621,"avg":0.8933296103135016}},"checks":{"type":"rate","contains":"default","values":{"rate":1,"passes":66727,"fails":0},"thresholds":{"rate>0.99":{"ok":true}}},"http_req_receiving":{"type":"trend","contains":"time","values":{"max":0.485587,"p(90)":0.0333453,"p(95)":0.038527,"p(99)":0.04991691999999998,"min":0.016567,"med":0.023923,"avg":0.02603085389941285}},"http_req_failed":{"contains":"default","values":{"rate":0,"passes":0,"fails":66728},"type":"rate"},"iterations":{"type":"counter","contains":"default","values":{"count":66727,"rate":1112.0688359373262}},"http_req_tls_handshaking":{"type":"trend","contains":"time","values":{"max":0,"p(90)":0,"p(95)":0,"p(99)":0,"min":0,"med":0,"avg":0}},"http_req_duration{expected_response:true}":{"type":"trend","contains":"time","values":{"p(95)":0.9980953499999994,"p(99)":1.4379531199999998,"min":0.622847,"med":0.7734315,"avg":0.804815064935263,"max":4.425154,"p(90)":0.8828081}},"data_sent":{"type":"counter","contains":"data","values":{"count":25690108,"rate":428150.0516831896}},"http_req_connecting":{"type":"trend","contains":"time","values":{"med":0,"avg":0.0000027145276345761896,"max":0.118772,"p(90)":0,"p(95)":0,"p(99)":0,"min":0}},"http_req_waiting":{"type":"trend","contains":"time","values":{"min":0.591523,"med":0.737376,"avg":0.7670151735403478,"max":4.356221,"p(90)":0.8392237,"p(95)":0.9407734999999998,"p(99)":1.3916483699999989}},"vus_max":{"type":"gauge","contains":"default","values":{"min":1,"max":1,"value":1}},"data_received":{"type":"counter","contains":"data","values":{"count":23221395,"rate":387006.60462018143}},"http_reqs":{"type":"counter","contains":"default","values":{"count":66728,"rate":1112.0855018871805}},"http_req_sending":{"type":"trend","contains":"time","values":{"p(99)":0.018877459999999992,"min":0.006635,"med":0.011602,"avg":0.011769037495504208,"max":2.115672,"p(90)":0.014141,"p(95)":0.0152}},"http_req_duration":{"type":"trend","contains":"time","values":{"p(99)":1.4379531199999998,"min":0.622847,"med":0.7734315,"avg":0.804815064935263,"max":4.425154,"p(90)":0.8828081,"p(95)":0.9980953499999994}},"vus":{"type":"gauge","contains":"default","values":{"max":1,"value":1,"min":1}},"http_req_blocked":{"contains":"time","values":{"p(95)":0.002292,"p(99)":0.002984,"min":0.001092,"med":0.001571,"avg":0.001678229319026522,"max":0.166645,"p(90)":0.002014},"type":"trend"}},"setup_data":{"card":{"masked_number":"5413********9594","token":"6db0035f976b434c9c14e2814fcaaccd7af55c71aecf446e97a1f70bc040a27b","active":true,"cardholder_name":"Vinicius Barbosa","expiration_year":2027,"is_credit":true,"expiration_month":10,"id":"ebbd8619-a505-469d-bbb4-5fd0b86c50dc","is_debit":true}},"metadata":{"type":"GRPC","testConfig":{"id":"dad9c90f-2411-4200-9356-eeb9588680e0","name":"create-card-payment","vus":1,"duration":"1m","executedAt":"2022-10-31T20:10:25.376Z"},"useDatabase":false},"root_group":{"name":"","path":"","id":"d41d8cd98f00b204e9800998ecf8427e","groups":[{"path":"::setup","id":"5c0f8025f7e0b6654089e5b00e950f1a","groups":[],"checks":[],"name":"setup"}],"checks":[{"name":"is status 201","path":"::is status 201","id":"d8b97380f72868aef5b0eadc0ce32c21","passes":66727,"fails":0}]},"options":{"summaryTrendStats":["min","med","avg","max","p(90)","p(95)","p(99)"],"summaryTimeUnit":"","noColor":false}}