{"options":{"summaryTrendStats":["min","med","avg","max","p(90)","p(95)","p(99)"],"summaryTimeUnit":"","noColor":false},"state":{"isStdOutTTY":true,"isStdErrTTY":true,"testRunDurationMs":60004.748463},"metrics":{"http_req_blocked":{"contains":"time","values":{"p(99)":0.004980720000000001,"min":0.001143,"med":0.002468,"avg":0.002718057486682251,"max":6.661387,"p(90)":0.003290600000000006,"p(95)":0.003735},"type":"trend"},"iterations":{"type":"counter","contains":"default","values":{"count":130464,"rate":2174.2279293187344}},"http_req_tls_handshaking":{"type":"trend","contains":"time","values":{"p(90)":0,"p(95)":0,"p(99)":0,"min":0,"med":0,"avg":0,"max":0}},"http_req_receiving":{"type":"trend","contains":"time","values":{"p(95)":0.060206,"p(99)":0.07984736000000002,"min":0.013733,"med":0.035013,"avg":0.03909934963400117,"max":9.660637,"p(90)":0.053685}},"http_req_duration":{"type":"trend","contains":"time","values":{"med":4.195648,"avg":4.453250507975369,"max":41.709505,"p(90)":6.1814728,"p(95)":6.955207399999999,"p(99)":8.73328968,"min":1.612875}},"http_req_connecting":{"contains":"time","values":{"p(95)":0,"p(99)":0,"min":0,"med":0,"avg":0.0000057961598896255696,"max":0.110433,"p(90)":0},"type":"trend"},"http_req_sending":{"type":"trend","contains":"time","values":{"max":9.974406,"p(90)":0.021656,"p(95)":0.024005,"p(99)":0.029489800000000004,"min":0.006885,"med":0.014824,"avg":0.016997466492929117}},"data_sent":{"type":"counter","contains":"data","values":{"count":50228853,"rate":837081.3025067842}},"http_req_waiting":{"contains":"time","values":{"p(95)":6.896962199999998,"p(99)":8.649375760000002,"min":1.535806,"med":4.141087,"avg":4.39715369184841,"max":41.647758,"p(90)":6.1219242000000005},"type":"trend"},"vus":{"type":"gauge","contains":"default","values":{"value":10,"min":10,"max":10}},"data_received":{"type":"counter","contains":"data","values":{"count":45401871,"rate":756637.9688766733}},"http_reqs":{"type":"counter","contains":"default","values":{"count":130465,"rate":2174.244594666488}},"iteration_duration":{"values":{"p(90)":6.3206758,"p(95)":7.104724799999998,"p(99)":8.936635840000001,"min":1.857254,"med":4.327138,"avg":4.5888067351856705,"max":42.084294},"type":"trend","contains":"time"},"checks":{"type":"rate","contains":"default","values":{"rate":1,"passes":130464,"fails":0},"thresholds":{"rate>0.99":{"ok":true}}},"http_req_failed":{"values":{"rate":0,"passes":0,"fails":130465},"type":"rate","contains":"default"},"vus_max":{"type":"gauge","contains":"default","values":{"max":10,"value":10,"min":10}},"http_req_duration{expected_response:true}":{"contains":"time","values":{"avg":4.453250507975369,"max":41.709505,"p(90)":6.1814728,"p(95)":6.955207399999999,"p(99)":8.73328968,"min":1.612875,"med":4.195648},"type":"trend"}},"setup_data":{"card":{"active":true,"expiration_month":10,"expiration_year":2027,"masked_number":"6011********8249","cardholder_name":"Vinicius Barbosa","id":"7472bf0e-5d30-4153-9f1d-7c96a9b9e361","is_credit":true,"is_debit":true,"token":"6b1b334dbd63421ca6b19d6f65eeff81c66cb31b5c8248f2ad3ed419809d9d17"}},"metadata":{"testConfig":{"name":"create-card-payment","vus":10,"duration":"1m","executedAt":"2022-10-31T20:05:02.508Z","id":"8ad8795d-8995-4bc5-b526-1914eddaf994"},"useDatabase":false,"type":"REST"},"root_group":{"id":"d41d8cd98f00b204e9800998ecf8427e","groups":[{"name":"setup","path":"::setup","id":"5c0f8025f7e0b6654089e5b00e950f1a","groups":[],"checks":[]}],"checks":[{"path":"::is status 201","id":"d8b97380f72868aef5b0eadc0ce32c21","passes":130464,"fails":0,"name":"is status 201"}],"name":"","path":""}}