{"options":{"summaryTrendStats":["min","med","avg","max","p(90)","p(95)","p(99)"],"summaryTimeUnit":"","noColor":false},"state":{"isStdOutTTY":true,"isStdErrTTY":true,"testRunDurationMs":60008.432544},"metrics":{"data_received":{"type":"counter","contains":"data","values":{"count":114395307,"rate":1906320.5311373847}},"iteration_duration":{"type":"trend","contains":"time","values":{"p(95)":14.79382325,"p(99)":18.24905693999997,"min":1.55641,"med":8.648984,"avg":9.117525713715713,"max":113.829071,"p(90)":13.1695927}},"iterations":{"type":"counter","contains":"default","values":{"count":328721,"rate":5477.913454229483}},"checks":{"type":"rate","contains":"default","values":{"rate":1,"passes":328721,"fails":0},"thresholds":{"rate>0.99":{"ok":true}}},"http_req_connecting":{"type":"trend","contains":"time","values":{"p(95)":0,"p(99)":0,"min":0,"med":0,"avg":0.00011116444290312178,"max":1.463216,"p(90)":0}},"http_req_duration{expected_response:true}":{"values":{"min":1.381583,"med":8.53199,"avg":8.993820947831626,"max":113.180458,"p(90)":13.038201100000002,"p(95)":14.6495367,"p(99)":18.046252319999972},"type":"trend","contains":"time"},"http_req_failed":{"type":"rate","contains":"default","values":{"rate":0,"passes":0,"fails":328722}},"vus":{"values":{"min":50,"max":50,"value":50},"type":"gauge","contains":"default"},"vus_max":{"type":"gauge","contains":"default","values":{"value":50,"min":50,"max":50}},"http_req_blocked":{"type":"trend","contains":"time","values":{"p(99)":0.004569,"min":0.000937,"med":0.002059,"avg":0.0025450145289941796,"max":11.276026,"p(90)":0.00282,"p(95)":0.003163}},"http_req_tls_handshaking":{"type":"trend","contains":"time","values":{"max":0,"p(90)":0,"p(95)":0,"p(99)":0,"min":0,"med":0,"avg":0}},"http_req_waiting":{"type":"trend","contains":"time","values":{"max":112.91969,"p(90)":12.9803436,"p(95)":14.574329050000001,"p(99)":17.895589269999988,"min":1.134001,"med":8.489101000000002,"avg":8.94487881847579}},"http_req_duration":{"type":"trend","contains":"time","values":{"p(99)":18.046252319999972,"min":1.381583,"med":8.53199,"avg":8.993820947831626,"max":113.180458,"p(90)":13.038201100000002,"p(95)":14.6495367}},"http_req_receiving":{"type":"trend","contains":"time","values":{"p(95)":0.04620490000000003,"p(99)":0.1926651199999994,"min":0.012077,"med":0.02317,"avg":0.03435828316936523,"max":18.070559,"p(90)":0.038518}},"data_sent":{"type":"counter","contains":"data","values":{"count":126557798,"rate":2109000.2293794956}},"http_req_sending":{"contains":"time","values":{"p(95)":0.018830950000000013,"p(99)":0.03063978999999998,"min":0.006204,"med":0.012076,"avg":0.014583846186139015,"max":12.79438,"p(90)":0.016537900000000025},"type":"trend"},"http_reqs":{"contains":"default","values":{"count":328722,"rate":5477.930118554106},"type":"counter"}},"setup_data":{"card":{"active":true,"masked_number":"5263********9827","is_debit":true,"token":"4881669d0aca49aea55b509020fbf08c26dfa115b7644a549f16042cbbca5ff1","cardholder_name":"Vinicius Barbosa","expiration_month":10,"expiration_year":2027,"id":"1205bd71-6617-426b-9652-db2ed098dcb6","is_credit":true}},"metadata":{"testConfig":{"id":"c4e77cc4-0103-4abc-ac9e-da0f78901f4e","name":"create-card-payment","vus":50,"duration":"1m","executedAt":"2022-10-31T20:14:22.734Z"},"useDatabase":false,"type":"GRPC"},"root_group":{"name":"","path":"","id":"d41d8cd98f00b204e9800998ecf8427e","groups":[{"name":"setup","path":"::setup","id":"5c0f8025f7e0b6654089e5b00e950f1a","groups":[],"checks":[]}],"checks":[{"name":"is status 201","path":"::is status 201","id":"d8b97380f72868aef5b0eadc0ce32c21","passes":328721,"fails":0}]}}