{"metrics":{"data_sent":{"type":"counter","contains":"data","values":{"count":184363560,"rate":3072378.9811948636}},"vus_max":{"type":"gauge","contains":"default","values":{"min":100,"max":100,"value":100}},"iterations":{"type":"counter","contains":"default","values":{"count":853535,"rate":14223.976764791036}},"http_req_duration{expected_response:true}":{"type":"trend","contains":"time","values":{"min":1.282528,"med":5.736825,"avg":6.898167754723711,"max":242.531016,"p(90)":10.139013599999998,"p(95)":13.397481499999994,"p(99)":24.80373162000001}},"http_req_connecting":{"type":"trend","contains":"time","values":{"min":0,"med":0,"avg":0.007568840490430969,"max":67.951685,"p(90)":0,"p(95)":0,"p(99)":0}},"http_req_receiving":{"type":"trend","contains":"time","values":{"avg":0.029254112022354114,"max":25.696317,"p(90)":0.028901,"p(95)":0.03705529999999993,"p(99)":0.19641886000000067,"min":0.010381,"med":0.017947}},"http_req_failed":{"type":"rate","contains":"default","values":{"rate":0,"passes":0,"fails":853535}},"http_req_waiting":{"type":"trend","contains":"time","values":{"p(95)":13.299352399999995,"p(99)":24.68675270000002,"min":1.254112,"med":5.697978,"avg":6.851772381411467,"max":242.502389,"p(90)":10.074114999999999}},"http_req_sending":{"values":{"min":0.005808,"med":0.011133,"avg":0.017141261289813133,"max":36.212766,"p(90)":0.018872,"p(95)":0.02248729999999993,"p(99)":0.111549},"type":"trend","contains":"time"},"data_received":{"values":{"rate":5646918.775622041,"count":338853395},"type":"counter","contains":"data"},"http_reqs":{"type":"counter","contains":"default","values":{"count":853535,"rate":14223.976764791036}},"http_req_duration":{"type":"trend","contains":"time","values":{"med":5.736825,"avg":6.898167754723711,"max":242.531016,"p(90)":10.139013599999998,"p(95)":13.397481499999994,"p(99)":24.80373162000001,"min":1.282528}},"http_req_blocked":{"type":"trend","contains":"time","values":{"max":68.048283,"p(90)":0.002746,"p(95)":0.003411,"p(99)":0.008143,"min":0.001068,"med":0.001957,"avg":0.010099498093224803}},"http_req_tls_handshaking":{"type":"trend","contains":"time","values":{"p(95)":0,"p(99)":0,"min":0,"med":0,"avg":0,"max":0,"p(90)":0}},"iteration_duration":{"contains":"time","values":{"p(95)":13.564107499999999,"p(99)":25.01591102000003,"min":1.37887,"med":5.844581,"avg":7.020300638764787,"max":242.621708,"p(90)":10.276264399999999},"type":"trend"},"vus":{"type":"gauge","contains":"default","values":{"min":100,"max":100,"value":100}},"checks":{"values":{"rate":1,"passes":853535,"fails":0},"thresholds":{"rate>0.99":{"ok":true}},"type":"rate","contains":"default"}},"metadata":{"type":"GRPC","testConfig":{"id":"f889ac39-6948-4782-afa0-93f678ad1a98","name":"create-card","vus":100,"duration":"1m","executedAt":"2022-10-26T04:23:35.621Z"}},"root_group":{"path":"","id":"d41d8cd98f00b204e9800998ecf8427e","groups":[],"checks":[{"name":"is status 201","path":"::is status 201","id":"d8b97380f72868aef5b0eadc0ce32c21","passes":853535,"fails":0}],"name":""},"options":{"summaryTrendStats":["min","med","avg","max","p(90)","p(95)","p(99)"],"summaryTimeUnit":"","noColor":false},"state":{"isStdErrTTY":true,"testRunDurationMs":60006.776875,"isStdOutTTY":true}}