{"options":{"summaryTrendStats":["min","med","avg","max","p(90)","p(95)","p(99)"],"summaryTimeUnit":"","noColor":false},"state":{"isStdOutTTY":true,"isStdErrTTY":true,"testRunDurationMs":60006.174519},"metrics":{"http_req_duration":{"type":"trend","contains":"time","values":{"avg":5.0385689899201935,"max":223.470037,"p(90)":6.815735600000001,"p(95)":7.587331,"p(99)":12.752909199999975,"min":1.432063,"med":4.627907}},"vus":{"type":"gauge","contains":"default","values":{"value":25,"min":25,"max":25}},"data_received":{"type":"counter","contains":"data","values":{"rate":1920521.4450641258,"count":115243145}},"http_req_sending":{"type":"trend","contains":"time","values":{"med":0.012361,"avg":0.015414310153814208,"max":7.800728,"p(90)":0.020337,"p(95)":0.024862,"p(99)":0.04805879999999987,"min":0.006744}},"data_sent":{"contains":"data","values":{"count":62701560,"rate":1044918.4688510105},"type":"counter"},"iterations":{"type":"counter","contains":"default","values":{"count":290285,"rate":4837.585503939864}},"http_req_failed":{"type":"rate","contains":"default","values":{"rate":0,"passes":0,"fails":290285}},"http_req_receiving":{"type":"trend","contains":"time","values":{"p(95)":0.041426,"p(99)":0.10654191999999842,"min":0.010742,"med":0.02032,"avg":0.025870211585166822,"max":14.666797,"p(90)":0.03239}},"http_req_waiting":{"contains":"time","values":{"p(99)":12.694829399999955,"min":1.388292,"med":4.588237,"avg":4.997284468181282,"max":223.437086,"p(90)":6.773228400000001,"p(95)":7.5400308},"type":"trend"},"iteration_duration":{"type":"trend","contains":"time","values":{"p(90)":6.9390858,"p(95)":7.720451599999999,"p(99)":12.947329959999959,"min":1.526078,"med":4.740019,"avg":5.158310624768777,"max":223.579291}},"http_req_tls_handshaking":{"type":"trend","contains":"time","values":{"p(99)":0,"min":0,"med":0,"avg":0,"max":0,"p(90)":0,"p(95)":0}},"http_reqs":{"type":"counter","contains":"default","values":{"rate":4837.585503939864,"count":290285}},"http_req_connecting":{"type":"trend","contains":"time","values":{"max":52.852334,"p(90)":0,"p(95)":0,"p(99)":0,"min":0,"med":0,"avg":0.004496449282601581}},"checks":{"thresholds":{"rate>0.99":{"ok":true}},"type":"rate","contains":"default","values":{"rate":1,"passes":290285,"fails":0}},"http_req_blocked":{"type":"trend","contains":"time","values":{"med":0.002101,"avg":0.00708596748367869,"max":52.913399,"p(90)":0.003155,"p(95)":0.003904,"p(99)":0.008723,"min":0.001108}},"vus_max":{"type":"gauge","contains":"default","values":{"value":25,"min":25,"max":25}},"http_req_duration{expected_response:true}":{"type":"trend","contains":"time","values":{"p(95)":7.587331,"p(99)":12.752909199999975,"min":1.432063,"med":4.627907,"avg":5.0385689899201935,"max":223.470037,"p(90)":6.815735600000001}}},"metadata":{"type":"REST","testConfig":{"id":"f31c8249-3080-4a20-9c51-1a8d4fd982c8","name":"create-card","vus":25,"duration":"1m","executedAt":"2022-10-26T04:11:39.000Z"}},"root_group":{"name":"","path":"","id":"d41d8cd98f00b204e9800998ecf8427e","groups":[],"checks":[{"passes":290285,"fails":0,"name":"is status 201","path":"::is status 201","id":"d8b97380f72868aef5b0eadc0ce32c21"}]}}