{"metrics":{"checks":{"type":"rate","contains":"default","values":{"rate":1,"passes":152096,"fails":0},"thresholds":{"rate>0.99":{"ok":true}}},"iterations":{"type":"counter","contains":"default","values":{"count":152096,"rate":2534.8667571280985}},"vus_max":{"type":"gauge","contains":"default","values":{"value":10,"min":10,"max":10}},"data_sent":{"type":"counter","contains":"data","values":{"rate":547531.2195396693,"count":32852736}},"http_req_connecting":{"type":"trend","contains":"time","values":{"p(95)":0,"p(99)":0,"min":0,"med":0,"avg":0.005916703180885757,"max":90.31101,"p(90)":0}},"http_reqs":{"contains":"default","values":{"count":152096,"rate":2534.8667571280985},"type":"counter"},"http_req_duration":{"type":"trend","contains":"time","values":{"min":1.418099,"med":3.4116714999999997,"avg":3.8103620545510344,"max":332.298663,"p(90)":5.598364,"p(95)":6.5012445,"p(99)":11.405649899999982}},"http_req_duration{expected_response:true}":{"type":"trend","contains":"time","values":{"avg":3.8103620545510344,"max":332.298663,"p(90)":5.598364,"p(95)":6.5012445,"p(99)":11.405649899999982,"min":1.418099,"med":3.4116714999999997}},"http_req_sending":{"type":"trend","contains":"time","values":{"med":0.014267,"avg":0.016319109516358,"max":4.297271,"p(90)":0.0232155,"p(95)":0.026332,"p(99)":0.04141799999999977,"min":0.00703}},"http_req_receiving":{"values":{"min":0.010985,"med":0.023714,"avg":0.027082376623974218,"max":8.110363,"p(90)":0.0372015,"p(95)":0.04698525,"p(99)":0.07766314999999996},"type":"trend","contains":"time"},"iteration_duration":{"type":"trend","contains":"time","values":{"p(99)":11.567361499999995,"min":1.52457,"med":3.527527,"avg":3.9349395281599278,"max":332.467774,"p(90)":5.729105499999999,"p(95)":6.6366335}},"vus":{"type":"gauge","contains":"default","values":{"value":10,"min":10,"max":10}},"http_req_tls_handshaking":{"type":"trend","contains":"time","values":{"med":0,"avg":0,"max":0,"p(90)":0,"p(95)":0,"p(99)":0,"min":0}},"http_req_waiting":{"values":{"p(95)":6.454598000000001,"p(99)":11.35442775,"min":1.368437,"med":3.369545,"avg":3.7669605684107372,"max":332.235921,"p(90)":5.549839},"type":"trend","contains":"time"},"data_received":{"values":{"count":60382112,"rate":1006342.1025798551},"type":"counter","contains":"data"},"http_req_failed":{"type":"rate","contains":"default","values":{"rate":0,"passes":0,"fails":152096}},"http_req_blocked":{"type":"trend","contains":"time","values":{"min":0.001184,"med":0.002258,"avg":0.008612684153428746,"max":90.392728,"p(90)":0.003708,"p(95)":0.004287,"p(99)":0.009441}}},"metadata":{"type":"REST","testConfig":{"id":"dfce9f52-4c55-4845-bbc2-5ec8279ccf6e","name":"create-card","vus":10,"duration":"1m","executedAt":"2022-10-26T04:10:37.613Z"}},"root_group":{"path":"","id":"d41d8cd98f00b204e9800998ecf8427e","groups":[],"checks":[{"fails":0,"name":"is status 201","path":"::is status 201","id":"d8b97380f72868aef5b0eadc0ce32c21","passes":152096}],"name":""},"options":{"summaryTrendStats":["min","med","avg","max","p(90)","p(95)","p(99)"],"summaryTimeUnit":"","noColor":false},"state":{"isStdOutTTY":true,"isStdErrTTY":true,"testRunDurationMs":60001.575851}}