{"root_group":{"name":"","path":"","id":"d41d8cd98f00b204e9800998ecf8427e","groups":[],"checks":[{"name":"is status 201","path":"::is status 201","id":"d8b97380f72868aef5b0eadc0ce32c21","passes":433947,"fails":0}]},"options":{"summaryTrendStats":["min","med","avg","max","p(90)","p(95)","p(99)"],"summaryTimeUnit":"","noColor":false},"state":{"isStdErrTTY":true,"testRunDurationMs":60011.520037,"isStdOutTTY":true},"metrics":{"data_received":{"type":"counter","contains":"data","values":{"count":172276959,"rate":2870731.4677879005}},"iterations":{"type":"counter","contains":"default","values":{"count":433947,"rate":7231.061631707558}},"http_req_blocked":{"values":{"avg":0.024750723203525084,"max":100.143977,"p(90)":0.002858,"p(95)":0.003576,"p(99)":0.00861853999999998,"min":0.001075,"med":0.002032},"type":"trend","contains":"time"},"http_req_waiting":{"type":"trend","contains":"time","values":{"min":1.988837,"med":12.765685,"avg":13.635070836042113,"max":243.906731,"p(90)":20.623837400000003,"p(95)":23.420311099999996,"p(99)":30.544720279999986}},"data_sent":{"type":"counter","contains":"data","values":{"count":93732552,"rate":1561909.3124488324}},"http_req_tls_handshaking":{"type":"trend","contains":"time","values":{"min":0,"med":0,"avg":0,"max":0,"p(90)":0,"p(95)":0,"p(99)":0}},"vus":{"type":"gauge","contains":"default","values":{"value":100,"min":100,"max":100}},"http_req_receiving":{"type":"trend","contains":"time","values":{"p(95)":0.041467,"p(99)":0.1973143999999998,"min":0.010961,"med":0.019705,"avg":0.028779334676815035,"max":22.726464,"p(90)":0.031813}},"http_req_failed":{"type":"rate","contains":"default","values":{"passes":0,"fails":433947,"rate":0}},"http_reqs":{"type":"counter","contains":"default","values":{"rate":7231.061631707558,"count":433947}},"vus_max":{"values":{"value":100,"min":100,"max":100},"type":"gauge","contains":"default"},"http_req_connecting":{"values":{"max":100.071763,"p(90)":0,"p(95)":0,"p(99)":0,"min":0,"med":0,"avg":0.02225554053375182},"type":"trend","contains":"time"},"http_req_sending":{"type":"trend","contains":"time","values":{"p(95)":0.024838,"p(99)":0.11422441999999952,"min":0.006581,"med":0.011917,"avg":0.01673839359184431,"max":18.282733,"p(90)":0.019867}},"checks":{"type":"rate","contains":"default","values":{"rate":1,"passes":433947,"fails":0},"thresholds":{"rate>0.99":{"ok":true}}},"http_req_duration":{"values":{"max":243.949548,"p(90)":20.6753342,"p(95)":23.473636799999987,"p(99)":30.605288279999968,"min":2.018879,"med":12.809394,"avg":13.680588564311092},"type":"trend","contains":"time"},"http_req_duration{expected_response:true}":{"type":"trend","contains":"time","values":{"p(95)":23.473636799999987,"p(99)":30.605288279999968,"min":2.018879,"med":12.809394,"avg":13.680588564311092,"max":243.949548,"p(90)":20.6753342}},"iteration_duration":{"type":"trend","contains":"time","values":{"avg":13.817837849665656,"max":244.066947,"p(90)":20.803121200000003,"p(95)":23.611641699999996,"p(99)":30.825187579999977,"min":2.115684,"med":12.923298}}},"metadata":{"type":"REST","testConfig":{"executedAt":"2022-10-26T04:13:42.058Z","id":"f889ac39-6948-4782-afa0-93f678ad1a98","name":"create-card","vus":100,"duration":"1m"}}}