{"root_group":{"name":"","path":"","id":"d41d8cd98f00b204e9800998ecf8427e","groups":[],"checks":[{"name":"is status 201","path":"::is status 201","id":"d8b97380f72868aef5b0eadc0ce32c21","passes":200928,"fails":0}]},"options":{"summaryTimeUnit":"","noColor":false,"summaryTrendStats":["min","med","avg","max","p(90)","p(95)","p(99)"]},"state":{"isStdOutTTY":true,"isStdErrTTY":true,"testRunDurationMs":60004.910961},"metrics":{"http_req_connecting":{"contains":"time","values":{"min":0,"med":0,"avg":0.003213998715957955,"max":64.90114,"p(90)":0,"p(95)":0,"p(99)":0},"type":"trend"},"http_req_receiving":{"type":"trend","contains":"time","values":{"max":7.525634,"p(90)":0.034192,"p(95)":0.044217,"p(99)":0.07427712000000046,"min":0.011219,"med":0.021937,"avg":0.025720211797261364}},"http_req_sending":{"type":"trend","contains":"time","values":{"avg":0.015654220317725905,"max":3.480934,"p(90)":0.02161230000000002,"p(95)":0.025294649999999995,"p(99)":0.04037173000000001,"min":0.006551,"med":0.013255}},"http_req_waiting":{"type":"trend","contains":"time","values":{"p(95)":4.89088365,"p(99)":9.049105660000134,"min":0.971998,"med":2.418425,"avg":2.8162974863483723,"max":69.222142,"p(90)":3.9628248000000004}},"http_reqs":{"type":"counter","contains":"default","values":{"count":200928,"rate":3348.5259253295535}},"http_req_blocked":{"type":"trend","contains":"time","values":{"p(90)":0.003438,"p(95)":0.004153,"p(99)":0.00909746000000002,"min":0.001186,"med":0.002189,"avg":0.005805716649745077,"max":64.978699}},"http_req_duration{expected_response:true}":{"type":"trend","contains":"time","values":{"p(90)":4.0082279000000005,"p(95)":4.939250799999998,"p(99)":9.098137710000096,"min":1.009823,"med":2.457802,"avg":2.857671918463287,"max":69.273291}},"vus":{"type":"gauge","contains":"default","values":{"value":10,"min":10,"max":10}},"http_req_duration":{"type":"trend","contains":"time","values":{"med":2.457802,"avg":2.857671918463287,"max":69.273291,"p(90)":4.0082279000000005,"p(95)":4.939250799999998,"p(99)":9.098137710000096,"min":1.009823}},"checks":{"type":"rate","contains":"default","values":{"rate":1,"passes":200928,"fails":0},"thresholds":{"rate>0.99":{"ok":true}}},"data_received":{"type":"counter","contains":"data","values":{"count":79768416,"rate":1329364.7923558329}},"http_req_tls_handshaking":{"type":"trend","contains":"time","values":{"min":0,"med":0,"avg":0,"max":0,"p(90)":0,"p(95)":0,"p(99)":0}},"iterations":{"values":{"count":200928,"rate":3348.5259253295535},"type":"counter","contains":"default"},"data_sent":{"values":{"count":43400448,"rate":723281.5998711836},"type":"counter","contains":"data"},"http_req_failed":{"type":"rate","contains":"default","values":{"rate":0,"passes":0,"fails":200928}},"iteration_duration":{"type":"trend","contains":"time","values":{"p(90)":4.133073100000002,"p(95)":5.0755684,"p(99)":9.275869880000005,"min":1.115726,"med":2.5701099999999997,"avg":2.9768849930223364,"max":72.619467}},"vus_max":{"type":"gauge","contains":"default","values":{"min":10,"max":10,"value":10}}},"metadata":{"type":"GRPC","testConfig":{"id":"dfce9f52-4c55-4845-bbc2-5ec8279ccf6e","name":"create-card","vus":10,"duration":"1m","executedAt":"2022-10-26T04:20:29.791Z"}}}