{"options":{"summaryTrendStats":["avg","min","med","max","p(90)","p(95)"],"summaryTimeUnit":"","noColor":false},"state":{"isStdOutTTY":true,"isStdErrTTY":true,"testRunDurationMs":60021.497486},"metrics":{"iteration_duration":{"type":"trend","contains":"time","values":{"min":2.461122,"med":35.5568595,"max":217.766969,"p(90)":42.3876726,"p(95)":49.59007555,"avg":36.31822376582831}},"http_reqs":{"type":"counter","contains":"default","values":{"count":165152,"rate":2751.5474774437553}},"http_req_duration":{"type":"trend","contains":"time","values":{"avg":36.17654974832349,"min":2.352553,"med":35.423919,"max":217.606161,"p(90)":42.209410399999996,"p(95)":49.37385724999998}},"http_req_duration{expected_response:true}":{"type":"trend","contains":"time","values":{"p(95)":49.37385724999998,"avg":36.17654974832349,"min":2.352553,"med":35.423919,"max":217.606161,"p(90)":42.209410399999996}},"http_req_sending":{"type":"trend","contains":"time","values":{"avg":0.018053624691193572,"min":0.005057,"med":0.013219,"max":25.650077,"p(90)":0.020419,"p(95)":0.02495644999999998}},"http_req_receiving":{"contains":"time","values":{"max":21.845033,"p(90)":0.050793899999999996,"p(95)":0.06152279999999993,"avg":0.042134925529209194,"min":0.010286,"med":0.0301415},"type":"trend"},"vus":{"type":"gauge","contains":"default","values":{"max":100,"value":100,"min":100}},"checks":{"type":"rate","contains":"default","values":{"rate":1,"passes":165152,"fails":0}},"vus_max":{"type":"gauge","contains":"default","values":{"value":100,"min":100,"max":100}},"data_received":{"type":"counter","contains":"data","values":{"count":57472896,"rate":957538.5221504269}},"iterations":{"values":{"count":165152,"rate":2751.5474774437553},"type":"counter","contains":"default"},"http_req_blocked":{"type":"trend","contains":"time","values":{"avg":0.00527668047616764,"min":0.000857,"med":0.002159,"max":33.912582,"p(90)":0.003183,"p(95)":0.0035814499999999826}},"http_req_connecting":{"type":"trend","contains":"time","values":{"p(95)":0,"avg":0.0023100288158787053,"min":0,"med":0,"max":33.863739,"p(90)":0}},"http_req_tls_handshaking":{"type":"trend","contains":"time","values":{"avg":0,"min":0,"med":0,"max":0,"p(90)":0,"p(95)":0}},"data_sent":{"type":"counter","contains":"data","values":{"count":63583520,"rate":1059345.7788158457}},"http_req_waiting":{"type":"trend","contains":"time","values":{"max":217.56817,"p(90)":42.13027609999999,"p(95)":49.23717714999999,"avg":36.116361198102204,"min":2.304226,"med":35.369051}},"http_req_failed":{"type":"rate","contains":"default","values":{"rate":0,"passes":0,"fails":165152}}},"metadata":{"type":"GRPC","testConfig":{"id":"240a7dee-fed8-4fa0-b279-a79cdad6331d","name":"create-card-payment","vus":100,"duration":"1m","executedAt":"2022-07-25T21:03:28.763Z"}},"root_group":{"path":"","id":"d41d8cd98f00b204e9800998ecf8427e","groups":[],"checks":[{"passes":165152,"fails":0,"name":"is status 201","path":"::is status 201","id":"d8b97380f72868aef5b0eadc0ce32c21"}],"name":""}}