{"metrics":{"http_req_duration{expected_response:true}":{"type":"trend","contains":"time","values":{"avg":4.865961261490775,"min":2.122891,"med":4.400905,"max":420.327331,"p(90)":6.265844300000001,"p(95)":7.185495899999999}},"http_req_sending":{"type":"trend","contains":"time","values":{"avg":0.01784283017541543,"min":0.005724,"med":0.013973,"max":9.433635,"p(90)":0.022832,"p(95)":0.02734229999999999}},"data_received":{"type":"counter","contains":"data","values":{"count":41581824,"rate":692975.7301629318}},"http_req_blocked":{"type":"trend","contains":"time","values":{"avg":0.0027544135980182146,"min":0.000875,"med":0.002244,"max":0.881502,"p(90)":0.003352,"p(95)":0.0037976499999999944}},"iterations":{"type":"counter","contains":"default","values":{"count":119488,"rate":1991.309569433712}},"vus":{"type":"gauge","contains":"default","values":{"value":10,"min":10,"max":10}},"http_req_duration":{"contains":"time","values":{"med":4.400905,"max":420.327331,"p(90)":6.265844300000001,"p(95)":7.185495899999999,"avg":4.865961261490775,"min":2.122891},"type":"trend"},"http_req_tls_handshaking":{"values":{"p(95)":0,"avg":0,"min":0,"med":0,"max":0,"p(90)":0},"type":"trend","contains":"time"},"http_req_waiting":{"contains":"time","values":{"avg":4.803790223403243,"min":2.086674,"med":4.341354,"max":420.245846,"p(90)":6.2012113,"p(95)":7.111922849999998},"type":"trend"},"checks":{"type":"rate","contains":"default","values":{"rate":1,"passes":119488,"fails":0}},"data_sent":{"type":"counter","contains":"data","values":{"count":46002880,"rate":766654.1842319792}},"iteration_duration":{"type":"trend","contains":"time","values":{"med":4.5438575,"max":420.498117,"p(90)":6.4182237,"p(95)":7.3500229,"avg":5.010874516796619,"min":2.220602}},"vus_max":{"type":"gauge","contains":"default","values":{"value":10,"min":10,"max":10}},"http_req_failed":{"values":{"rate":0,"passes":0,"fails":119488},"type":"rate","contains":"default"},"http_req_receiving":{"type":"trend","contains":"time","values":{"avg":0.04432820791209176,"min":0.011934,"med":0.033843,"max":6.889601,"p(90)":0.0625242,"p(95)":0.08612394999999998}},"http_req_connecting":{"type":"trend","contains":"time","values":{"p(95)":0,"avg":0.000014694203602035351,"min":0,"med":0,"max":0.844718,"p(90)":0}},"http_reqs":{"contains":"default","values":{"count":119488,"rate":1991.309569433712},"type":"counter"}},"metadata":{"testConfig":{"id":"8ad8795d-8995-4bc5-b526-1914eddaf994","name":"create-card-payment","vus":10,"duration":"1m","executedAt":"2022-07-25T20:03:27.138Z"},"type":"REST"},"root_group":{"checks":[{"name":"is status 201","path":"::is status 201","id":"d8b97380f72868aef5b0eadc0ce32c21","passes":119488,"fails":0}],"name":"","path":"","id":"d41d8cd98f00b204e9800998ecf8427e","groups":[]},"options":{"summaryTimeUnit":"","noColor":false,"summaryTrendStats":["avg","min","med","max","p(90)","p(95)"]},"state":{"isStdOutTTY":true,"isStdErrTTY":true,"testRunDurationMs":60004.733485}}