{"options":{"noColor":false,"summaryTrendStats":["avg","min","med","max","p(90)","p(95)"],"summaryTimeUnit":""},"state":{"isStdOutTTY":true,"isStdErrTTY":true,"testRunDurationMs":60006.812638},"metrics":{"http_req_connecting":{"type":"trend","contains":"time","values":{"p(90)":0,"p(95)":0,"avg":0.000037187768330346586,"min":0,"med":0,"max":3.269776}},"http_reqs":{"type":"counter","contains":"default","values":{"rate":2185.335201706035,"count":131135}},"http_req_blocked":{"type":"trend","contains":"time","values":{"avg":0.002846034231898394,"min":0.000825,"med":0.002259,"max":5.021975,"p(90)":0.003325,"p(95)":0.003765}},"http_req_sending":{"type":"trend","contains":"time","values":{"p(90)":0.02115,"p(95)":0.02526329999999999,"avg":0.018041342303732968,"min":0.005228,"med":0.013749,"max":13.359787}},"http_req_receiving":{"type":"trend","contains":"time","values":{"avg":0.042089775010485275,"min":0.009983,"med":0.031483,"max":12.188755,"p(90)":0.0547696,"p(95)":0.06563619999999995}},"http_req_duration{expected_response:true}":{"contains":"time","values":{"avg":11.285825059427191,"min":2.892097,"med":10.801865,"max":125.605817,"p(90)":15.560631000000003,"p(95)":17.482889899999993},"type":"trend"},"data_received":{"contains":"data","values":{"count":45634980,"rate":760496.6501937003},"type":"counter"},"vus_max":{"type":"gauge","contains":"default","values":{"value":25,"min":25,"max":25}},"http_req_failed":{"type":"rate","contains":"default","values":{"rate":0,"passes":0,"fails":131135}},"vus":{"contains":"default","values":{"min":25,"max":25,"value":25},"type":"gauge"},"data_sent":{"type":"counter","contains":"data","values":{"count":50486975,"rate":841354.0526568237}},"http_req_duration":{"type":"trend","contains":"time","values":{"min":2.892097,"med":10.801865,"max":125.605817,"p(90)":15.560631000000003,"p(95)":17.482889899999993,"avg":11.285825059427191}},"iterations":{"type":"counter","contains":"default","values":{"rate":2185.335201706035,"count":131135}},"checks":{"type":"rate","contains":"default","values":{"rate":1,"passes":131135,"fails":0}},"http_req_tls_handshaking":{"type":"trend","contains":"time","values":{"avg":0,"min":0,"med":0,"max":0,"p(90)":0,"p(95)":0}},"http_req_waiting":{"type":"trend","contains":"time","values":{"p(95)":17.406061899999997,"avg":11.22569394211328,"min":2.860157,"med":10.743827,"max":125.569691,"p(90)":15.494267800000005}},"iteration_duration":{"type":"trend","contains":"time","values":{"min":2.981678,"med":10.94231,"max":125.729299,"p(90)":15.7124716,"p(95)":17.637192499999994,"avg":11.428715076592592}}},"metadata":{"type":"REST","testConfig":{"executedAt":"2022-07-25T20:10:52.090Z","id":"43631c23-72c8-4ce4-ae7d-b50cbb5e56e7","name":"create-card-payment","vus":25,"duration":"1m"}},"root_group":{"name":"","path":"","id":"d41d8cd98f00b204e9800998ecf8427e","groups":[],"checks":[{"id":"d8b97380f72868aef5b0eadc0ce32c21","passes":131135,"fails":0,"name":"is status 201","path":"::is status 201"}]}}