{"state":{"testRunDurationMs":60025.721566,"isStdOutTTY":true,"isStdErrTTY":true},"metrics":{"checks":{"type":"rate","contains":"default","values":{"passes":129018,"fails":0,"rate":1}},"data_sent":{"type":"counter","contains":"data","values":{"count":49671930,"rate":827510.7521262246}},"iterations":{"contains":"default","values":{"count":129018,"rate":2149.378576951233},"type":"counter"},"http_req_sending":{"type":"trend","contains":"time","values":{"avg":0.019944065463733642,"min":0.004966,"med":0.013833,"max":80.581924,"p(90)":0.0211573,"p(95)":0.025469}},"http_req_duration{expected_response:true}":{"type":"trend","contains":"time","values":{"avg":46.337915785238934,"min":2.796517,"med":44.3749285,"max":342.103605,"p(90)":79.9334855,"p(95)":85.21783835}},"http_reqs":{"values":{"count":129018,"rate":2149.378576951233},"type":"counter","contains":"default"},"iteration_duration":{"type":"trend","contains":"time","values":{"avg":46.49018371421811,"min":2.893363,"med":44.516394500000004,"max":342.214739,"p(90)":80.0710395,"p(95)":85.37534389999999}},"http_req_failed":{"values":{"rate":0,"passes":0,"fails":129018},"type":"rate","contains":"default"},"vus_max":{"type":"gauge","contains":"default","values":{"value":100,"min":100,"max":100}},"vus":{"type":"gauge","contains":"default","values":{"max":100,"value":100,"min":100}},"http_req_duration":{"contains":"time","values":{"min":2.796517,"med":44.3749285,"max":342.103605,"p(90)":79.9334855,"p(95)":85.21783835,"avg":46.337915785238934},"type":"trend"},"http_req_tls_handshaking":{"type":"trend","contains":"time","values":{"p(95)":0,"avg":0,"min":0,"med":0,"max":0,"p(90)":0}},"http_req_receiving":{"values":{"avg":0.045379367778140105,"min":0.010208,"med":0.0319215,"max":37.209296,"p(90)":0.054965,"p(95)":0.06562744999999999},"type":"trend","contains":"time"},"http_req_connecting":{"values":{"max":42.846315,"p(90)":0,"p(95)":0,"avg":0.00402616641863926,"min":0,"med":0},"type":"trend","contains":"time"},"http_req_waiting":{"type":"trend","contains":"time","values":{"p(95)":85.16354844999998,"avg":46.272592351997076,"min":2.760737,"med":44.319004500000005,"max":342.045477,"p(90)":79.8802839}},"data_received":{"type":"counter","contains":"data","values":{"count":44898264,"rate":747983.7447790289}},"http_req_blocked":{"type":"trend","contains":"time","values":{"avg":0.007959884597498216,"min":0.000842,"med":0.002254,"max":73.954273,"p(90)":0.003306,"p(95)":0.003762}}},"metadata":{"type":"REST","testConfig":{"name":"create-card-payment","vus":100,"duration":"1m","executedAt":"2022-07-25T20:20:11.779Z","id":"240a7dee-fed8-4fa0-b279-a79cdad6331d"}},"root_group":{"name":"","path":"","id":"d41d8cd98f00b204e9800998ecf8427e","groups":[],"checks":[{"name":"is status 201","path":"::is status 201","id":"d8b97380f72868aef5b0eadc0ce32c21","passes":129018,"fails":0}]},"options":{"summaryTimeUnit":"","noColor":false,"summaryTrendStats":["avg","min","med","max","p(90)","p(95)"]}}