{"state":{"isStdOutTTY":true,"isStdErrTTY":true,"testRunDurationMs":60024.154717},"metrics":{"http_req_duration{expected_response:true}":{"type":"trend","contains":"time","values":{"avg":45.256958696277735,"min":2.497903,"med":44.279286,"max":308.602399,"p(90)":78.886901,"p(95)":84.35269405}},"http_req_failed":{"type":"rate","contains":"default","values":{"rate":0,"passes":0,"fails":132068}},"vus_max":{"type":"gauge","contains":"default","values":{"value":100,"min":100,"max":100}},"http_req_duration":{"type":"trend","contains":"time","values":{"p(90)":78.886901,"p(95)":84.35269405,"avg":45.256958696277735,"min":2.497903,"med":44.279286,"max":308.602399}},"data_received":{"values":{"count":45959664,"rate":765686.1511284779},"type":"counter","contains":"data"},"http_req_blocked":{"type":"trend","contains":"time","values":{"max":50.808609,"p(90)":0.00335,"p(95)":0.003804,"avg":0.008477799716812395,"min":0.000865,"med":0.002287}},"http_req_connecting":{"type":"trend","contains":"time","values":{"avg":0.00558619814035194,"min":0,"med":0,"max":50.769248,"p(90)":0,"p(95)":0}},"http_req_waiting":{"type":"trend","contains":"time","values":{"avg":45.185726005353345,"min":2.461571,"med":44.2194245,"max":308.555746,"p(90)":78.82518580000001,"p(95)":84.28185674999999}},"checks":{"type":"rate","contains":"default","values":{"passes":132068,"fails":0,"rate":1}},"http_req_sending":{"values":{"min":0.005126,"med":0.013868,"max":57.119472,"p(90)":0.0212473,"p(95)":0.025537,"avg":0.02062215315594978},"type":"trend","contains":"time"},"iteration_duration":{"type":"trend","contains":"time","values":{"min":2.656765,"med":44.420486499999996,"max":308.725043,"p(90)":79.02885470000001,"p(95)":84.50246379999997,"avg":45.414300810634856}},"http_req_tls_handshaking":{"type":"trend","contains":"time","values":{"avg":0,"min":0,"med":0,"max":0,"p(90)":0,"p(95)":0}},"http_req_receiving":{"type":"trend","contains":"time","values":{"avg":0.050610537768421816,"min":0.010336,"med":0.031985,"max":27.820017,"p(90)":0.055459,"p(95)":0.06668964999999999}},"data_sent":{"type":"counter","contains":"data","values":{"count":50846180,"rate":847095.3108748965}},"vus":{"type":"gauge","contains":"default","values":{"value":100,"min":100,"max":100}},"http_reqs":{"type":"counter","contains":"default","values":{"count":132068,"rate":2200.247560714017}},"iterations":{"type":"counter","contains":"default","values":{"count":132068,"rate":2200.247560714017}}},"metadata":{"type":"REST","testConfig":{"id":"240a7dee-fed8-4fa0-b279-a79cdad6331d","name":"create-card-payment","vus":100,"duration":"1m","executedAt":"2022-07-25T20:21:13.004Z"}},"root_group":{"checks":[{"name":"is status 201","path":"::is status 201","id":"d8b97380f72868aef5b0eadc0ce32c21","passes":132068,"fails":0}],"name":"","path":"","id":"d41d8cd98f00b204e9800998ecf8427e","groups":[]},"options":{"noColor":false,"summaryTrendStats":["avg","min","med","max","p(90)","p(95)"],"summaryTimeUnit":""}}