{"options":{"summaryTrendStats":["avg","min","med","max","p(90)","p(95)"],"summaryTimeUnit":"","noColor":false},"state":{"isStdOutTTY":true,"isStdErrTTY":true,"testRunDurationMs":60006.766351},"metrics":{"http_req_duration{expected_response:true}":{"type":"trend","contains":"time","values":{"med":10.955273,"max":183.480595,"p(90)":17.9527411,"p(95)":23.611408099999988,"avg":12.19305584120941,"min":2.154726}},"http_req_waiting":{"type":"trend","contains":"time","values":{"max":183.440189,"p(90)":17.880675200000002,"p(95)":23.527024949999987,"avg":12.13014712707539,"min":2.109628,"med":10.894181}},"http_req_receiving":{"contains":"time","values":{"avg":0.04450218061503472,"min":0.010533,"med":0.0316825,"max":8.50918,"p(90)":0.056800699999999996,"p(95)":0.072043},"type":"trend"},"http_req_connecting":{"type":"trend","contains":"time","values":{"max":1.013501,"p(90)":0,"p(95)":0,"avg":0.000033667199235735936,"min":0,"med":0}},"iterations":{"type":"counter","contains":"default","values":{"count":121424,"rate":2023.5051375664818}},"iteration_duration":{"type":"trend","contains":"time","values":{"p(95)":23.784390549999998,"avg":12.343029925657216,"min":2.274216,"med":11.102177999999999,"max":183.579604,"p(90)":18.1228016}},"http_req_failed":{"type":"rate","contains":"default","values":{"rate":0,"passes":0,"fails":121424}},"data_sent":{"type":"counter","contains":"data","values":{"count":46748240,"rate":779049.4779630955}},"http_req_blocked":{"type":"trend","contains":"time","values":{"p(90)":0.003347,"p(95)":0.003814,"avg":0.0029043441082487855,"min":0.00088,"med":0.002267,"max":1.586932}},"http_req_tls_handshaking":{"type":"trend","contains":"time","values":{"p(90)":0,"p(95)":0,"avg":0,"min":0,"med":0,"max":0}},"http_req_duration":{"contains":"time","values":{"med":10.955273,"max":183.480595,"p(90)":17.9527411,"p(95)":23.611408099999988,"avg":12.19305584120941,"min":2.154726},"type":"trend"},"vus":{"type":"gauge","contains":"default","values":{"value":25,"min":25,"max":25}},"vus_max":{"values":{"value":25,"min":25,"max":25},"type":"gauge","contains":"default"},"http_reqs":{"type":"counter","contains":"default","values":{"count":121424,"rate":2023.5051375664818}},"http_req_sending":{"type":"trend","contains":"time","values":{"max":10.178209,"p(90)":0.021276,"p(95)":0.025960849999999994,"avg":0.018406533518908887,"min":0.005434,"med":0.013759}},"checks":{"type":"rate","contains":"default","values":{"rate":1,"passes":121424,"fails":0}},"data_received":{"type":"counter","contains":"data","values":{"count":42255552,"rate":704179.7878731358}}},"metadata":{"type":"REST","testConfig":{"duration":"1m","executedAt":"2022-07-25T20:07:48.791Z","id":"43631c23-72c8-4ce4-ae7d-b50cbb5e56e7","name":"create-card-payment","vus":25}},"root_group":{"name":"","path":"","id":"d41d8cd98f00b204e9800998ecf8427e","groups":[],"checks":[{"passes":121424,"fails":0,"name":"is status 201","path":"::is status 201","id":"d8b97380f72868aef5b0eadc0ce32c21"}]}}