{"state":{"isStdOutTTY":true,"isStdErrTTY":true,"testRunDurationMs":60020.879538},"metrics":{"vus_max":{"values":{"max":100,"value":100,"min":100},"type":"gauge","contains":"default"},"http_req_sending":{"contains":"time","values":{"p(90)":0.020423,"p(95)":0.025154399999999993,"avg":0.01824847862124459,"min":0.004987,"med":0.013225,"max":35.928005},"type":"trend"},"http_req_blocked":{"type":"trend","contains":"time","values":{"max":45.777681,"p(90)":0.00321,"p(95)":0.003618,"avg":0.007306034770741886,"min":0.00082,"med":0.002179}},"http_reqs":{"type":"counter","contains":"default","values":{"count":159013,"rate":2649.294732499326}},"http_req_duration":{"type":"trend","contains":"time","values":{"avg":37.57463837885565,"min":2.091312,"med":35.645217,"max":388.951844,"p(90)":46.76988320000005,"p(95)":62.82593}},"iteration_duration":{"type":"trend","contains":"time","values":{"max":389.063017,"p(90)":46.96397860000001,"p(95)":62.997246399999995,"avg":37.719257818329396,"min":2.17458,"med":35.776242}},"http_req_failed":{"values":{"rate":0,"passes":0,"fails":159013},"type":"rate","contains":"default"},"http_req_receiving":{"type":"trend","contains":"time","values":{"avg":0.04440044903875805,"min":0.008388,"med":0.030266,"max":18.185907,"p(90)":0.051428,"p(95)":0.0630514}},"vus":{"type":"gauge","contains":"default","values":{"min":100,"max":100,"value":100}},"http_req_waiting":{"contains":"time","values":{"avg":37.511989451196285,"min":2.059278,"med":35.588481,"max":388.901401,"p(90)":46.68003540000002,"p(95)":62.7591136},"type":"trend"},"http_req_duration{expected_response:true}":{"type":"trend","contains":"time","values":{"avg":37.57463837885565,"min":2.091312,"med":35.645217,"max":388.951844,"p(90)":46.76988320000005,"p(95)":62.82593}},"data_sent":{"type":"counter","contains":"data","values":{"count":61220005,"rate":1019978.4720122406}},"data_received":{"values":{"count":55336524,"rate":921954.5669097655},"type":"counter","contains":"data"},"checks":{"type":"rate","contains":"default","values":{"rate":1,"passes":159013,"fails":0}},"iterations":{"type":"counter","contains":"default","values":{"count":159013,"rate":2649.294732499326}},"http_req_connecting":{"type":"trend","contains":"time","values":{"p(95)":0,"avg":0.0029086975907630193,"min":0,"med":0,"max":40.530229,"p(90)":0}},"http_req_tls_handshaking":{"type":"trend","contains":"time","values":{"p(95)":0,"avg":0,"min":0,"med":0,"max":0,"p(90)":0}}},"metadata":{"type":"GRPC","testConfig":{"id":"240a7dee-fed8-4fa0-b279-a79cdad6331d","name":"create-card-payment","vus":100,"duration":"1m","executedAt":"2022-07-25T21:04:30.120Z"}},"root_group":{"name":"","path":"","id":"d41d8cd98f00b204e9800998ecf8427e","groups":[],"checks":[{"name":"is status 201","path":"::is status 201","id":"d8b97380f72868aef5b0eadc0ce32c21","passes":159013,"fails":0}]},"options":{"summaryTrendStats":["avg","min","med","max","p(90)","p(95)"],"summaryTimeUnit":"","noColor":false}}