{"state":{"isStdOutTTY":true,"isStdErrTTY":true,"testRunDurationMs":60012.25907},"metrics":{"http_req_failed":{"type":"rate","contains":"default","values":{"rate":0,"passes":0,"fails":163124}},"http_req_tls_handshaking":{"type":"trend","contains":"time","values":{"max":0,"p(90)":0,"p(95)":0,"avg":0,"min":0,"med":0}},"iteration_duration":{"type":"trend","contains":"time","values":{"avg":18.38243176720754,"min":2.350463,"med":17.701342500000003,"max":186.982096,"p(90)":22.4542708,"p(95)":26.448458100000014}},"http_req_duration":{"type":"trend","contains":"time","values":{"avg":18.243215318365106,"min":2.229402,"med":17.569101500000002,"max":186.86972,"p(90)":22.296148900000002,"p(95)":26.25826915000001}},"data_sent":{"type":"counter","contains":"data","values":{"count":62802740,"rate":1046498.515024157}},"http_req_sending":{"values":{"max":18.975224,"p(90)":0.020152,"p(95)":0.024680850000000008,"avg":0.017321908977219715,"min":0.004957,"med":0.013084},"type":"trend","contains":"time"},"checks":{"type":"rate","contains":"default","values":{"rate":1,"passes":163124,"fails":0}},"http_req_waiting":{"type":"trend","contains":"time","values":{"avg":18.183461294984443,"min":2.185528,"med":17.5134425,"max":186.835971,"p(90)":22.223561700000005,"p(95)":26.167141}},"vus":{"contains":"default","values":{"value":50,"min":50,"max":50},"type":"gauge"},"vus_max":{"type":"gauge","contains":"default","values":{"value":50,"min":50,"max":50}},"http_req_duration{expected_response:true}":{"type":"trend","contains":"time","values":{"max":186.86972,"p(90)":22.296148900000002,"p(95)":26.25826915000001,"avg":18.243215318365106,"min":2.229402,"med":17.569101500000002}},"http_req_blocked":{"type":"trend","contains":"time","values":{"med":0.002182,"max":6.428641,"p(90)":0.003227,"p(95)":0.003655,"avg":0.0029847847772246747,"min":0.000827}},"http_req_receiving":{"values":{"max":18.335716,"p(90)":0.051073700000000014,"p(95)":0.062129,"avg":0.04243211440376583,"min":0.009295,"med":0.030085},"type":"trend","contains":"time"},"data_received":{"type":"counter","contains":"data","values":{"count":56767152,"rate":945925.9304633939}},"http_reqs":{"type":"counter","contains":"default","values":{"rate":2718.177961101707,"count":163124}},"http_req_connecting":{"contains":"time","values":{"max":1.947145,"p(90)":0,"p(95)":0,"avg":0.00019967500183909177,"min":0,"med":0},"type":"trend"},"iterations":{"type":"counter","contains":"default","values":{"count":163124,"rate":2718.177961101707}}},"metadata":{"testConfig":{"id":"c4e77cc4-0103-4abc-ac9e-da0f78901f4e","name":"create-card-payment","vus":50,"duration":"1m","executedAt":"2022-07-25T21:01:02.851Z"},"type":"GRPC"},"root_group":{"name":"","path":"","id":"d41d8cd98f00b204e9800998ecf8427e","groups":[],"checks":[{"passes":163124,"fails":0,"name":"is status 201","path":"::is status 201","id":"d8b97380f72868aef5b0eadc0ce32c21"}]},"options":{"summaryTrendStats":["avg","min","med","max","p(90)","p(95)"],"summaryTimeUnit":"","noColor":false}}