{"metrics":{"vus":{"type":"gauge","contains":"default","values":{"min":10,"max":10,"value":10}},"vus_max":{"contains":"default","values":{"value":10,"min":10,"max":10},"type":"gauge"},"http_req_blocked":{"type":"trend","contains":"time","values":{"p(95)":0.003817,"avg":0.0027336370053808886,"min":0.00083,"med":0.002225,"max":1.541176,"p(90)":0.003363}},"http_req_sending":{"type":"trend","contains":"time","values":{"avg":0.018043262729899652,"min":0.005776,"med":0.013849,"max":7.105233,"p(90)":0.022635,"p(95)":0.027248699999999983}},"data_sent":{"values":{"count":44503690,"rate":741646.0501327039},"type":"counter","contains":"data"},"data_received":{"type":"counter","contains":"data","values":{"count":40226712,"rate":670370.9751848856}},"http_req_duration":{"type":"trend","contains":"time","values":{"avg":5.036989171306492,"min":2.198109,"med":4.4062719999999995,"max":434.849721,"p(90)":6.3714148,"p(95)":7.531587749999999}},"http_req_duration{expected_response:true}":{"type":"trend","contains":"time","values":{"min":2.198109,"med":4.4062719999999995,"max":434.849721,"p(90)":6.3714148,"p(95)":7.531587749999999,"avg":5.036989171306492}},"http_req_connecting":{"contains":"time","values":{"avg":0.000005689776285966399,"min":0,"med":0,"max":0.120373,"p(90)":0,"p(95)":0},"type":"trend"},"http_req_waiting":{"type":"trend","contains":"time","values":{"med":4.3476275,"max":434.789607,"p(90)":6.309631599999999,"p(95)":7.456735799999999,"avg":4.974715449011132,"min":2.130903}},"iteration_duration":{"type":"trend","contains":"time","values":{"p(90)":6.5210303,"p(95)":7.701151849999997,"avg":5.180280110126818,"min":2.341713,"med":4.5454625,"max":434.987576}},"checks":{"type":"rate","contains":"default","values":{"rate":1,"passes":115594,"fails":0}},"http_req_tls_handshaking":{"type":"trend","contains":"time","values":{"avg":0,"min":0,"med":0,"max":0,"p(90)":0,"p(95)":0}},"http_reqs":{"type":"counter","contains":"default","values":{"count":115594,"rate":1926.3533769680619}},"http_req_failed":{"type":"rate","contains":"default","values":{"rate":0,"passes":0,"fails":115594}},"http_req_receiving":{"type":"trend","contains":"time","values":{"avg":0.04423045956537609,"min":0.009304,"med":0.0338735,"max":5.913036,"p(90)":0.062613,"p(95)":0.08636049999999991}},"iterations":{"type":"counter","contains":"default","values":{"count":115594,"rate":1926.3533769680619}}},"metadata":{"type":"REST","testConfig":{"id":"8ad8795d-8995-4bc5-b526-1914eddaf994","name":"create-card-payment","vus":10,"duration":"1m","executedAt":"2022-07-25T20:04:28.261Z"}},"root_group":{"path":"","id":"d41d8cd98f00b204e9800998ecf8427e","groups":[],"checks":[{"passes":115594,"fails":0,"name":"is status 201","path":"::is status 201","id":"d8b97380f72868aef5b0eadc0ce32c21"}],"name":""},"options":{"summaryTrendStats":["avg","min","med","max","p(90)","p(95)"],"summaryTimeUnit":"","noColor":false},"state":{"isStdOutTTY":true,"isStdErrTTY":true,"testRunDurationMs":60006.64332}}