{"metrics":{"checks":{"type":"rate","contains":"default","values":{"rate":1,"passes":127815,"fails":0}},"vus":{"contains":"default","values":{"value":50,"min":50,"max":50},"type":"gauge"},"data_sent":{"type":"counter","contains":"data","values":{"rate":819989.1930419151,"count":49208775}},"iteration_duration":{"type":"trend","contains":"time","values":{"avg":23.462904550514626,"min":2.407359,"med":22.291845,"max":513.617939,"p(90)":36.5663842,"p(95)":40.7302086}},"vus_max":{"values":{"value":50,"min":50,"max":50},"type":"gauge","contains":"default"},"http_req_failed":{"type":"rate","contains":"default","values":{"rate":0,"passes":0,"fails":127815}},"http_req_duration":{"type":"trend","contains":"time","values":{"min":2.314795,"med":22.15597,"max":513.46295,"p(90)":36.410687200000005,"p(95)":40.57085899999998,"avg":23.31762445006456}},"http_req_connecting":{"type":"trend","contains":"time","values":{"p(95)":0,"avg":0.00033964019872471945,"min":0,"med":0,"max":5.166429,"p(90)":0}},"data_received":{"type":"counter","contains":"data","values":{"count":44479620,"rate":741185.0368274972}},"iterations":{"type":"counter","contains":"default","values":{"count":127815,"rate":2129.84205984913}},"http_req_receiving":{"type":"trend","contains":"time","values":{"avg":0.04369552807573436,"min":0.010514,"med":0.031732,"max":15.263359,"p(90)":0.054974600000000005,"p(95)":0.06535059999999998}},"http_reqs":{"type":"counter","contains":"default","values":{"count":127815,"rate":2129.84205984913}},"http_req_duration{expected_response:true}":{"type":"trend","contains":"time","values":{"max":513.46295,"p(90)":36.410687200000005,"p(95)":40.57085899999998,"avg":23.31762445006456,"min":2.314795,"med":22.15597}},"http_req_waiting":{"type":"trend","contains":"time","values":{"avg":23.25498062871291,"min":2.243979,"med":22.099375,"max":513.396815,"p(90)":36.34607080000001,"p(95)":40.50821249999999}},"http_req_sending":{"values":{"avg":0.018948293275437126,"min":0.005422,"med":0.013789,"max":15.672747,"p(90)":0.021162,"p(95)":0.025414599999999975},"type":"trend","contains":"time"},"http_req_blocked":{"contains":"time","values":{"max":6.260585,"p(90)":0.003378,"p(95)":0.0038302999999999883,"avg":0.003235790853968664,"min":0.000838,"med":0.002298},"type":"trend"},"http_req_tls_handshaking":{"type":"trend","contains":"time","values":{"min":0,"med":0,"max":0,"p(90)":0,"p(95)":0,"avg":0}}},"metadata":{"type":"REST","testConfig":{"id":"c4e77cc4-0103-4abc-ac9e-da0f78901f4e","name":"create-card-payment","vus":50,"duration":"1m","executedAt":"2022-07-25T20:16:50.931Z"}},"root_group":{"name":"","path":"","id":"d41d8cd98f00b204e9800998ecf8427e","groups":[],"checks":[{"name":"is status 201","path":"::is status 201","id":"d8b97380f72868aef5b0eadc0ce32c21","passes":127815,"fails":0}]},"options":{"summaryTrendStats":["avg","min","med","max","p(90)","p(95)"],"summaryTimeUnit":"","noColor":false},"state":{"isStdErrTTY":true,"testRunDurationMs":60011.492124,"isStdOutTTY":true}}