{"options":{"summaryTrendStats":["avg","min","med","max","p(90)","p(95)"],"summaryTimeUnit":"","noColor":false},"state":{"isStdOutTTY":true,"isStdErrTTY":true,"testRunDurationMs":60004.390789},"metrics":{"vus":{"type":"gauge","contains":"default","values":{"value":10,"min":10,"max":10}},"data_received":{"type":"counter","contains":"data","values":{"count":54380916,"rate":906282.2784290164}},"http_req_duration{expected_response:true}":{"contains":"time","values":{"avg":3.698450599685232,"min":1.700003,"med":3.477812,"max":50.484867,"p(90)":4.797080599999999,"p(95)":5.459663599999999},"type":"trend"},"vus_max":{"type":"gauge","contains":"default","values":{"value":10,"min":10,"max":10}},"http_req_duration":{"type":"trend","contains":"time","values":{"avg":3.698450599685232,"min":1.700003,"med":3.477812,"max":50.484867,"p(90)":4.797080599999999,"p(95)":5.459663599999999}},"http_req_connecting":{"values":{"min":0,"med":0,"max":0.608673,"p(90)":0,"p(95)":0,"avg":0.00003463447816877524},"type":"trend","contains":"time"},"http_req_failed":{"type":"rate","contains":"default","values":{"rate":0,"passes":0,"fails":156267}},"iteration_duration":{"type":"trend","contains":"time","values":{"avg":3.8300981351084897,"min":1.787136,"med":3.605966,"max":50.602307,"p(90)":4.934068399999999,"p(95)":5.605200099999998}},"data_sent":{"type":"counter","contains":"data","values":{"count":60162795,"rate":1002639.8769976187}},"http_req_waiting":{"type":"trend","contains":"time","values":{"avg":3.6428002821516956,"min":1.658217,"med":3.424652,"max":50.438968,"p(90)":4.7406478,"p(95)":5.398134099999999}},"http_req_sending":{"contains":"time","values":{"max":7.759259,"p(90)":0.019927399999999994,"p(95)":0.024599,"avg":0.01621159152604168,"min":0.005608,"med":0.012476},"type":"trend"},"iterations":{"type":"counter","contains":"default","values":{"count":156267,"rate":2604.2594207730353}},"checks":{"type":"rate","contains":"default","values":{"rate":1,"passes":156267,"fails":0}},"http_req_tls_handshaking":{"type":"trend","contains":"time","values":{"avg":0,"min":0,"med":0,"max":0,"p(90)":0,"p(95)":0}},"http_reqs":{"contains":"default","values":{"count":156267,"rate":2604.2594207730353},"type":"counter"},"http_req_blocked":{"type":"trend","contains":"time","values":{"avg":0.0025445071768191462,"min":0.000868,"med":0.002048,"max":0.821661,"p(90)":0.003064,"p(95)":0.003481}},"http_req_receiving":{"values":{"med":0.029904,"max":8.682105,"p(90)":0.0536534,"p(95)":0.07562249999999991,"avg":0.039438726007410996,"min":0.010501},"type":"trend","contains":"time"}},"metadata":{"type":"GRPC","testConfig":{"executedAt":"2022-07-25T20:44:40.832Z","id":"8ad8795d-8995-4bc5-b526-1914eddaf994","name":"create-card-payment","vus":10,"duration":"1m"}},"root_group":{"groups":[],"checks":[{"id":"d8b97380f72868aef5b0eadc0ce32c21","passes":156267,"fails":0,"name":"is status 201","path":"::is status 201"}],"name":"","path":"","id":"d41d8cd98f00b204e9800998ecf8427e"}}