{"state":{"isStdOutTTY":true,"isStdErrTTY":true,"testRunDurationMs":60011.775471},"metrics":{"iteration_duration":{"type":"trend","contains":"time","values":{"min":1.461137,"med":16.0987285,"avg":16.900391475727055,"max":165.274352,"p(90)":24.5940134,"p(95)":27.453026549999997,"p(99)":33.584428769999995}},"http_reqs":{"type":"counter","contains":"default","values":{"count":354804,"rate":5912.239676552395}},"http_req_blocked":{"type":"trend","contains":"time","values":{"med":0.001985,"avg":0.0073416389189521186,"max":28.850933,"p(90)":0.002823,"p(95)":0.003201,"p(99)":0.004802969999999972,"min":0.000937}},"http_req_connecting":{"type":"trend","contains":"time","values":{"p(99)":0,"min":0,"med":0,"avg":0.004887042668628311,"max":28.256273,"p(90)":0,"p(95)":0}},"data_sent":{"values":{"count":136599368,"rate":2276209.409368501},"type":"counter","contains":"data"},"vus_max":{"type":"gauge","contains":"default","values":{"max":100,"value":100,"min":100}},"data_received":{"type":"counter","contains":"data","values":{"count":123471841,"rate":2057460.2239466545}},"http_req_duration{expected_response:true}":{"type":"trend","contains":"time","values":{"p(90)":24.4556584,"p(95)":27.30447905,"p(99)":33.39049316,"min":1.29516,"med":15.9772505,"avg":16.768461906252305,"max":136.448917}},"http_req_waiting":{"type":"trend","contains":"time","values":{"max":136.272428,"p(90)":24.383688600000003,"p(95)":27.220426199999995,"p(99)":33.24054956,"min":1.245323,"med":15.9307075,"avg":16.7153361918521}},"iterations":{"type":"counter","contains":"default","values":{"rate":5912.223013156051,"count":354803}},"vus":{"type":"gauge","contains":"default","values":{"value":100,"min":100,"max":100}},"checks":{"type":"rate","contains":"default","values":{"rate":1,"passes":354803,"fails":0},"thresholds":{"rate>0.99":{"ok":true}}},"http_req_failed":{"type":"rate","contains":"default","values":{"rate":0,"passes":0,"fails":354804}},"http_req_tls_handshaking":{"values":{"med":0,"avg":0,"max":0,"p(90)":0,"p(95)":0,"p(99)":0,"min":0},"type":"trend","contains":"time"},"http_req_duration":{"type":"trend","contains":"time","values":{"med":15.9772505,"avg":16.768461906252305,"max":136.448917,"p(90)":24.4556584,"p(95)":27.30447905,"p(99)":33.39049316,"min":1.29516}},"http_req_sending":{"contains":"time","values":{"med":0.011648,"avg":0.015580767232048853,"max":18.803129,"p(90)":0.016487,"p(95)":0.01927,"p(99)":0.07556480999999796,"min":0.005805},"type":"trend"},"http_req_receiving":{"type":"trend","contains":"time","values":{"p(90)":0.036736,"p(95)":0.04694154999999993,"p(99)":0.2163435499999968,"min":0.011732,"med":0.022049,"avg":0.03754494716801413,"max":23.091361}}},"setup_data":{"card":{"expiration_year":2027,"id":"8bac01c1-ea07-4562-99c6-4fd5a9b33202","is_credit":true,"active":true,"cardholder_name":"Vinicius Barbosa","expiration_month":10,"is_debit":true,"masked_number":"3850******0406","token":"14ff06b9104844f1967c65dee6bfcbd37986db03881d4aa1b70a808117885d10"}},"metadata":{"type":"GRPC","testConfig":{"vus":100,"duration":"1m","executedAt":"2022-10-31T21:57:06.529Z","id":"240a7dee-fed8-4fa0-b279-a79cdad6331d","name":"create-card-payment"},"useDatabase":false},"root_group":{"name":"","path":"","id":"d41d8cd98f00b204e9800998ecf8427e","groups":[{"name":"setup","path":"::setup","id":"5c0f8025f7e0b6654089e5b00e950f1a","groups":[],"checks":[]}],"checks":[{"name":"is status 201","path":"::is status 201","id":"d8b97380f72868aef5b0eadc0ce32c21","passes":354803,"fails":0}]},"options":{"noColor":false,"summaryTrendStats":["min","med","avg","max","p(90)","p(95)","p(99)"],"summaryTimeUnit":""}}