{"options":{"summaryTrendStats":["min","med","avg","max","p(90)","p(95)","p(99)"],"summaryTimeUnit":"","noColor":false},"state":{"isStdOutTTY":true,"isStdErrTTY":true,"testRunDurationMs":60007.828205},"metrics":{"http_req_sending":{"type":"trend","contains":"time","values":{"med":0.014021,"avg":0.01720967035992069,"max":11.563043,"p(90)":0.021132,"p(95)":0.024413,"p(99)":0.034803699999999896,"min":0.006289}},"http_req_receiving":{"type":"trend","contains":"time","values":{"p(90)":0.05273,"p(95)":0.0612735,"p(99)":0.1913309999999921,"min":0.012576,"med":0.030663,"avg":0.03937917652792966,"max":12.52239}},"http_req_waiting":{"values":{"p(95)":16.219192,"p(99)":19.8657274,"min":1.761134,"med":9.656357,"avg":10.09139709044356,"max":68.846369,"p(90)":14.562292},"type":"trend","contains":"time"},"data_sent":{"type":"counter","contains":"data","values":{"count":56083163,"rate":934597.446326628}},"iterations":{"type":"counter","contains":"default","values":{"rate":2427.516615038276,"count":145670}},"http_req_blocked":{"type":"trend","contains":"time","values":{"avg":0.0028735194650959766,"max":10.231445,"p(90)":0.003264,"p(95)":0.003696,"p(99)":0.005609,"min":0.000903,"med":0.002402}},"iteration_duration":{"type":"trend","contains":"time","values":{"p(95)":16.4355355,"p(99)":20.1274169,"min":2.099932,"med":9.842164,"avg":10.287370894996341,"max":70.043439,"p(90)":14.767579}},"vus_max":{"type":"gauge","contains":"default","values":{"max":25,"value":25,"min":25}},"http_req_failed":{"values":{"rate":0,"passes":0,"fails":145671},"type":"rate","contains":"default"},"http_req_duration":{"type":"trend","contains":"time","values":{"p(99)":19.948430199999994,"min":1.85216,"med":9.708447,"avg":10.1479859373313,"max":69.236185,"p(90)":14.623052,"p(95)":16.2820375}},"data_received":{"type":"counter","contains":"data","values":{"count":50693557,"rate":844782.3978368223}},"http_reqs":{"type":"counter","contains":"default","values":{"count":145671,"rate":2427.533279530725}},"checks":{"type":"rate","contains":"default","values":{"passes":145670,"fails":0,"rate":1},"thresholds":{"rate>0.99":{"ok":true}}},"http_req_tls_handshaking":{"type":"trend","contains":"time","values":{"p(90)":0,"p(95)":0,"p(99)":0,"min":0,"med":0,"avg":0,"max":0}},"vus":{"type":"gauge","contains":"default","values":{"value":25,"min":25,"max":25}},"http_req_duration{expected_response:true}":{"contains":"time","values":{"avg":10.1479859373313,"max":69.236185,"p(90)":14.623052,"p(95)":16.2820375,"p(99)":19.948430199999994,"min":1.85216,"med":9.708447},"type":"trend"},"http_req_connecting":{"type":"trend","contains":"time","values":{"avg":0.00005157639475255885,"max":0.508479,"p(90)":0,"p(95)":0,"p(99)":0,"min":0,"med":0}}},"setup_data":{"card":{"active":true,"cardholder_name":"Vinicius Barbosa","expiration_month":10,"is_credit":true,"masked_number":"3800******6939","expiration_year":2027,"id":"886e71b4-be33-40a4-ad3d-45c7573cb754","is_debit":true,"token":"42f0b7e97f3340559a06a8d8a4c418e7e689ebaaf6264da2ac12ecc6e195dc4c"}},"metadata":{"type":"REST","testConfig":{"executedAt":"2022-10-31T21:47:48.001Z","id":"43631c23-72c8-4ce4-ae7d-b50cbb5e56e7","name":"create-card-payment","vus":25,"duration":"1m"},"useDatabase":false},"root_group":{"name":"","path":"","id":"d41d8cd98f00b204e9800998ecf8427e","groups":[{"name":"setup","path":"::setup","id":"5c0f8025f7e0b6654089e5b00e950f1a","groups":[],"checks":[]}],"checks":[{"name":"is status 201","path":"::is status 201","id":"d8b97380f72868aef5b0eadc0ce32c21","passes":145670,"fails":0}]}}