{"root_group":{"name":"","path":"","id":"d41d8cd98f00b204e9800998ecf8427e","groups":[{"name":"setup","path":"::setup","id":"5c0f8025f7e0b6654089e5b00e950f1a","groups":[],"checks":[]}],"checks":[{"name":"is status 201","path":"::is status 201","id":"d8b97380f72868aef5b0eadc0ce32c21","passes":229450,"fails":0}]},"options":{"noColor":false,"summaryTrendStats":["min","med","avg","max","p(90)","p(95)","p(99)"],"summaryTimeUnit":""},"state":{"isStdOutTTY":true,"isStdErrTTY":true,"testRunDurationMs":60004.653635},"metrics":{"http_req_waiting":{"type":"trend","contains":"time","values":{"med":2.213129,"avg":2.4315840549485914,"max":36.832118,"p(90)":3.482868,"p(95)":4.0613415,"p(99)":5.596445,"min":0.920382}},"http_req_sending":{"type":"trend","contains":"time","values":{"avg":0.01521290674261616,"max":7.068703,"p(90)":0.019635,"p(95)":0.021688,"p(99)":0.0270185,"min":0.00662,"med":0.013445}},"http_req_failed":{"values":{"rate":0,"passes":0,"fails":229451},"type":"rate","contains":"default"},"iterations":{"type":"counter","contains":"default","values":{"count":229450,"rate":3823.8700850722776}},"http_reqs":{"type":"counter","contains":"default","values":{"count":229451,"rate":3823.8867504463683}},"http_req_receiving":{"type":"trend","contains":"time","values":{"avg":0.03322945058422016,"max":8.979776,"p(90)":0.043476,"p(95)":0.048438999999999996,"p(99)":0.065686,"min":0.012121,"med":0.029571}},"data_sent":{"type":"counter","contains":"data","values":{"count":88338463,"rate":1472193.5324775083}},"http_req_tls_handshaking":{"type":"trend","contains":"time","values":{"med":0,"avg":0,"max":0,"p(90)":0,"p(95)":0,"p(99)":0,"min":0}},"vus":{"type":"gauge","contains":"default","values":{"max":10,"value":10,"min":10}},"iteration_duration":{"values":{"min":1.087455,"med":2.381209,"avg":2.6057781426448545,"max":37.284873,"p(90)":3.661492,"p(95)":4.2474485,"p(99)":5.8915925},"type":"trend","contains":"time"},"http_req_duration":{"values":{"max":36.926105,"p(90)":3.533192,"p(95)":4.1144940000000005,"p(99)":5.672390500000001,"min":0.970004,"med":2.259238,"avg":2.480026412275352},"type":"trend","contains":"time"},"http_req_duration{expected_response:true}":{"contains":"time","values":{"med":2.259238,"avg":2.480026412275352,"max":36.926105,"p(90)":3.533192,"p(95)":4.1144940000000005,"p(99)":5.672390500000001,"min":0.970004},"type":"trend"},"http_req_connecting":{"contains":"time","values":{"min":0,"med":0,"avg":0.000007462412454075161,"max":0.335343,"p(90)":0,"p(95)":0,"p(99)":0},"type":"trend"},"checks":{"type":"rate","contains":"default","values":{"rate":1,"passes":229450,"fails":0},"thresholds":{"rate>0.99":{"ok":true}}},"http_req_blocked":{"contains":"time","values":{"p(99)":0.0046245,"min":0.001108,"med":0.002304,"avg":0.002534167543397058,"max":8.976892,"p(90)":0.002923,"p(95)":0.003337},"type":"trend"},"data_received":{"type":"counter","contains":"data","values":{"count":79848997,"rate":1330713.4057586666}},"vus_max":{"contains":"default","values":{"value":10,"min":10,"max":10},"type":"gauge"}},"setup_data":{"card":{"id":"cca88097-3065-4f40-9581-bf89f9fb2489","is_debit":true,"masked_number":"3932******1769","token":"adce793d80b74d4496e655007e41e0a57ae926cab6984c4c805bb198f3fa7bdc","active":true,"expiration_month":10,"expiration_year":2027,"is_credit":true,"cardholder_name":"Vinicius Barbosa"}},"metadata":{"type":"GRPC","testConfig":{"id":"8ad8795d-8995-4bc5-b526-1914eddaf994","name":"create-card-payment","vus":10,"duration":"1m","executedAt":"2022-10-31T21:53:09.404Z"},"useDatabase":false}}