{"root_group":{"name":"","path":"","id":"d41d8cd98f00b204e9800998ecf8427e","groups":[{"name":"setup","path":"::setup","id":"5c0f8025f7e0b6654089e5b00e950f1a","groups":[],"checks":[]}],"checks":[{"passes":360199,"fails":0,"name":"is status 201","path":"::is status 201","id":"d8b97380f72868aef5b0eadc0ce32c21"}]},"options":{"summaryTrendStats":["min","med","avg","max","p(90)","p(95)","p(99)"],"summaryTimeUnit":"","noColor":false},"state":{"isStdErrTTY":true,"testRunDurationMs":60009.735588,"isStdOutTTY":true},"metrics":{"http_req_duration{expected_response:true}":{"values":{"p(99)":33.00677971,"min":1.272453,"med":15.772008,"avg":16.52273484861197,"max":125.510643,"p(90)":24.0722333,"p(95)":26.8016802},"type":"trend","contains":"time"},"http_req_duration":{"values":{"min":1.272453,"med":15.772008,"avg":16.52273484861197,"max":125.510643,"p(90)":24.0722333,"p(95)":26.8016802,"p(99)":33.00677971},"type":"trend","contains":"time"},"http_req_waiting":{"type":"trend","contains":"time","values":{"p(95)":26.700518849999998,"p(99)":32.77758037000001,"min":1.176461,"med":15.727642,"avg":16.466293802676464,"max":125.19888,"p(90)":23.9899251}},"http_req_receiving":{"type":"trend","contains":"time","values":{"p(90)":0.036291,"p(95)":0.046595,"p(99)":0.2179623500000003,"min":0.010923,"med":0.021738,"avg":0.04110260835924442,"max":20.818023}},"iteration_duration":{"contains":"time","values":{"p(99)":33.16540779000003,"min":1.555605,"med":15.888273,"avg":16.64601033480262,"max":154.039742,"p(90)":24.202043400000008,"p(95)":26.937319449999993},"type":"trend"},"iterations":{"type":"counter","contains":"default","values":{"count":360199,"rate":6002.342727736133}},"data_sent":{"type":"counter","contains":"data","values":{"count":138676828,"rate":2310905.499602482}},"http_req_failed":{"type":"rate","contains":"default","values":{"rate":0,"passes":0,"fails":360200}},"vus":{"type":"gauge","contains":"default","values":{"value":100,"min":100,"max":100}},"http_req_connecting":{"contains":"time","values":{"min":0,"med":0,"avg":0.0006761480594114383,"max":26.597415,"p(90)":0,"p(95)":0,"p(99)":0},"type":"trend"},"http_req_blocked":{"type":"trend","contains":"time","values":{"max":26.632254,"p(90)":0.002771,"p(95)":0.003149,"p(99)":0.00481801000000001,"min":0.000928,"med":0.001954,"avg":0.0030283601054970216}},"http_req_sending":{"type":"trend","contains":"time","values":{"p(90)":0.016259,"p(95)":0.018894,"p(99)":0.07309405000000005,"min":0.005527,"med":0.011473,"avg":0.015338437576346238,"max":21.296401}},"vus_max":{"type":"gauge","contains":"default","values":{"value":100,"min":100,"max":100}},"http_reqs":{"type":"counter","contains":"default","values":{"count":360200,"rate":6002.359391698908}},"http_req_tls_handshaking":{"contains":"time","values":{"min":0,"med":0,"avg":0,"max":0,"p(90)":0,"p(95)":0,"p(99)":0},"type":"trend"},"data_received":{"contains":"data","values":{"rate":2088821.9181733218,"count":125349651},"type":"counter"},"checks":{"type":"rate","contains":"default","values":{"rate":1,"passes":360199,"fails":0},"thresholds":{"rate>0.99":{"ok":true}}}},"setup_data":{"card":{"expiration_month":10,"id":"2029b0e1-0ec8-4130-afc4-38694554ae53","is_credit":true,"is_debit":true,"masked_number":"6011********4476","cardholder_name":"Vinicius Barbosa","expiration_year":2027,"token":"8e399657d4a643a8b9cbb7ac76a8779d13628eb830eb41079a31c5d738578ee8","active":true}},"metadata":{"testConfig":{"name":"create-card-payment","vus":100,"duration":"1m","executedAt":"2022-10-31T21:02:10.815Z","id":"240a7dee-fed8-4fa0-b279-a79cdad6331d"},"useDatabase":false,"type":"GRPC"}}