{"state":{"isStdOutTTY":true,"isStdErrTTY":true,"testRunDurationMs":60004.155924},"metrics":{"checks":{"values":{"rate":1,"passes":43422,"fails":0},"thresholds":{"rate>0.99":{"ok":true}},"type":"rate","contains":"default"},"http_req_blocked":{"type":"trend","contains":"time","values":{"min":0.001242,"med":0.001619,"avg":0.0017342746470764285,"max":0.150982,"p(90)":0.002107,"p(95)":0.002369,"p(99)":0.00301}},"iterations":{"type":"counter","contains":"default","values":{"rate":723.6498761018718,"count":43422}},"http_req_duration":{"type":"trend","contains":"time","values":{"p(90)":1.5422118000000002,"p(95)":1.6925253,"p(99)":1.9420170399999999,"min":1.098944,"med":1.222591,"avg":1.2839891466043392,"max":5.652703}},"http_req_sending":{"type":"trend","contains":"time","values":{"med":0.011459,"avg":0.011479138912557972,"max":0.361033,"p(90)":0.013967,"p(95)":0.015098900000000002,"p(99)":0.018002,"min":0.007032}},"data_received":{"type":"counter","contains":"data","values":{"count":15111255,"rate":251836.8064228684}},"http_req_waiting":{"type":"trend","contains":"time","values":{"p(90)":1.4863142000000003,"p(95)":1.6415588,"p(99)":1.8903761399999994,"min":1.061035,"med":1.185502,"avg":1.2447300124127632,"max":5.574006}},"http_req_duration{expected_response:true}":{"contains":"time","values":{"p(90)":1.5422118000000002,"p(95)":1.6925253,"p(99)":1.9420170399999999,"min":1.098944,"med":1.222591,"avg":1.2839891466043392,"max":5.652703},"type":"trend"},"http_req_receiving":{"type":"trend","contains":"time","values":{"max":0.255096,"p(90)":0.0354748,"p(95)":0.04273070000000002,"p(99)":0.05263249999999997,"min":0.017615,"med":0.025774,"avg":0.027779995278999756}},"data_sent":{"values":{"count":16717683,"rate":278608.7520533455},"type":"counter","contains":"data"},"iteration_duration":{"type":"trend","contains":"time","values":{"min":1.175391,"med":1.310272,"avg":1.3753711859843922,"max":5.942121,"p(90)":1.6535860000000002,"p(95)":1.8008555,"p(99)":2.0501549799999994}},"http_req_failed":{"type":"rate","contains":"default","values":{"rate":0,"passes":0,"fails":43423}},"http_reqs":{"type":"counter","contains":"default","values":{"count":43423,"rate":723.6665416141951}},"vus_max":{"type":"gauge","contains":"default","values":{"value":1,"min":1,"max":1}},"http_req_connecting":{"type":"trend","contains":"time","values":{"p(95)":0,"p(99)":0,"min":0,"med":0,"avg":0.0000036251295396448885,"max":0.100746,"p(90)":0}},"http_req_tls_handshaking":{"type":"trend","contains":"time","values":{"p(90)":0,"p(95)":0,"p(99)":0,"min":0,"med":0,"avg":0,"max":0}},"vus":{"values":{"max":1,"value":1,"min":1},"type":"gauge","contains":"default"}},"setup_data":{"card":{"expiration_month":10,"is_debit":true,"masked_number":"5223********7945","token":"c65be5d6ec85453e86a584a64a03dcf3fd4ff8e8dd9f40328c5f9ae054caafc0","is_credit":true,"active":true,"cardholder_name":"Vinicius Barbosa","expiration_year":2027,"id":"343dce4b-c254-4d50-88cd-f2d86beed7fb"}},"metadata":{"type":"REST","testConfig":{"executedAt":"2022-10-31T20:50:12.158Z","id":"dad9c90f-2411-4200-9356-eeb9588680e0","name":"create-card-payment","vus":1,"duration":"1m"},"useDatabase":false},"root_group":{"id":"d41d8cd98f00b204e9800998ecf8427e","groups":[{"name":"setup","path":"::setup","id":"5c0f8025f7e0b6654089e5b00e950f1a","groups":[],"checks":[]}],"checks":[{"name":"is status 201","path":"::is status 201","id":"d8b97380f72868aef5b0eadc0ce32c21","passes":43422,"fails":0}],"name":"","path":""},"options":{"summaryTimeUnit":"","noColor":false,"summaryTrendStats":["min","med","avg","max","p(90)","p(95)","p(99)"]}}