{"options":{"summaryTimeUnit":"","noColor":false,"summaryTrendStats":["min","med","avg","max","p(90)","p(95)","p(99)"]},"state":{"isStdErrTTY":true,"testRunDurationMs":60007.436929,"isStdOutTTY":true},"metrics":{"vus":{"values":{"max":50,"value":50,"min":50},"type":"gauge","contains":"default"},"http_req_blocked":{"type":"trend","contains":"time","values":{"p(90)":0.003299,"p(95)":0.003764,"p(99)":0.006454400000000053,"min":0.000999,"med":0.002335,"avg":0.0029122582452438526,"max":5.627734}},"http_req_waiting":{"type":"trend","contains":"time","values":{"min":2.121014,"med":18.960448,"avg":19.819427261096763,"max":149.486952,"p(90)":29.3737116,"p(95)":32.864935,"p(99)":40.30404068000009}},"iteration_duration":{"type":"trend","contains":"time","values":{"max":150.380595,"p(90)":29.591055800000003,"p(95)":33.0966248,"p(99)":40.58554084000002,"min":2.324338,"med":19.158882,"avg":20.022867358851066}},"data_sent":{"values":{"rate":960793.1274954522,"count":57654733},"type":"counter","contains":"data"},"iterations":{"type":"counter","contains":"default","values":{"count":149752,"rate":2495.5573452867943}},"http_reqs":{"type":"counter","contains":"default","values":{"count":149753,"rate":2495.5740098879037}},"http_req_duration":{"type":"trend","contains":"time","values":{"max":149.679679,"p(90)":29.438603200000035,"p(95)":32.942829599999996,"p(99)":40.43113304000001,"min":2.189596,"med":19.019696,"avg":19.879275651132186}},"http_req_tls_handshaking":{"type":"trend","contains":"time","values":{"p(90)":0,"p(95)":0,"p(99)":0,"min":0,"med":0,"avg":0,"max":0}},"http_req_receiving":{"type":"trend","contains":"time","values":{"avg":0.042817221244315556,"max":28.30935,"p(90)":0.052474800000000016,"p(95)":0.062927,"p(99)":0.2271300800000002,"min":0.012506,"med":0.028072}},"http_req_sending":{"type":"trend","contains":"time","values":{"max":16.756576,"p(90)":0.02100880000000002,"p(95)":0.024815,"p(99)":0.03868216000000018,"min":0.006578,"med":0.013606,"avg":0.01703116879127613}},"http_req_connecting":{"type":"trend","contains":"time","values":{"avg":0.00023552943179769363,"max":1.324926,"p(90)":0,"p(95)":0,"p(99)":0,"min":0,"med":0}},"vus_max":{"type":"gauge","contains":"default","values":{"max":50,"value":50,"min":50}},"checks":{"thresholds":{"rate>0.99":{"ok":true}},"type":"rate","contains":"default","values":{"rate":1,"passes":149752,"fails":0}},"http_req_failed":{"values":{"rate":0,"passes":0,"fails":149753},"type":"rate","contains":"default"},"http_req_duration{expected_response:true}":{"type":"trend","contains":"time","values":{"min":2.189596,"med":19.019696,"avg":19.879275651132186,"max":149.679679,"p(90)":29.438603200000035,"p(95)":32.942829599999996,"p(99)":40.43113304000001}},"data_received":{"contains":"data","values":{"count":52114095,"rate":868460.605335647},"type":"counter"}},"setup_data":{"card":{"id":"8fc172c3-bd74-47f5-82a3-3853b4a5a6f5","cardholder_name":"Vinicius Barbosa","expiration_year":2027,"is_credit":true,"is_debit":true,"masked_number":"6011********0255","token":"f1e3d46dd07f4097a1354f1911af326065c523066f89480b99ede9aa1a6bb4dd","active":true,"expiration_month":10}},"metadata":{"type":"REST","testConfig":{"duration":"1m","executedAt":"2022-10-31T20:54:11.932Z","id":"c4e77cc4-0103-4abc-ac9e-da0f78901f4e","name":"create-card-payment","vus":50},"useDatabase":false},"root_group":{"name":"","path":"","id":"d41d8cd98f00b204e9800998ecf8427e","groups":[{"name":"setup","path":"::setup","id":"5c0f8025f7e0b6654089e5b00e950f1a","groups":[],"checks":[]}],"checks":[{"name":"is status 201","path":"::is status 201","id":"d8b97380f72868aef5b0eadc0ce32c21","passes":149752,"fails":0}]}}