{"options":{"summaryTrendStats":["min","med","avg","max","p(90)","p(95)","p(99)"],"summaryTimeUnit":"","noColor":false},"state":{"testRunDurationMs":60009.984777,"isStdOutTTY":true,"isStdErrTTY":true},"metrics":{"http_req_receiving":{"type":"trend","contains":"time","values":{"min":0.013295,"med":0.030602,"avg":0.03970378400677716,"max":12.79569,"p(90)":0.052689,"p(95)":0.061353,"p(99)":0.19524565999999965}},"vus":{"values":{"min":25,"max":25,"value":25},"type":"gauge","contains":"default"},"http_req_blocked":{"type":"trend","contains":"time","values":{"p(90)":0.003255,"p(95)":0.003695,"p(99)":0.00543301999999999,"min":0.001018,"med":0.002406,"avg":0.0030157214581367597,"max":5.214038}},"data_received":{"type":"counter","contains":"data","values":{"rate":842014.9278119188,"count":50529303}},"iteration_duration":{"type":"trend","contains":"time","values":{"p(99)":20.025347899999975,"min":2.233828,"med":9.863875,"avg":10.320451539073922,"max":1028.899353,"p(90)":14.8054592,"p(95)":16.502753300000002}},"http_reqs":{"type":"counter","contains":"default","values":{"count":145199,"rate":2419.5806837739833}},"http_req_duration":{"type":"trend","contains":"time","values":{"max":1028.790622,"p(90)":14.660899200000001,"p(95)":16.3439334,"p(99)":19.826560459999985,"min":2.083686,"med":9.727859,"avg":10.180491750101377}},"data_sent":{"type":"counter","contains":"data","values":{"count":55901443,"rate":931535.6970632881}},"http_req_tls_handshaking":{"contains":"time","values":{"p(90)":0,"p(95)":0,"p(99)":0,"min":0,"med":0,"avg":0,"max":0},"type":"trend"},"http_req_waiting":{"values":{"p(95)":16.278765700000005,"p(99)":19.72164535999999,"min":1.994465,"med":9.674958,"avg":10.12384343176602,"max":1028.754135,"p(90)":14.6006968},"type":"trend","contains":"time"},"vus_max":{"contains":"default","values":{"max":25,"value":25,"min":25},"type":"gauge"},"http_req_connecting":{"type":"trend","contains":"time","values":{"p(90)":0,"p(95)":0,"p(99)":0,"min":0,"med":0,"avg":0.00020954456986618366,"max":5.177623}},"http_req_failed":{"type":"rate","contains":"default","values":{"rate":0,"passes":0,"fails":145199}},"iterations":{"type":"counter","contains":"default","values":{"rate":2419.5640198804044,"count":145198}},"checks":{"type":"rate","contains":"default","values":{"fails":0,"rate":1,"passes":145198},"thresholds":{"rate>0.99":{"ok":true}}},"http_req_duration{expected_response:true}":{"contains":"time","values":{"p(99)":19.826560459999985,"min":2.083686,"med":9.727859,"avg":10.180491750101377,"max":1028.790622,"p(90)":14.660899200000001,"p(95)":16.3439334},"type":"trend"},"http_req_sending":{"type":"trend","contains":"time","values":{"med":0.014054,"avg":0.016944534328748876,"max":12.760595,"p(90)":0.02126,"p(95)":0.024592,"p(99)":0.03532501999999999,"min":0.006138}}},"setup_data":{"card":{"cardholder_name":"Vinicius Barbosa","expiration_year":2027,"is_debit":true,"masked_number":"4539********5106","token":"e2c1a245d7c843e187382c5844c33d518032f1f742804853a1f1d44826e3c7a7","active":true,"expiration_month":10,"id":"2342d743-041a-467f-8a85-aa9764bcb779","is_credit":true}},"metadata":{"type":"REST","testConfig":{"id":"43631c23-72c8-4ce4-ae7d-b50cbb5e56e7","name":"create-card-payment","vus":25,"duration":"1m","executedAt":"2022-10-31T20:52:51.914Z"},"useDatabase":false},"root_group":{"name":"","path":"","id":"d41d8cd98f00b204e9800998ecf8427e","groups":[{"name":"setup","path":"::setup","id":"5c0f8025f7e0b6654089e5b00e950f1a","groups":[],"checks":[]}],"checks":[{"name":"is status 201","path":"::is status 201","id":"d8b97380f72868aef5b0eadc0ce32c21","passes":145198,"fails":0}]}}