{"state":{"isStdOutTTY":true,"isStdErrTTY":true,"testRunDurationMs":60005.581321},"metrics":{"vus":{"type":"gauge","contains":"default","values":{"value":25,"min":25,"max":25}},"http_req_blocked":{"type":"trend","contains":"time","values":{"p(95)":0.003247,"p(99)":0.004603,"min":0.001039,"med":0.002199,"avg":0.002440180936701483,"max":3.810123,"p(90)":0.002885}},"iterations":{"type":"counter","contains":"default","values":{"count":297020,"rate":4949.872886175218}},"http_req_receiving":{"type":"trend","contains":"time","values":{"med":0.025206,"avg":0.03274973277647041,"max":13.688982,"p(90)":0.039834,"p(95)":0.046207,"p(99)":0.18662039999999774,"min":0.012347}},"http_reqs":{"type":"counter","contains":"default","values":{"count":297021,"rate":4949.8895512916615}},"http_req_duration{expected_response:true}":{"type":"trend","contains":"time","values":{"p(99)":10.421104199999991,"min":1.192793,"med":4.58757,"avg":4.914996280774698,"max":60.730179,"p(90)":7.135432,"p(95)":8.131436}},"http_req_sending":{"type":"trend","contains":"time","values":{"max":11.059607,"p(90)":0.016529,"p(95)":0.018933,"p(99)":0.028212599999999918,"min":0.006536,"med":0.012667,"avg":0.014469917797058116}},"iteration_duration":{"type":"trend","contains":"time","values":{"avg":5.040945122247297,"max":60.969573,"p(90)":7.267413,"p(95)":8.278465,"p(99)":10.672492199999992,"min":1.306384,"med":4.708231}},"http_req_failed":{"type":"rate","contains":"default","values":{"rate":0,"passes":0,"fails":297021}},"data_received":{"values":{"count":103363357,"rate":1722562.380440204},"type":"counter","contains":"data"},"vus_max":{"type":"gauge","contains":"default","values":{"value":25,"min":25,"max":25}},"http_req_connecting":{"values":{"min":0,"med":0,"avg":0.0000408537881159918,"max":0.88033,"p(90)":0,"p(95)":0,"p(99)":0},"type":"trend","contains":"time"},"http_req_tls_handshaking":{"type":"trend","contains":"time","values":{"p(90)":0,"p(95)":0,"p(99)":0,"min":0,"med":0,"avg":0,"max":0}},"http_req_waiting":{"type":"trend","contains":"time","values":{"p(95)":8.07078,"p(99)":10.298109799999994,"min":1.139329,"med":4.544306,"avg":4.867776630201201,"max":60.438207,"p(90)":7.085017}},"http_req_duration":{"type":"trend","contains":"time","values":{"p(95)":8.131436,"p(99)":10.421104199999991,"min":1.192793,"med":4.58757,"avg":4.914996280774698,"max":60.730179,"p(90)":7.135432}},"checks":{"type":"rate","contains":"default","values":{"rate":1,"passes":297020,"fails":0},"thresholds":{"rate>0.99":{"ok":true}}},"data_sent":{"type":"counter","contains":"data","values":{"count":114352913,"rate":1905704.6108472613}}},"setup_data":{"card":{"masked_number":"3632******7706","active":true,"expiration_month":10,"is_credit":true,"is_debit":true,"token":"ca899814a5224291ba5b15bec51666dd4431eaa1301e4359ba319f91dd2d0b23","cardholder_name":"Vinicius Barbosa","expiration_year":2027,"id":"2a69ebc0-660b-464f-97e9-ba32ec8fbeb8"}},"metadata":{"type":"GRPC","testConfig":{"executedAt":"2022-10-31T20:59:32.425Z","id":"43631c23-72c8-4ce4-ae7d-b50cbb5e56e7","name":"create-card-payment","vus":25,"duration":"1m"},"useDatabase":false},"root_group":{"name":"","path":"","id":"d41d8cd98f00b204e9800998ecf8427e","groups":[{"name":"setup","path":"::setup","id":"5c0f8025f7e0b6654089e5b00e950f1a","groups":[],"checks":[]}],"checks":[{"name":"is status 201","path":"::is status 201","id":"d8b97380f72868aef5b0eadc0ce32c21","passes":297020,"fails":0}]},"options":{"summaryTrendStats":["min","med","avg","max","p(90)","p(95)","p(99)"],"summaryTimeUnit":"","noColor":false}}