{
  "state": {
    "isStdOutTTY": true,
    "isStdErrTTY": true,
    "testRunDurationMs": 60124.072901
  },
  "metrics": {
    "http_req_duration{expected_response:true}": {
      "type": "trend",
      "contains": "time",
      "values": {
        "avg": 163.5144173099533,
        "min": 0.902745,
        "med": 138.9509015,
        "max": 2369.434106,
        "p(90)": 268.60357810000005,
        "p(95)": 343.6544945
      }
    },
    "http_req_waiting": {
      "type": "trend",
      "contains": "time",
      "values": {
        "med": 138.8942515,
        "max": 2369.271029,
        "p(90)": 268.4420251,
        "p(95)": 343.3681382999999,
        "avg": 163.40770162810355,
        "min": 0.873696
      }
    },
    "http_req_connecting": {
      "type": "trend",
      "contains": "time",
      "values": {
        "max": 143.149185,
        "p(90)": 0,
        "p(95)": 0,
        "avg": 0.11492588511091704,
        "min": 0,
        "med": 0
      }
    },
    "http_req_failed": {
      "type": "rate",
      "contains": "default",
      "values": {
        "rate": 0,
        "passes": 0,
        "fails": 366040
      }
    },
    "http_req_receiving": {
      "contains": "time",
      "values": {
        "avg": 0.0738044447655993,
        "min": 0.009301,
        "med": 0.026138,
        "max": 83.043176,
        "p(90)": 0.06266310000000003,
        "p(95)": 0.10992659999999986
      },
      "type": "trend"
    },
    "vus": {
      "values": {
        "value": 1000,
        "min": 1000,
        "max": 1000
      },
      "type": "gauge",
      "contains": "default"
    },
    "http_req_duration": {
      "values": {
        "p(95)": 343.6544945,
        "avg": 163.5144173099533,
        "min": 0.902745,
        "med": 138.9509015,
        "max": 2369.434106,
        "p(90)": 268.60357810000005
      },
      "type": "trend",
      "contains": "time"
    },
    "http_req_sending": {
      "type": "trend",
      "contains": "time",
      "values": {
        "med": 0.011653,
        "max": 121.258499,
        "p(90)": 0.024508,
        "p(95)": 0.03855809999999998,
        "avg": 0.03291123708884242,
        "min": 0.005262
      }
    },
    "data_sent": {
      "type": "counter",
      "contains": "data",
      "values": {
        "count": 77966520,
        "rate": 1296760.4528119592
      }
    },
    "iteration_duration": {
      "type": "trend",
      "contains": "time",
      "values": {
        "avg": 163.80056318960547,
        "min": 0.976717,
        "med": 139.087117,
        "max": 2370.270757,
        "p(90)": 268.93285210000005,
        "p(95)": 344.44385875
      }
    },
    "http_req_tls_handshaking": {
      "type": "trend",
      "contains": "time",
      "values": {
        "avg": 0,
        "min": 0,
        "med": 0,
        "max": 0,
        "p(90)": 0,
        "p(95)": 0
      }
    },
    "iterations": {
      "contains": "default",
      "values": {
        "count": 366040,
        "rate": 6088.077243248635
      },
      "type": "counter"
    },
    "checks": {
      "contains": "default",
      "values": {
        "rate": 1,
        "passes": 366040,
        "fails": 0
      },
      "type": "rate"
    },
    "data_received": {
      "contains": "data",
      "values": {
        "count": 145683920,
        "rate": 2423054.7428129567
      },
      "type": "counter"
    },
    "vus_max": {
      "values": {
        "value": 1000,
        "min": 1000,
        "max": 1000
      },
      "type": "gauge",
      "contains": "default"
    },
    "http_req_blocked": {
      "type": "trend",
      "contains": "time",
      "values": {
        "avg": 0.12210001223911718,
        "min": 0.000801,
        "med": 0.001972,
        "max": 172.2507,
        "p(90)": 0.003643,
        "p(95)": 0.005985
      }
    },
    "http_reqs": {
      "type": "counter",
      "contains": "default",
      "values": {
        "count": 366040,
        "rate": 6088.077243248635
      }
    }
  },
  "metadata": {
    "testName": "1000-vus-1m-create-card",
    "type": "gRPC"
  },
  "root_group": {
    "path": "",
    "id": "d41d8cd98f00b204e9800998ecf8427e",
    "groups": [],
    "checks": [
      {
        "name": "is status 201",
        "path": "::is status 201",
        "id": "d8b97380f72868aef5b0eadc0ce32c21",
        "passes": 366040,
        "fails": 0
      }
    ],
    "name": ""
  },
  "options": {
    "summaryTrendStats": [
      "avg",
      "min",
      "med",
      "max",
      "p(90)",
      "p(95)"
    ],
    "summaryTimeUnit": "",
    "noColor": false
  }
}
