{"options":{"summaryTrendStats":["avg","min","med","max","p(90)","p(95)"],"summaryTimeUnit":"","noColor":false},"state":{"isStdErrTTY":true,"testRunDurationMs":60090.693536,"isStdOutTTY":true},"metrics":{"http_req_sending":{"type":"trend","contains":"time","values":{"avg":0.033452196286729796,"min":0.004861,"med":0.011251,"max":107.473651,"p(90)":0.017944,"p(95)":0.025898749999999998}},"iteration_duration":{"values":{"p(90)":215.14055150000002,"p(95)":240.05702275,"avg":145.5374072251332,"min":1.53567,"med":144.73555299999998,"max":918.577805},"type":"trend","contains":"time"},"http_req_blocked":{"values":{"max":144.862659,"p(90)":0.002813,"p(95)":0.003455,"avg":0.12088720059817666,"min":0.00077,"med":0.001923},"type":"trend","contains":"time"},"http_req_waiting":{"type":"trend","contains":"time","values":{"avg":145.10791309195537,"min":1.327104,"med":144.3798295,"max":918.449157,"p(90)":214.5561005,"p(95)":239.358776}},"checks":{"type":"rate","contains":"default","values":{"passes":308946,"fails":0,"rate":1}},"http_req_tls_handshaking":{"type":"trend","contains":"time","values":{"avg":0,"min":0,"med":0,"max":0,"p(90)":0,"p(95)":0}},"data_sent":{"type":"counter","contains":"data","values":{"count":65805498,"rate":1095102.9872966318}},"http_req_receiving":{"type":"trend","contains":"time","values":{"max":102.888953,"p(90)":0.0463365,"p(95)":0.10102275,"avg":0.10887091209143458,"min":0.009853,"med":0.023827}},"http_req_failed":{"type":"rate","contains":"default","values":{"rate":0,"passes":0,"fails":308946}},"vus":{"type":"gauge","contains":"default","values":{"value":750,"min":750,"max":750}},"http_req_duration":{"type":"trend","contains":"time","values":{"p(95)":239.72649275,"avg":145.25023620033272,"min":1.390439,"med":144.4790565,"max":918.482397,"p(90)":214.85603700000001}},"data_received":{"type":"counter","contains":"data","values":{"count":122651562,"rate":2041107.445806398}},"http_req_connecting":{"type":"trend","contains":"time","values":{"avg":0.1161510265709866,"min":0,"med":0,"max":144.831133,"p(90)":0,"p(95)":0}},"iterations":{"type":"counter","contains":"default","values":{"count":308946,"rate":5141.328578857426}},"vus_max":{"type":"gauge","contains":"default","values":{"min":750,"max":750,"value":750}},"http_req_duration{expected_response:true}":{"type":"trend","contains":"time","values":{"p(90)":214.85603700000001,"p(95)":239.72649275,"avg":145.25023620033272,"min":1.390439,"med":144.4790565,"max":918.482397}},"http_reqs":{"type":"counter","contains":"default","values":{"count":308946,"rate":5141.328578857426}}},"metadata":{"type":"REST","testConfig":{"executedAt":"2022-07-22T00:05:03.233Z","id":"b681f416-b0ca-46ca-b775-1b1d56aad45c","name":"create-card","vus":750,"duration":"1m"}},"root_group":{"path":"","id":"d41d8cd98f00b204e9800998ecf8427e","groups":[],"checks":[{"name":"is status 201","path":"::is status 201","id":"d8b97380f72868aef5b0eadc0ce32c21","passes":308946,"fails":0}],"name":""}}