{"state":{"isStdOutTTY":true,"isStdErrTTY":true,"testRunDurationMs":60034.743436},"metrics":{"data_sent":{"contains":"data","values":{"count":63967095,"rate":1065501.2637505827},"type":"counter"},"iteration_duration":{"type":"trend","contains":"time","values":{"p(95)":88.5360087,"avg":49.91190672106254,"min":1.431914,"med":47.553901,"max":441.689189,"p(90)":78.18144720000011}},"http_req_duration":{"values":{"avg":49.76124935420503,"min":1.314632,"med":47.401205,"max":441.587831,"p(90)":78.0281454,"p(95)":88.3807665},"type":"trend","contains":"time"},"checks":{"type":"rate","contains":"default","values":{"rate":1,"passes":300315,"fails":0}},"http_req_waiting":{"type":"trend","contains":"time","values":{"min":1.276005,"med":47.33397,"max":441.555091,"p(90)":77.8862916,"p(95)":88.24490259999999,"avg":49.67922787085124}},"http_req_receiving":{"values":{"avg":0.0632238767494124,"min":0.009693,"med":0.023671,"max":41.967892,"p(90)":0.04513360000000004,"p(95)":0.07984029999999999},"type":"trend","contains":"time"},"data_received":{"type":"counter","contains":"data","values":{"count":119525370,"rate":1990936.6336747978}},"http_reqs":{"type":"counter","contains":"default","values":{"count":300315,"rate":5002.353350941703}},"http_req_tls_handshaking":{"type":"trend","contains":"time","values":{"p(95)":0,"avg":0,"min":0,"med":0,"max":0,"p(90)":0}},"vus":{"values":{"value":250,"min":250,"max":250},"type":"gauge","contains":"default"},"vus_max":{"contains":"default","values":{"max":250,"value":250,"min":250},"type":"gauge"},"http_req_sending":{"contains":"time","values":{"avg":0.01879760660306652,"min":0.004679,"med":0.011166,"max":32.995108,"p(90)":0.017529,"p(95)":0.024703599999999975},"type":"trend"},"http_req_duration{expected_response:true}":{"values":{"avg":49.76124935420503,"min":1.314632,"med":47.401205,"max":441.587831,"p(90)":78.0281454,"p(95)":88.3807665},"type":"trend","contains":"time"},"http_req_blocked":{"type":"trend","contains":"time","values":{"p(90)":0.002776,"p(95)":0.003345,"avg":0.007952131788288724,"min":0.000757,"med":0.001909,"max":45.17392}},"http_req_failed":{"type":"rate","contains":"default","values":{"rate":0,"passes":0,"fails":300315}},"http_req_connecting":{"type":"trend","contains":"time","values":{"med":0,"max":42.790596,"p(90)":0,"p(95)":0,"avg":0.0046079753392271414,"min":0}},"iterations":{"type":"counter","contains":"default","values":{"count":300315,"rate":5002.353350941703}}},"metadata":{"type":"REST","testConfig":{"vus":250,"duration":"1m","executedAt":"2022-07-22T00:26:06.924Z","id":"652f8a51-30af-4b57-a5e5-f7e3eb5a3a4c","name":"create-card"}},"root_group":{"checks":[{"name":"is status 201","path":"::is status 201","id":"d8b97380f72868aef5b0eadc0ce32c21","passes":300315,"fails":0}],"name":"","path":"","id":"d41d8cd98f00b204e9800998ecf8427e","groups":[]},"options":{"summaryTrendStats":["avg","min","med","max","p(90)","p(95)"],"summaryTimeUnit":"","noColor":false}}