{"state":{"isStdOutTTY":true,"isStdErrTTY":true,"testRunDurationMs":60220.930163},"metrics":{"iterations":{"type":"counter","contains":"default","values":{"count":394034,"rate":6543.140382147339}},"http_req_connecting":{"type":"trend","contains":"time","values":{"p(95)":0,"avg":0.042339374701167866,"min":0,"med":0,"max":180.902993,"p(90)":0}},"http_req_blocked":{"values":{"p(95)":0.003544,"avg":0.05049283721201914,"min":0.000845,"med":0.001886,"max":202.993279,"p(90)":0.002931},"type":"trend","contains":"time"},"http_req_sending":{"type":"trend","contains":"time","values":{"avg":0.02653066872401988,"min":0.005171,"med":0.011228,"max":112.430467,"p(90)":0.018183,"p(95)":0.024737}},"data_sent":{"type":"counter","contains":"data","values":{"count":83929242,"rate":1393688.901397383}},"data_received":{"type":"counter","contains":"data","values":{"count":156037464,"rate":2591083.591330346}},"vus_max":{"type":"gauge","contains":"default","values":{"value":750,"min":750,"max":750}},"http_req_tls_handshaking":{"type":"trend","contains":"time","values":{"p(90)":0,"p(95)":0,"avg":0,"min":0,"med":0,"max":0}},"http_req_receiving":{"type":"trend","contains":"time","values":{"avg":0.03860552742656785,"min":0.010275,"med":0.025663,"max":39.587331,"p(90)":0.04597270000000001,"p(95)":0.07174734999999999}},"http_req_failed":{"type":"rate","contains":"default","values":{"rate":0,"passes":0,"fails":394034}},"http_req_duration":{"type":"trend","contains":"time","values":{"min":0.986558,"med":104.126517,"max":1006.460991,"p(90)":192.0964273,"p(95)":234.02322899999984,"avg":114.05787052634648}},"http_req_duration{expected_response:true}":{"type":"trend","contains":"time","values":{"avg":114.05787052634648,"min":0.986558,"med":104.126517,"max":1006.460991,"p(90)":192.0964273,"p(95)":234.02322899999984}},"iteration_duration":{"type":"trend","contains":"time","values":{"p(95)":234.27617619999958,"avg":114.23991749582581,"min":1.078381,"med":104.26248100000001,"max":1006.530212,"p(90)":192.30918390000002}},"checks":{"type":"rate","contains":"default","values":{"rate":1,"passes":394034,"fails":0}},"vus":{"type":"gauge","contains":"default","values":{"value":750,"min":750,"max":750}},"http_req_waiting":{"type":"trend","contains":"time","values":{"avg":113.99273433019795,"min":0.956323,"med":104.0740105,"max":1006.400526,"p(90)":192.02277080000002,"p(95)":233.8805227999995}},"http_reqs":{"type":"counter","contains":"default","values":{"count":394034,"rate":6543.140382147339}}},"metadata":{"type":"gRPC","testConfig":{"id":"b681f416-b0ca-46ca-b775-1b1d56aad45c","name":"create-card","vus":750,"duration":"1m","executedAt":"2022-07-22T00:56:55.756Z"}},"root_group":{"name":"","path":"","id":"d41d8cd98f00b204e9800998ecf8427e","groups":[],"checks":[{"name":"is status 201","path":"::is status 201","id":"d8b97380f72868aef5b0eadc0ce32c21","passes":394034,"fails":0}]},"options":{"summaryTimeUnit":"","noColor":false,"summaryTrendStats":["avg","min","med","max","p(90)","p(95)"]}}