{"options":{"summaryTrendStats":["avg","min","med","max","p(90)","p(95)"],"summaryTimeUnit":"","noColor":false},"state":{"isStdOutTTY":true,"isStdErrTTY":true,"testRunDurationMs":60049.90044},"metrics":{"http_req_waiting":{"type":"trend","contains":"time","values":{"avg":71.28104754978588,"min":0.862328,"med":64.797359,"max":622.561353,"p(90)":120.97955579999999,"p(95)":135.7267866999999}},"checks":{"type":"rate","contains":"default","values":{"rate":1,"passes":419283,"fails":0}},"data_received":{"values":{"count":166874634,"rate":2778932.7338974685},"type":"counter","contains":"data"},"http_req_connecting":{"type":"trend","contains":"time","values":{"max":68.376424,"p(90)":0,"p(95)":0,"avg":0.02250645202166553,"min":0,"med":0}},"vus":{"contains":"default","values":{"value":500,"min":500,"max":500},"type":"gauge"},"http_req_blocked":{"type":"trend","contains":"time","values":{"avg":0.025851354493266285,"min":0.000765,"med":0.001834,"max":77.119199,"p(90)":0.002691,"p(95)":0.003324}},"iteration_duration":{"type":"trend","contains":"time","values":{"min":1.008723,"med":64.969893,"max":622.701153,"p(90)":121.1785674,"p(95)":135.9662615,"avg":71.49552874176568}},"vus_max":{"type":"gauge","contains":"default","values":{"value":500,"min":500,"max":500}},"http_req_duration":{"type":"trend","contains":"time","values":{"max":622.594515,"p(90)":121.04720819999996,"p(95)":135.7909372999999,"avg":71.34189544155596,"min":0.893657,"med":64.846255}},"data_sent":{"type":"counter","contains":"data","values":{"count":89307279,"rate":1487217.769648645}},"http_req_failed":{"type":"rate","contains":"default","values":{"rate":0,"passes":0,"fails":419283}},"iterations":{"type":"counter","contains":"default","values":{"count":419283,"rate":6982.243049993639}},"http_req_duration{expected_response:true}":{"type":"trend","contains":"time","values":{"avg":71.34189544155596,"min":0.893657,"med":64.846255,"max":622.594515,"p(90)":121.04720819999996,"p(95)":135.7909372999999}},"http_reqs":{"type":"counter","contains":"default","values":{"count":419283,"rate":6982.243049993639}},"http_req_tls_handshaking":{"type":"trend","contains":"time","values":{"p(95)":0,"avg":0,"min":0,"med":0,"max":0,"p(90)":0}},"http_req_sending":{"type":"trend","contains":"time","values":{"p(95)":0.023560899999999965,"avg":0.017121060908741843,"min":0.004835,"med":0.010854,"max":34.758469,"p(90)":0.016766}},"http_req_receiving":{"type":"trend","contains":"time","values":{"avg":0.04372683086125711,"min":0.009899,"med":0.024513,"max":44.042185,"p(90)":0.04357279999999999,"p(95)":0.07624469999999989}}},"metadata":{"type":"gRPC","testConfig":{"duration":"1m","executedAt":"2022-07-22T01:11:21.193Z","id":"9d9e7cc3-2820-4086-92c9-3a2e5addbb69","name":"create-card","vus":500}},"root_group":{"name":"","path":"","id":"d41d8cd98f00b204e9800998ecf8427e","groups":[],"checks":[{"name":"is status 201","path":"::is status 201","id":"d8b97380f72868aef5b0eadc0ce32c21","passes":419283,"fails":0}]}}