{"state":{"isStdErrTTY":true,"testRunDurationMs":60305.99778,"isStdOutTTY":true},"metrics":{"http_req_receiving":{"type":"trend","contains":"time","values":{"med":0.023833,"max":40.127747,"p(90)":0.0435916,"p(95)":0.06689649999999994,"avg":0.043147520533212656,"min":0.009805}},"http_req_blocked":{"type":"trend","contains":"time","values":{"med":0.001909,"max":177.721528,"p(90)":0.002873,"p(95)":0.00351,"avg":0.17248564747055703,"min":0.000777}},"http_req_waiting":{"values":{"avg":208.5377303058432,"min":1.167875,"med":193.963078,"max":1918.491278,"p(90)":343.03482360000004,"p(95)":370.2196844999999},"type":"trend","contains":"time"},"http_reqs":{"contains":"default","values":{"rate":4764.285652782711,"count":287315},"type":"counter"},"http_req_duration{expected_response:true}":{"type":"trend","contains":"time","values":{"avg":208.61211775987698,"min":1.200542,"med":194.032589,"max":1918.525785,"p(90)":343.1083312,"p(95)":370.2858945}},"http_req_sending":{"type":"trend","contains":"time","values":{"min":0.004627,"med":0.011075,"max":119.42955,"p(90)":0.017731,"p(95)":0.02440629999999999,"avg":0.031239933501558532}},"vus_max":{"type":"gauge","contains":"default","values":{"min":1000,"max":1000,"value":1000}},"http_req_duration":{"type":"trend","contains":"time","values":{"p(90)":343.1083312,"p(95)":370.2858945,"avg":208.61211775987698,"min":1.200542,"med":194.032589,"max":1918.525785}},"iteration_duration":{"type":"trend","contains":"time","values":{"avg":208.93206294789198,"min":1.293154,"med":194.267939,"max":1918.622315,"p(90)":343.3876632,"p(95)":370.52364689999996}},"iterations":{"type":"counter","contains":"default","values":{"rate":4764.285652782711,"count":287315}},"http_req_tls_handshaking":{"type":"trend","contains":"time","values":{"p(95)":0,"avg":0,"min":0,"med":0,"max":0,"p(90)":0}},"http_req_failed":{"type":"rate","contains":"default","values":{"rate":0,"passes":0,"fails":287315}},"data_received":{"type":"counter","contains":"data","values":{"count":114351370,"rate":1896185.6898075189}},"data_sent":{"contains":"data","values":{"count":61198095,"rate":1014792.8440427174},"type":"counter"},"http_req_connecting":{"contains":"time","values":{"avg":0.1657984167899346,"min":0,"med":0,"max":177.670417,"p(90)":0,"p(95)":0},"type":"trend"},"vus":{"type":"gauge","contains":"default","values":{"min":1000,"max":1000,"value":1000}},"checks":{"type":"rate","contains":"default","values":{"rate":1,"passes":287315,"fails":0}}},"metadata":{"type":"REST","testConfig":{"executedAt":"2022-07-21T23:53:38.883Z","id":"6623f5bc-fa13-464c-ac10-ffc0f564fc05","name":"create-card","vus":1000,"duration":"1m"}},"root_group":{"path":"","id":"d41d8cd98f00b204e9800998ecf8427e","groups":[],"checks":[{"name":"is status 201","path":"::is status 201","id":"d8b97380f72868aef5b0eadc0ce32c21","passes":287315,"fails":0}],"name":""},"options":{"summaryTrendStats":["avg","min","med","max","p(90)","p(95)"],"summaryTimeUnit":"","noColor":false}}