{"state":{"isStdOutTTY":true,"isStdErrTTY":true,"testRunDurationMs":60079.685791},"metrics":{"http_req_failed":{"contains":"default","values":{"rate":0,"passes":0,"fails":312851},"type":"rate"},"http_req_connecting":{"type":"trend","contains":"time","values":{"avg":0.12148725521094715,"min":0,"med":0,"max":178.79779,"p(90)":0,"p(95)":0}},"vus_max":{"type":"gauge","contains":"default","values":{"value":750,"min":750,"max":750}},"http_reqs":{"values":{"rate":5207.267579399781,"count":312851},"type":"counter","contains":"default"},"vus":{"type":"gauge","contains":"default","values":{"value":750,"min":750,"max":750}},"http_req_blocked":{"type":"trend","contains":"time","values":{"min":0.00077,"med":0.00194,"max":215.181847,"p(90)":0.002881,"p(95)":0.003531,"avg":0.13035622754922238}},"http_req_tls_handshaking":{"type":"trend","contains":"time","values":{"max":0,"p(90)":0,"p(95)":0,"avg":0,"min":0,"med":0}},"iteration_duration":{"type":"trend","contains":"time","values":{"med":142.949942,"max":783.731947,"p(90)":212.624158,"p(95)":238.035642,"avg":143.65216570716734,"min":1.354375}},"data_sent":{"type":"counter","contains":"data","values":{"count":66637263,"rate":1109147.9944121533}},"http_req_duration":{"type":"trend","contains":"time","values":{"p(90)":212.304883,"p(95)":237.5932135,"avg":143.34234232739306,"min":1.261282,"med":142.713587,"max":783.631703}},"http_req_duration{expected_response:true}":{"contains":"time","values":{"p(95)":237.5932135,"avg":143.34234232739306,"min":1.261282,"med":142.713587,"max":783.631703,"p(90)":212.304883},"type":"trend"},"http_req_waiting":{"type":"trend","contains":"time","values":{"avg":143.17303606709757,"min":1.231994,"med":142.602252,"max":783.596022,"p(90)":211.94912,"p(95)":237.149609}},"http_req_receiving":{"type":"trend","contains":"time","values":{"min":0.009053,"med":0.023861,"max":72.537648,"p(90)":0.045939,"p(95)":0.088666,"avg":0.13104413654103447}},"data_received":{"values":{"count":124514698,"rate":2072492.496601113},"type":"counter","contains":"data"},"http_req_sending":{"type":"trend","contains":"time","values":{"avg":0.03826212375539875,"min":0.004622,"med":0.011255,"max":72.808437,"p(90)":0.017902,"p(95)":0.025143}},"checks":{"type":"rate","contains":"default","values":{"rate":1,"passes":312851,"fails":0}},"iterations":{"type":"counter","contains":"default","values":{"count":312851,"rate":5207.267579399781}}},"metadata":{"type":"REST","testConfig":{"id":"b681f416-b0ca-46ca-b775-1b1d56aad45c","name":"create-card","vus":750,"duration":"1m","executedAt":"2022-07-22T00:08:13.892Z"}},"root_group":{"name":"","path":"","id":"d41d8cd98f00b204e9800998ecf8427e","groups":[],"checks":[{"name":"is status 201","path":"::is status 201","id":"d8b97380f72868aef5b0eadc0ce32c21","passes":312851,"fails":0}]},"options":{"summaryTrendStats":["avg","min","med","max","p(90)","p(95)"],"summaryTimeUnit":"","noColor":false}}