{"options":{"summaryTrendStats":["avg","min","med","max","p(90)","p(95)"],"summaryTimeUnit":"","noColor":false},"state":{"isStdOutTTY":true,"isStdErrTTY":true,"testRunDurationMs":60111.017697},"metrics":{"vus_max":{"type":"gauge","contains":"default","values":{"value":1000,"min":1000,"max":1000}},"http_req_sending":{"type":"trend","contains":"time","values":{"max":108.745852,"p(90)":0.018262100000000007,"p(95)":0.026444,"avg":0.04539526727929358,"min":0.00464,"med":0.011146}},"checks":{"type":"rate","contains":"default","values":{"rate":1,"passes":276950,"fails":0}},"http_reqs":{"type":"counter","contains":"default","values":{"count":276950,"rate":4607.308453768233}},"http_req_waiting":{"type":"trend","contains":"time","values":{"avg":215.9586611503846,"min":1.312893,"med":196.6657005,"max":2335.637339,"p(90)":350.0831771,"p(95)":368.9608814}},"http_req_failed":{"type":"rate","contains":"default","values":{"rate":0,"passes":0,"fails":276950}},"http_req_connecting":{"type":"trend","contains":"time","values":{"med":0,"max":148.115838,"p(90)":0,"p(95)":0,"avg":0.15639883063007762,"min":0}},"iteration_duration":{"type":"trend","contains":"time","values":{"max":2335.76946,"p(90)":350.4491894,"p(95)":369.33477189999996,"avg":216.51715906560622,"min":1.479591,"med":197.1731125}},"iterations":{"type":"counter","contains":"default","values":{"count":276950,"rate":4607.308453768233}},"http_req_duration":{"type":"trend","contains":"time","values":{"med":196.8374445,"max":2335.674501,"p(90)":350.2553762,"p(95)":369.13826609999995,"avg":216.1504717885522,"min":1.350441}},"http_req_blocked":{"type":"trend","contains":"time","values":{"med":0.001916,"max":148.160245,"p(90)":0.002926,"p(95)":0.003581,"avg":0.17084370081964675,"min":0.00079}},"http_req_tls_handshaking":{"type":"trend","contains":"time","values":{"avg":0,"min":0,"med":0,"max":0,"p(90)":0,"p(95)":0}},"http_req_duration{expected_response:true}":{"type":"trend","contains":"time","values":{"avg":216.1504717885522,"min":1.350441,"med":196.8374445,"max":2335.674501,"p(90)":350.2553762,"p(95)":369.13826609999995}},"http_req_receiving":{"type":"trend","contains":"time","values":{"avg":0.14641537088644146,"min":0.00937,"med":0.024095,"max":147.045083,"p(90)":0.0469281,"p(95)":0.09739759999999986}},"vus":{"type":"gauge","contains":"default","values":{"value":1000,"min":1000,"max":1000}},"data_sent":{"type":"counter","contains":"data","values":{"count":58990350,"rate":981356.7006526338}},"data_received":{"contains":"data","values":{"count":110226100,"rate":1833708.764599757},"type":"counter"}},"metadata":{"type":"REST","testConfig":{"id":"6623f5bc-fa13-464c-ac10-ffc0f564fc05","name":"create-card","vus":1000,"duration":"1m","executedAt":"2022-07-21T23:51:21.483Z"}},"root_group":{"name":"","path":"","id":"d41d8cd98f00b204e9800998ecf8427e","groups":[],"checks":[{"name":"is status 201","path":"::is status 201","id":"d8b97380f72868aef5b0eadc0ce32c21","passes":276950,"fails":0}]}}