{"state":{"isStdOutTTY":true,"isStdErrTTY":true,"testRunDurationMs":60028.471241},"metrics":{"data_received":{"type":"counter","contains":"data","values":{"rate":2681917.774544979,"count":160991424}},"vus_max":{"type":"gauge","contains":"default","values":{"value":250,"min":250,"max":250}},"http_req_duration{expected_response:true}":{"values":{"min":0.987648,"med":32.9122925,"max":712.9237,"p(90)":60.555018800000006,"p(95)":69.32465494999998,"avg":36.723029541085296},"type":"trend","contains":"time"},"http_req_tls_handshaking":{"contains":"time","values":{"p(95)":0,"avg":0,"min":0,"med":0,"max":0,"p(90)":0},"type":"trend"},"http_req_failed":{"type":"rate","contains":"default","values":{"rate":0,"passes":0,"fails":406544}},"checks":{"type":"rate","contains":"default","values":{"rate":1,"passes":406544,"fails":0}},"http_req_duration":{"type":"trend","contains":"time","values":{"avg":36.723029541085296,"min":0.987648,"med":32.9122925,"max":712.9237,"p(90)":60.555018800000006,"p(95)":69.32465494999998}},"http_req_connecting":{"values":{"avg":0.002182955362765161,"min":0,"med":0,"max":47.554501,"p(90)":0,"p(95)":0},"type":"trend","contains":"time"},"data_sent":{"contains":"data","values":{"count":86593872,"rate":1442546.6817628297},"type":"counter"},"iteration_duration":{"type":"trend","contains":"time","values":{"med":33.037994,"max":713.028191,"p(90)":60.6988529,"p(95)":69.48480559999997,"avg":36.858901022088375,"min":1.078857}},"vus":{"type":"gauge","contains":"default","values":{"value":250,"min":250,"max":250}},"http_req_blocked":{"type":"trend","contains":"time","values":{"min":0.00085,"med":0.001863,"max":94.330557,"p(90)":0.002651,"p(95)":0.003319,"avg":0.005584777591108721}},"http_req_sending":{"type":"trend","contains":"time","values":{"avg":0.0171931875393567,"min":0.005212,"med":0.011046,"max":47.805932,"p(90)":0.016552,"p(95)":0.022795}},"http_req_waiting":{"type":"trend","contains":"time","values":{"p(95)":69.26169464999997,"avg":36.661165652787645,"min":0.930986,"med":32.861256499999996,"max":712.860677,"p(90)":60.459966600000016}},"http_reqs":{"values":{"count":406544,"rate":6772.519632689341},"type":"counter","contains":"default"},"iterations":{"type":"counter","contains":"default","values":{"count":406544,"rate":6772.519632689341}},"http_req_receiving":{"contains":"time","values":{"avg":0.044670700758098834,"min":0.009513,"med":0.024707,"max":48.214528,"p(90)":0.04363,"p(95)":0.07828469999999994},"type":"trend"}},"metadata":{"type":"gRPC","testConfig":{"id":"652f8a51-30af-4b57-a5e5-f7e3eb5a3a4c","name":"create-card","vus":250,"duration":"1m","executedAt":"2022-07-22T01:20:29.724Z"}},"root_group":{"name":"","path":"","id":"d41d8cd98f00b204e9800998ecf8427e","groups":[],"checks":[{"name":"is status 201","path":"::is status 201","id":"d8b97380f72868aef5b0eadc0ce32c21","passes":406544,"fails":0}]},"options":{"summaryTrendStats":["avg","min","med","max","p(90)","p(95)"],"summaryTimeUnit":"","noColor":false}}