{"options":{"noColor":false,"summaryTrendStats":["avg","min","med","max","p(90)","p(95)"],"summaryTimeUnit":""},"state":{"isStdOutTTY":true,"isStdErrTTY":true,"testRunDurationMs":60032.709507},"metrics":{"http_req_sending":{"type":"trend","contains":"time","values":{"avg":0.021651774905692797,"min":0.004825,"med":0.011277,"max":83.811426,"p(90)":0.017355,"p(95)":0.024100700000000013}},"data_received":{"contains":"data","values":{"count":117850586,"rate":1963106.2293841369},"type":"counter"},"vus_max":{"type":"gauge","contains":"default","values":{"value":250,"min":250,"max":250}},"http_reqs":{"type":"counter","contains":"default","values":{"count":296107,"rate":4932.427712020444}},"http_req_waiting":{"values":{"p(90)":77.24439560000003,"p(95)":86.5508749,"avg":50.36673008909317,"min":1.110543,"med":47.774042,"max":930.938107},"type":"trend","contains":"time"},"http_req_duration":{"values":{"avg":50.457328749843285,"min":1.162024,"med":47.843419,"max":930.987716,"p(90)":77.38371760000001,"p(95)":86.7259152},"type":"trend","contains":"time"},"http_req_failed":{"type":"rate","contains":"default","values":{"rate":0,"passes":0,"fails":296107}},"http_req_duration{expected_response:true}":{"type":"trend","contains":"time","values":{"p(95)":86.7259152,"avg":50.457328749843285,"min":1.162024,"med":47.843419,"max":930.987716,"p(90)":77.38371760000001}},"checks":{"contains":"default","values":{"fails":0,"rate":1,"passes":296107},"type":"rate"},"data_sent":{"values":{"count":63070791,"rate":1050607.1026603547},"type":"counter","contains":"data"},"vus":{"values":{"value":250,"min":250,"max":250},"type":"gauge","contains":"default"},"iteration_duration":{"type":"trend","contains":"time","values":{"avg":50.61591642252866,"min":1.268359,"med":47.992821,"max":931.095338,"p(90)":77.5599952,"p(95)":86.9069156}},"http_req_tls_handshaking":{"type":"trend","contains":"time","values":{"min":0,"med":0,"max":0,"p(90)":0,"p(95)":0,"avg":0}},"iterations":{"type":"counter","contains":"default","values":{"count":296107,"rate":4932.427712020444}},"http_req_blocked":{"type":"trend","contains":"time","values":{"min":0.000785,"med":0.001941,"max":53.952025,"p(90)":0.002792,"p(95)":0.003377,"avg":0.00734845851330665}},"http_req_receiving":{"values":{"avg":0.06894688584532066,"min":0.009883,"med":0.023848,"max":59.607675,"p(90)":0.044607400000000026,"p(95)":0.0795363000000001},"type":"trend","contains":"time"},"http_req_connecting":{"type":"trend","contains":"time","values":{"avg":0.004244230848983644,"min":0,"med":0,"max":53.904701,"p(90)":0,"p(95)":0}}},"metadata":{"type":"REST","testConfig":{"id":"652f8a51-30af-4b57-a5e5-f7e3eb5a3a4c","name":"create-card","vus":250,"duration":"1m","executedAt":"2022-07-22T00:28:37.359Z"}},"root_group":{"groups":[],"checks":[{"path":"::is status 201","id":"d8b97380f72868aef5b0eadc0ce32c21","passes":296107,"fails":0,"name":"is status 201"}],"name":"","path":"","id":"d41d8cd98f00b204e9800998ecf8427e"}}