{"state":{"testRunDurationMs":60007.531494,"isStdOutTTY":true,"isStdErrTTY":true},"metrics":{"http_req_tls_handshaking":{"values":{"p(90)":0,"p(95)":0,"avg":0,"min":0,"med":0,"max":0},"type":"trend","contains":"time"},"http_req_receiving":{"type":"trend","contains":"time","values":{"med":0.0334755,"max":10.285701,"p(90)":0.0661644,"p(95)":0.1100918999999997,"avg":0.054337605918952,"min":0.012831}},"http_req_waiting":{"type":"trend","contains":"time","values":{"med":11.1561885,"max":113.986697,"p(90)":17.127635599999998,"p(95)":19.451129549999997,"avg":11.882380194419811,"min":2.287584}},"http_reqs":{"type":"counter","contains":"default","values":{"count":123434,"rate":2056.97513173562}},"http_req_duration":{"values":{"avg":11.959315559877911,"min":2.355767,"med":11.231398,"max":114.044796,"p(90)":17.2149359,"p(95)":19.546496849999993},"type":"trend","contains":"time"},"checks":{"type":"rate","contains":"default","values":{"rate":1,"passes":123434,"fails":0}},"http_req_duration{expected_response:true}":{"type":"trend","contains":"time","values":{"avg":11.959315559877911,"min":2.355767,"med":11.231398,"max":114.044796,"p(90)":17.2149359,"p(95)":19.546496849999993}},"http_req_blocked":{"type":"trend","contains":"time","values":{"avg":0.0035236755107993034,"min":0.000995,"med":0.002448,"max":4.23493,"p(90)":0.003494,"p(95)":0.004096}},"vus":{"contains":"default","values":{"value":25,"min":25,"max":25},"type":"gauge"},"data_sent":{"type":"counter","contains":"data","values":{"count":47522090,"rate":791935.4257182137}},"http_req_connecting":{"contains":"time","values":{"avg":0.000047946392404037776,"min":0,"med":0,"max":0.40521,"p(90)":0,"p(95)":0},"type":"trend"},"iteration_duration":{"type":"trend","contains":"time","values":{"avg":12.13957501335114,"min":2.529813,"med":11.409368,"max":114.176692,"p(90)":17.4033018,"p(95)":19.7510231}},"data_received":{"type":"counter","contains":"data","values":{"count":42955032,"rate":715827.3458439957}},"vus_max":{"contains":"default","values":{"value":25,"min":25,"max":25},"type":"gauge"},"http_req_failed":{"type":"rate","contains":"default","values":{"passes":0,"fails":123434,"rate":0}},"iterations":{"values":{"count":123434,"rate":2056.97513173562},"type":"counter","contains":"default"},"http_req_sending":{"type":"trend","contains":"time","values":{"med":0.014772,"max":16.860379,"p(90)":0.022356,"p(95)":0.028753049999999974,"avg":0.02259775953951087,"min":0.006614}}},"metadata":{"type":"REST","testConfig":{"id":"43631c23-72c8-4ce4-ae7d-b50cbb5e56e7","name":"create-card-payment","vus":25,"duration":"1m","executedAt":"2022-08-10T15:15:39.003Z"}},"root_group":{"name":"","path":"","id":"d41d8cd98f00b204e9800998ecf8427e","groups":[],"checks":[{"name":"is status 201","path":"::is status 201","id":"d8b97380f72868aef5b0eadc0ce32c21","passes":123434,"fails":0}]},"options":{"summaryTrendStats":["avg","min","med","max","p(90)","p(95)"],"summaryTimeUnit":"","noColor":false}}