{"state":{"isStdOutTTY":true,"isStdErrTTY":true,"testRunDurationMs":60006.868166},"metrics":{"http_req_tls_handshaking":{"type":"trend","contains":"time","values":{"med":0,"max":0,"p(90)":0,"p(95)":0,"avg":0,"min":0}},"http_req_failed":{"type":"rate","contains":"default","values":{"passes":0,"fails":154532,"rate":0}},"iterations":{"type":"counter","contains":"default","values":{"rate":2575.2385472361334,"count":154532}},"data_received":{"type":"counter","contains":"data","values":{"count":53777136,"rate":896183.0144381743}},"vus":{"type":"gauge","contains":"default","values":{"value":25,"min":25,"max":25}},"http_req_duration{expected_response:true}":{"type":"trend","contains":"time","values":{"avg":9.546109113432934,"min":2.457252,"med":9.075962,"max":96.22051,"p(90)":12.541164499999999,"p(95)":14.046655}},"http_req_connecting":{"type":"trend","contains":"time","values":{"avg":0.00003136662309424585,"min":0,"med":0,"max":1.609041,"p(90)":0,"p(95)":0}},"vus_max":{"contains":"default","values":{"value":25,"min":25,"max":25},"type":"gauge"},"checks":{"values":{"passes":154532,"fails":0,"rate":1},"type":"rate","contains":"default"},"http_reqs":{"contains":"default","values":{"count":154532,"rate":2575.2385472361334},"type":"counter"},"http_req_duration":{"type":"trend","contains":"time","values":{"avg":9.546109113432934,"min":2.457252,"med":9.075962,"max":96.22051,"p(90)":12.541164499999999,"p(95)":14.046655}},"http_req_blocked":{"contains":"time","values":{"med":0.002316,"max":5.693461,"p(90)":0.003182,"p(95)":0.003779,"avg":0.002917513822379867,"min":0.000916},"type":"trend"},"http_req_sending":{"type":"trend","contains":"time","values":{"p(95)":0.02418,"avg":0.01866069727305636,"min":0.006042,"med":0.014145,"max":11.947199,"p(90)":0.020661899999999993}},"http_req_waiting":{"values":{"avg":9.482160024454496,"min":2.409627,"med":9.016296,"max":95.576748,"p(90)":12.4752178,"p(95)":13.95938099999999},"type":"trend","contains":"time"},"iteration_duration":{"type":"trend","contains":"time","values":{"med":9.2218015,"max":96.329434,"p(90)":12.7001551,"p(95)":14.212062,"avg":9.696099320432001,"min":2.575637}},"http_req_receiving":{"type":"trend","contains":"time","values":{"med":0.032412,"max":12.374721,"p(90)":0.053521,"p(95)":0.06753514999999988,"avg":0.04528839170527742,"min":0.011898}},"data_sent":{"type":"counter","contains":"data","values":{"count":59494820,"rate":991466.8406859112}}},"metadata":{"type":"GRPC","testConfig":{"id":"43631c23-72c8-4ce4-ae7d-b50cbb5e56e7","name":"create-card-payment","vus":25,"duration":"1m","executedAt":"2022-08-10T16:34:19.619Z"}},"root_group":{"name":"","path":"","id":"d41d8cd98f00b204e9800998ecf8427e","groups":[],"checks":[{"name":"is status 201","path":"::is status 201","id":"d8b97380f72868aef5b0eadc0ce32c21","passes":154532,"fails":0}]},"options":{"summaryTrendStats":["avg","min","med","max","p(90)","p(95)"],"summaryTimeUnit":"","noColor":false}}