{"options":{"summaryTrendStats":["avg","min","med","max","p(90)","p(95)"],"summaryTimeUnit":"","noColor":false},"state":{"testRunDurationMs":60001.753049,"isStdOutTTY":true,"isStdErrTTY":true},"metrics":{"http_req_connecting":{"type":"trend","contains":"time","values":{"avg":0.000001903773952220708,"min":0,"med":0,"max":0.068454,"p(90)":0,"p(95)":0}},"http_req_waiting":{"type":"trend","contains":"time","values":{"max":52.424899,"p(90)":1.8332854,"p(95)":1.9602555999999995,"avg":1.5473673812887712,"min":1.154813,"med":1.460431}},"http_req_sending":{"type":"trend","contains":"time","values":{"avg":0.010718451956503524,"min":0.006748,"med":0.010708,"max":0.246687,"p(90)":0.013607,"p(95)":0.015122399999999994}},"iteration_duration":{"type":"trend","contains":"time","values":{"min":1.253986,"med":1.569914,"max":52.570241,"p(90)":1.9652846000000002,"p(95)":2.1133827999999997,"avg":1.6628052447645676}},"iterations":{"type":"counter","contains":"default","values":{"count":35957,"rate":599.2658242940997}},"http_req_tls_handshaking":{"values":{"avg":0,"min":0,"med":0,"max":0,"p(90)":0,"p(95)":0},"type":"trend","contains":"time"},"data_received":{"type":"counter","contains":"data","values":{"count":12513036,"rate":208544.50685434672}},"vus":{"type":"gauge","contains":"default","values":{"min":1,"max":1,"value":1}},"http_reqs":{"type":"counter","contains":"default","values":{"count":35957,"rate":599.2658242940997}},"vus_max":{"type":"gauge","contains":"default","values":{"value":1,"min":1,"max":1}},"http_req_blocked":{"values":{"avg":0.0014580003337319569,"min":0.00099,"med":0.001326,"max":0.142575,"p(90)":0.001886,"p(95)":0.002128},"type":"trend","contains":"time"},"http_req_failed":{"values":{"rate":0,"passes":0,"fails":35957},"type":"rate","contains":"default"},"http_req_receiving":{"contains":"time","values":{"min":0.017064,"med":0.025616,"max":3.189356,"p(90)":0.035718400000000004,"p(95)":0.04390179999999999,"avg":0.027821618878104356},"type":"trend"},"http_req_duration":{"type":"trend","contains":"time","values":{"p(90)":1.8777886000000001,"p(95)":2.0126116,"avg":1.5859074521233658,"min":1.189804,"med":1.496606,"max":52.470832}},"data_sent":{"type":"counter","contains":"data","values":{"count":13843445,"rate":230717.34235322842}},"http_req_duration{expected_response:true}":{"contains":"time","values":{"p(90)":1.8777886000000001,"p(95)":2.0126116,"avg":1.5859074521233658,"min":1.189804,"med":1.496606,"max":52.470832},"type":"trend"},"checks":{"contains":"default","values":{"rate":1,"passes":35957,"fails":0},"type":"rate"}},"metadata":{"type":"GRPC","testConfig":{"id":"dad9c90f-2411-4200-9356-eeb9588680e0","name":"create-card-payment","vus":1,"duration":"1m","executedAt":"2022-08-10T16:09:37.570Z"}},"root_group":{"id":"d41d8cd98f00b204e9800998ecf8427e","groups":[],"checks":[{"fails":0,"name":"is status 201","path":"::is status 201","id":"d8b97380f72868aef5b0eadc0ce32c21","passes":35957}],"name":"","path":""}}