{"options":{"summaryTrendStats":["avg","min","med","max","p(90)","p(95)"],"summaryTimeUnit":"","noColor":false},"state":{"testRunDurationMs":60021.838857,"isStdOutTTY":true,"isStdErrTTY":true},"metrics":{"http_req_duration{expected_response:true}":{"type":"trend","contains":"time","values":{"p(90)":17.3925057,"p(95)":20.442974149999994,"avg":12.269590683619747,"min":2.67148,"med":11.1177685,"max":644.503478}},"http_req_sending":{"type":"trend","contains":"time","values":{"avg":0.021373127463677827,"min":0.006332,"med":0.014578,"max":17.210793,"p(90)":0.021898,"p(95)":0.027540649999999965}},"http_req_connecting":{"type":"trend","contains":"time","values":{"p(90)":0,"p(95)":0,"avg":0.000024594628476546286,"min":0,"med":0,"max":0.31313}},"data_sent":{"type":"counter","contains":"data","values":{"count":46373250,"rate":772606.2860300349}},"iterations":{"values":{"count":120450,"rate":2006.7695741039865},"type":"counter","contains":"default"},"http_req_receiving":{"type":"trend","contains":"time","values":{"med":0.033255,"max":18.104059,"p(90)":0.0634001,"p(95)":0.10124564999999996,"avg":0.052873764009963076,"min":0.01259}},"iteration_duration":{"type":"trend","contains":"time","values":{"avg":12.443687821909633,"min":2.78259,"med":11.290402499999999,"max":644.587164,"p(90)":17.586242900000002,"p(95)":20.644101549999995}},"checks":{"values":{"rate":1,"passes":120450,"fails":0},"type":"rate","contains":"default"},"http_req_duration":{"type":"trend","contains":"time","values":{"min":2.67148,"med":11.1177685,"max":644.503478,"p(90)":17.3925057,"p(95)":20.442974149999994,"avg":12.269590683619747}},"http_req_tls_handshaking":{"type":"trend","contains":"time","values":{"min":0,"med":0,"max":0,"p(90)":0,"p(95)":0,"avg":0}},"data_received":{"type":"counter","contains":"data","values":{"count":41916600,"rate":698355.8117881874}},"vus_max":{"type":"gauge","contains":"default","values":{"value":25,"min":25,"max":25}},"http_reqs":{"type":"counter","contains":"default","values":{"count":120450,"rate":2006.7695741039865}},"vus":{"type":"gauge","contains":"default","values":{"value":25,"min":25,"max":25}},"http_req_blocked":{"type":"trend","contains":"time","values":{"avg":0.003425791282689867,"min":0.000994,"med":0.002429,"max":8.61826,"p(90)":0.003472,"p(95)":0.004065}},"http_req_waiting":{"contains":"time","values":{"p(95)":20.3427253,"avg":12.195343792146156,"min":2.515273,"med":11.0482215,"max":644.470803,"p(90)":17.301558100000005},"type":"trend"},"http_req_failed":{"values":{"rate":0,"passes":0,"fails":120450},"type":"rate","contains":"default"}},"metadata":{"type":"REST","testConfig":{"id":"43631c23-72c8-4ce4-ae7d-b50cbb5e56e7","name":"create-card-payment","vus":25,"duration":"1m","executedAt":"2022-08-10T15:13:36.546Z"}},"root_group":{"path":"","id":"d41d8cd98f00b204e9800998ecf8427e","groups":[],"checks":[{"path":"::is status 201","id":"d8b97380f72868aef5b0eadc0ce32c21","passes":120450,"fails":0,"name":"is status 201"}],"name":""}}