{"state":{"isStdOutTTY":true,"isStdErrTTY":true,"testRunDurationMs":60001.385078},"metrics":{"vus_max":{"type":"gauge","contains":"default","values":{"max":1,"value":1,"min":1}},"http_reqs":{"type":"counter","contains":"default","values":{"count":32232,"rate":537.1875992212408}},"http_req_sending":{"type":"trend","contains":"time","values":{"med":0.010782,"max":2.651815,"p(90)":0.013476900000000002,"p(95)":0.014736,"avg":0.010844358339538401,"min":0.006888}},"data_sent":{"type":"counter","contains":"data","values":{"count":12409320,"rate":206817.2257001777}},"http_req_connecting":{"type":"trend","contains":"time","values":{"p(90)":0,"p(95)":0,"avg":0.000002129901960784314,"min":0,"med":0,"max":0.068651}},"iterations":{"values":{"count":32232,"rate":537.1875992212408},"type":"counter","contains":"default"},"http_req_duration":{"type":"trend","contains":"time","values":{"max":49.283872,"p(90)":2.1036222,"p(95)":2.2289355,"avg":1.777296267715324,"min":1.382406,"med":1.6739015}},"http_req_tls_handshaking":{"type":"trend","contains":"time","values":{"max":0,"p(90)":0,"p(95)":0,"avg":0,"min":0,"med":0}},"iteration_duration":{"type":"trend","contains":"time","values":{"p(90)":2.1922948,"p(95)":2.3227162499999996,"avg":1.85555854061183,"min":1.454194,"med":1.7487949999999999,"max":49.372967}},"http_req_waiting":{"type":"trend","contains":"time","values":{"avg":1.7385749044427943,"min":1.349103,"med":1.6376970000000002,"max":49.228748,"p(90)":2.0569403,"p(95)":2.1800904}},"http_req_duration{expected_response:true}":{"type":"trend","contains":"time","values":{"med":1.6739015,"max":49.283872,"p(90)":2.1036222,"p(95)":2.2289355,"avg":1.777296267715324,"min":1.382406}},"http_req_failed":{"type":"rate","contains":"default","values":{"passes":0,"fails":32232,"rate":0}},"checks":{"type":"rate","contains":"default","values":{"passes":32232,"fails":0,"rate":1}},"vus":{"type":"gauge","contains":"default","values":{"min":1,"max":1,"value":1}},"http_req_blocked":{"type":"trend","contains":"time","values":{"p(90)":0.001963,"p(95)":0.002206,"avg":0.001531422747580033,"min":0.001045,"med":0.001406,"max":0.171683}},"http_req_receiving":{"type":"trend","contains":"time","values":{"med":0.0255105,"max":0.191683,"p(90)":0.0359196,"p(95)":0.04298314999999998,"avg":0.027877004932985734,"min":0.017351}},"data_received":{"type":"counter","contains":"data","values":{"count":11216736,"rate":186941.2845289918}}},"metadata":{"type":"REST","testConfig":{"id":"dad9c90f-2411-4200-9356-eeb9588680e0","name":"create-card-payment","vus":1,"duration":"1m","executedAt":"2022-08-10T15:06:55.230Z"}},"root_group":{"name":"","path":"","id":"d41d8cd98f00b204e9800998ecf8427e","groups":[],"checks":[{"id":"d8b97380f72868aef5b0eadc0ce32c21","passes":32232,"fails":0,"name":"is status 201","path":"::is status 201"}]},"options":{"summaryTrendStats":["avg","min","med","max","p(90)","p(95)"],"summaryTimeUnit":"","noColor":false}}