{"root_group":{"path":"","id":"d41d8cd98f00b204e9800998ecf8427e","groups":[],"checks":[{"fails":0,"name":"is status 201","path":"::is status 201","id":"d8b97380f72868aef5b0eadc0ce32c21","passes":154637}],"name":""},"options":{"summaryTrendStats":["avg","min","med","max","p(90)","p(95)"],"summaryTimeUnit":"","noColor":false},"state":{"isStdOutTTY":true,"isStdErrTTY":true,"testRunDurationMs":60010.668523},"metrics":{"iterations":{"type":"counter","contains":"default","values":{"count":154637,"rate":2576.825151360096}},"http_req_tls_handshaking":{"values":{"p(95)":0,"avg":0,"min":0,"med":0,"max":0,"p(90)":0},"type":"trend","contains":"time"},"http_req_waiting":{"type":"trend","contains":"time","values":{"p(90)":23.897112200000002,"p(95)":28.07323959999998,"avg":19.171142317278694,"min":2.302104,"med":18.595253,"max":183.47182}},"http_req_connecting":{"type":"trend","contains":"time","values":{"max":8.822916,"p(90)":0,"p(95)":0,"avg":0.00010032346075001455,"min":0,"med":0}},"http_req_duration{expected_response:true}":{"type":"trend","contains":"time","values":{"min":2.367756,"med":18.655086,"max":183.518473,"p(90)":23.978303,"p(95)":28.19007899999999,"avg":19.238549975782416}},"http_req_failed":{"values":{"rate":0,"passes":0,"fails":154637},"type":"rate","contains":"default"},"data_sent":{"contains":"data","values":{"count":59535245,"rate":992077.6832736369},"type":"counter"},"vus":{"type":"gauge","contains":"default","values":{"value":50,"min":50,"max":50}},"vus_max":{"contains":"default","values":{"max":50,"value":50,"min":50},"type":"gauge"},"checks":{"type":"rate","contains":"default","values":{"rate":1,"passes":154637,"fails":0}},"http_req_duration":{"type":"trend","contains":"time","values":{"med":18.655086,"max":183.518473,"p(90)":23.978303,"p(95)":28.19007899999999,"avg":19.238549975782416,"min":2.367756}},"iteration_duration":{"type":"trend","contains":"time","values":{"med":18.803376,"max":183.628835,"p(90)":24.145573199999998,"p(95)":28.386941,"avg":19.390677960785585,"min":2.495583}},"http_req_sending":{"type":"trend","contains":"time","values":{"min":0.006285,"med":0.014257,"max":17.312431,"p(90)":0.020773,"p(95)":0.02431019999999998,"avg":0.01933316711395086}},"http_req_receiving":{"type":"trend","contains":"time","values":{"p(95)":0.06618119999999998,"avg":0.04807449138951112,"min":0.011864,"med":0.032257,"max":15.617371,"p(90)":0.052651}},"http_req_blocked":{"values":{"avg":0.002993376727432651,"min":0.001001,"med":0.002335,"max":9.315443,"p(90)":0.003154,"p(95)":0.003756},"type":"trend","contains":"time"},"data_received":{"type":"counter","contains":"data","values":{"count":53813676,"rate":896735.1526733133}},"http_reqs":{"type":"counter","contains":"default","values":{"count":154637,"rate":2576.825151360096}}},"metadata":{"type":"GRPC","testConfig":{"executedAt":"2022-08-10T16:44:03.832Z","id":"c4e77cc4-0103-4abc-ac9e-da0f78901f4e","name":"create-card-payment","vus":50,"duration":"1m"}}}