{"options":{"summaryTrendStats":["avg","min","med","max","p(90)","p(95)"],"summaryTimeUnit":"","noColor":false},"state":{"isStdOutTTY":true,"isStdErrTTY":true,"testRunDurationMs":60013.153221},"metrics":{"http_req_connecting":{"type":"trend","contains":"time","values":{"avg":0.000396067390419146,"min":0,"med":0,"max":2.22862,"p(90)":0,"p(95)":0}},"vus_max":{"type":"gauge","contains":"default","values":{"value":50,"min":50,"max":50}},"http_req_tls_handshaking":{"type":"trend","contains":"time","values":{"avg":0,"min":0,"med":0,"max":0,"p(90)":0,"p(95)":0}},"http_req_failed":{"type":"rate","contains":"default","values":{"rate":0,"passes":0,"fails":152262}},"vus":{"type":"gauge","contains":"default","values":{"value":50,"min":50,"max":50}},"http_req_waiting":{"type":"trend","contains":"time","values":{"avg":19.47639568636299,"min":2.564286,"med":18.518482,"max":399.165773,"p(90)":25.411690099999998,"p(95)":30.578650149999998}},"http_req_receiving":{"type":"trend","contains":"time","values":{"p(90)":0.052513,"p(95)":0.066577,"avg":0.0470236400874807,"min":0.011702,"med":0.0319025,"max":19.04919}},"iteration_duration":{"type":"trend","contains":"time","values":{"p(95)":30.827911499999992,"avg":19.693546022421792,"min":2.718578,"med":18.725956,"max":399.35376,"p(90)":25.70005219999999}},"iterations":{"type":"counter","contains":"default","values":{"count":152262,"rate":2537.14380644675}},"data_received":{"type":"counter","contains":"data","values":{"count":52987176,"rate":882926.044643469}},"data_sent":{"type":"counter","contains":"data","values":{"count":58620870,"rate":976800.3654819989}},"http_req_duration":{"type":"trend","contains":"time","values":{"avg":19.541819082278973,"min":2.603542,"med":18.578733,"max":399.228895,"p(90)":25.507207599999997,"p(95)":30.6530465}},"checks":{"contains":"default","values":{"rate":1,"passes":152262,"fails":0},"type":"rate"},"http_req_sending":{"type":"trend","contains":"time","values":{"med":0.014111,"max":19.996194,"p(90)":0.020621899999999995,"p(95)":0.02419294999999998,"avg":0.018399755828769186,"min":0.006225}},"http_reqs":{"type":"counter","contains":"default","values":{"count":152262,"rate":2537.14380644675}},"http_req_duration{expected_response:true}":{"contains":"time","values":{"p(95)":30.6530465,"avg":19.541819082278973,"min":2.603542,"med":18.578733,"max":399.228895,"p(90)":25.507207599999997},"type":"trend"},"http_req_blocked":{"type":"trend","contains":"time","values":{"avg":0.003343289560100399,"min":0.000983,"med":0.002334,"max":4.191949,"p(90)":0.003171,"p(95)":0.003786}}},"metadata":{"type":"GRPC","testConfig":{"vus":50,"duration":"1m","executedAt":"2022-08-10T16:42:01.437Z","id":"c4e77cc4-0103-4abc-ac9e-da0f78901f4e","name":"create-card-payment"}},"root_group":{"checks":[{"id":"d8b97380f72868aef5b0eadc0ce32c21","passes":152262,"fails":0,"name":"is status 201","path":"::is status 201"}],"name":"","path":"","id":"d41d8cd98f00b204e9800998ecf8427e","groups":[]}}