{"state":{"isStdOutTTY":true,"isStdErrTTY":true,"testRunDurationMs":60003.528309},"metrics":{"data_sent":{"values":{"count":41200005,"rate":686626.3728331516},"type":"counter","contains":"data"},"data_received":{"type":"counter","contains":"data","values":{"count":37240524,"rate":620638.9032361994}},"checks":{"type":"rate","contains":"default","values":{"rate":1,"passes":107013,"fails":0}},"http_req_sending":{"contains":"time","values":{"p(95)":0.025853399999999995,"avg":0.0183362988889201,"min":0.006488,"med":0.014717,"max":6.142746,"p(90)":0.02229},"type":"trend"},"http_req_waiting":{"type":"trend","contains":"time","values":{"avg":5.376297541691175,"min":2.160816,"med":4.557819,"max":335.680786,"p(90)":6.768947000000001,"p(95)":8.078290599999992}},"iteration_duration":{"type":"trend","contains":"time","values":{"min":2.335141,"med":4.771613,"max":335.857142,"p(90)":7.008894600000001,"p(95)":8.352049399999997,"avg":5.595480252726299}},"vus_max":{"type":"gauge","contains":"default","values":{"value":10,"min":10,"max":10}},"http_req_failed":{"values":{"rate":0,"passes":0,"fails":107013},"type":"rate","contains":"default"},"http_req_receiving":{"type":"trend","contains":"time","values":{"min":0.013043,"med":0.036091,"max":10.712397,"p(90)":0.064717,"p(95)":0.09001139999999999,"avg":0.04658882509601616}},"http_req_duration":{"type":"trend","contains":"time","values":{"max":335.725085,"p(90)":6.840980000000001,"p(95)":8.1566342,"avg":5.441222665676093,"min":2.205264,"med":4.62126}},"http_reqs":{"type":"counter","contains":"default","values":{"count":107013,"rate":1783.4451242419523}},"http_req_blocked":{"contains":"time","values":{"min":0.00096,"med":0.002416,"max":0.650565,"p(90)":0.00343,"p(95)":0.00401,"avg":0.0029083269228972496},"type":"trend"},"vus":{"contains":"default","values":{"value":10,"min":10,"max":10},"type":"gauge"},"http_req_duration{expected_response:true}":{"contains":"time","values":{"avg":5.441222665676093,"min":2.205264,"med":4.62126,"max":335.725085,"p(90)":6.840980000000001,"p(95)":8.1566342},"type":"trend"},"iterations":{"type":"counter","contains":"default","values":{"count":107013,"rate":1783.4451242419523}},"http_req_connecting":{"type":"trend","contains":"time","values":{"med":0,"max":0.127709,"p(90)":0,"p(95)":0,"avg":0.000006205713324549353,"min":0}},"http_req_tls_handshaking":{"type":"trend","contains":"time","values":{"avg":0,"min":0,"med":0,"max":0,"p(90)":0,"p(95)":0}}},"metadata":{"type":"REST","testConfig":{"id":"8ad8795d-8995-4bc5-b526-1914eddaf994","name":"create-card-payment","vus":10,"duration":"1m","executedAt":"2022-08-10T15:11:20.566Z"}},"root_group":{"name":"","path":"","id":"d41d8cd98f00b204e9800998ecf8427e","groups":[],"checks":[{"passes":107013,"fails":0,"name":"is status 201","path":"::is status 201","id":"d8b97380f72868aef5b0eadc0ce32c21"}]},"options":{"summaryTrendStats":["avg","min","med","max","p(90)","p(95)"],"summaryTimeUnit":"","noColor":false}}