{"state":{"isStdOutTTY":true,"isStdErrTTY":true,"testRunDurationMs":60007.872979},"metrics":{"http_req_duration{expected_response:true}":{"values":{"min":2.813805,"med":12.7079185,"max":474.743886,"p(90)":22.4255885,"p(95)":26.751621349999997,"avg":14.304087908462922},"type":"trend","contains":"time"},"http_req_failed":{"contains":"default","values":{"rate":0,"passes":0,"fails":103630},"type":"rate"},"data_sent":{"type":"counter","contains":"data","values":{"count":39897550,"rate":664871.9246216627}},"vus":{"type":"gauge","contains":"default","values":{"value":25,"min":25,"max":25}},"vus_max":{"type":"gauge","contains":"default","values":{"value":25,"min":25,"max":25}},"http_req_waiting":{"values":{"avg":14.237096363543152,"min":2.771027,"med":12.6438795,"max":474.698642,"p(90)":22.342260200000005,"p(95)":26.684770949999997},"type":"trend","contains":"time"},"data_received":{"type":"counter","contains":"data","values":{"count":36063240,"rate":600975.142255425}},"http_req_duration":{"type":"trend","contains":"time","values":{"p(90)":22.4255885,"p(95)":26.751621349999997,"avg":14.304087908462922,"min":2.813805,"med":12.7079185,"max":474.743886}},"iterations":{"type":"counter","contains":"default","values":{"count":103630,"rate":1726.9400639523708}},"http_req_receiving":{"type":"trend","contains":"time","values":{"med":0.033358,"max":9.813698,"p(90)":0.059681300000000014,"p(95)":0.07623914999999984,"avg":0.04699210167905078,"min":0.012016}},"http_reqs":{"values":{"rate":1726.9400639523708,"count":103630},"type":"counter","contains":"default"},"http_req_tls_handshaking":{"values":{"min":0,"med":0,"max":0,"p(90)":0,"p(95)":0,"avg":0},"type":"trend","contains":"time"},"iteration_duration":{"type":"trend","contains":"time","values":{"min":2.94429,"med":12.8657585,"max":474.87755,"p(90)":22.60303240000001,"p(95)":26.92269469999999,"avg":14.463679792791755}},"checks":{"contains":"default","values":{"fails":0,"rate":1,"passes":103630},"type":"rate"},"http_req_connecting":{"type":"trend","contains":"time","values":{"avg":0.00006052436553121683,"min":0,"med":0,"max":2.970914,"p(90)":0,"p(95)":0}},"http_req_blocked":{"type":"trend","contains":"time","values":{"max":6.933546,"p(90)":0.003391,"p(95)":0.00392,"avg":0.0031555409051433106,"min":0.000964,"med":0.002384}},"http_req_sending":{"type":"trend","contains":"time","values":{"p(95)":0.025667549999999987,"avg":0.01999944324037432,"min":0.005087,"med":0.014515,"max":12.702915,"p(90)":0.021663100000000008}}},"metadata":{"type":"REST","testConfig":{"vus":25,"duration":"1m","executedAt":"2022-08-10T15:14:37.848Z","id":"43631c23-72c8-4ce4-ae7d-b50cbb5e56e7","name":"create-card-payment"}},"root_group":{"id":"d41d8cd98f00b204e9800998ecf8427e","groups":[],"checks":[{"name":"is status 201","path":"::is status 201","id":"d8b97380f72868aef5b0eadc0ce32c21","passes":103630,"fails":0}],"name":"","path":""},"options":{"summaryTrendStats":["avg","min","med","max","p(90)","p(95)"],"summaryTimeUnit":"","noColor":false}}