{"options":{"summaryTrendStats":["avg","min","med","max","p(90)","p(95)"],"summaryTimeUnit":"","noColor":false},"state":{"isStdOutTTY":true,"isStdErrTTY":true,"testRunDurationMs":60011.104723},"metrics":{"vus":{"type":"gauge","contains":"default","values":{"value":50,"min":50,"max":50}},"http_req_duration":{"type":"trend","contains":"time","values":{"avg":24.063856254220607,"min":3.070575,"med":22.847507,"max":197.339849,"p(90)":37.3781696,"p(95)":43.18168604999998}},"checks":{"type":"rate","contains":"default","values":{"rate":1,"passes":123680,"fails":0}},"http_req_blocked":{"contains":"time","values":{"avg":0.0037933508166235162,"min":0.000913,"med":0.00242,"max":4.188364,"p(90)":0.00347,"p(95)":0.00408},"type":"trend"},"iteration_duration":{"values":{"max":198.543247,"p(90)":37.560045200000005,"p(95)":43.37592024999999,"avg":24.244316256201813,"min":3.192036,"med":23.020829499999998},"type":"trend","contains":"time"},"http_reqs":{"values":{"count":123680,"rate":2060.9518950014944},"type":"counter","contains":"default"},"http_req_tls_handshaking":{"contains":"time","values":{"max":0,"p(90)":0,"p(95)":0,"avg":0,"min":0,"med":0},"type":"trend"},"http_req_sending":{"type":"trend","contains":"time","values":{"avg":0.02319358454075027,"min":0.006068,"med":0.014673,"max":20.556727,"p(90)":0.022252100000000007,"p(95)":0.02855234999999992}},"data_received":{"type":"counter","contains":"data","values":{"count":43040640,"rate":717211.2594605201}},"http_req_failed":{"type":"rate","contains":"default","values":{"rate":0,"passes":0,"fails":123680}},"http_req_receiving":{"type":"trend","contains":"time","values":{"avg":0.05443267526681778,"min":0.012104,"med":0.0330645,"max":19.073598,"p(90)":0.06444010000000006,"p(95)":0.1081578499999998}},"data_sent":{"type":"counter","contains":"data","values":{"count":47616800,"rate":793466.4795755754}},"iterations":{"type":"counter","contains":"default","values":{"count":123680,"rate":2060.9518950014944}},"http_req_waiting":{"type":"trend","contains":"time","values":{"med":22.7725005,"max":197.272904,"p(90)":37.29493050000001,"p(95)":43.095736149999986,"avg":23.986229994413076,"min":3.026768}},"http_req_connecting":{"contains":"time","values":{"med":0,"max":2.909263,"p(90)":0,"p(95)":0,"avg":0.000301325962160414,"min":0},"type":"trend"},"vus_max":{"type":"gauge","contains":"default","values":{"value":50,"min":50,"max":50}},"http_req_duration{expected_response:true}":{"type":"trend","contains":"time","values":{"min":3.070575,"med":22.847507,"max":197.339849,"p(90)":37.3781696,"p(95)":43.18168604999998,"avg":24.063856254220607}}},"metadata":{"testConfig":{"vus":50,"duration":"1m","executedAt":"2022-08-10T15:22:33.119Z","id":"c4e77cc4-0103-4abc-ac9e-da0f78901f4e","name":"create-card-payment"},"type":"REST"},"root_group":{"checks":[{"passes":123680,"fails":0,"name":"is status 201","path":"::is status 201","id":"d8b97380f72868aef5b0eadc0ce32c21"}],"name":"","path":"","id":"d41d8cd98f00b204e9800998ecf8427e","groups":[]}}