{"state":{"isStdOutTTY":true,"isStdErrTTY":true,"testRunDurationMs":60001.567527},"metrics":{"http_req_duration{expected_response:true}":{"type":"trend","contains":"time","values":{"med":1.496816,"max":150.429923,"p(90)":1.8529467,"p(95)":1.9904205999999995,"avg":1.584987106571477,"min":1.169993}},"http_req_tls_handshaking":{"type":"trend","contains":"time","values":{"max":0,"p(90)":0,"p(95)":0,"avg":0,"min":0,"med":0}},"http_reqs":{"type":"counter","contains":"default","values":{"count":36004,"rate":600.0509900645283}},"http_req_blocked":{"type":"trend","contains":"time","values":{"p(95)":0.00212,"avg":0.0014488533496278206,"min":0.000985,"med":0.001314,"max":0.174028,"p(90)":0.001884}},"iteration_duration":{"contains":"time","values":{"max":150.530179,"p(90)":1.9386765,"p(95)":2.088069,"avg":1.6608936407899206,"min":1.236976,"med":1.569136},"type":"trend"},"http_req_failed":{"type":"rate","contains":"default","values":{"rate":0,"passes":0,"fails":36004}},"data_sent":{"type":"counter","contains":"data","values":{"count":13861540,"rate":231019.63117484338}},"http_req_sending":{"type":"trend","contains":"time","values":{"med":0.0105595,"max":0.222554,"p(90)":0.013438,"p(95)":0.014872399999999996,"avg":0.010548695978224585,"min":0.006814}},"http_req_duration":{"type":"trend","contains":"time","values":{"avg":1.584987106571477,"min":1.169993,"med":1.496816,"max":150.429923,"p(90)":1.8529467,"p(95)":1.9904205999999995}},"http_req_connecting":{"type":"trend","contains":"time","values":{"p(95)":0,"avg":0.0000024627541384290635,"min":0,"med":0,"max":0.088669,"p(90)":0}},"http_req_waiting":{"type":"trend","contains":"time","values":{"min":1.13524,"med":1.4604735,"max":150.369738,"p(90)":1.8065443,"p(95)":1.9378422499999999,"avg":1.5464688434062854}},"iterations":{"type":"counter","contains":"default","values":{"count":36004,"rate":600.0509900645283}},"vus":{"type":"gauge","contains":"default","values":{"value":1,"min":1,"max":1}},"vus_max":{"type":"gauge","contains":"default","values":{"max":1,"value":1,"min":1}},"checks":{"type":"rate","contains":"default","values":{"passes":36004,"fails":0,"rate":1}},"data_received":{"type":"counter","contains":"data","values":{"count":12529392,"rate":208817.74454245585}},"http_req_receiving":{"contains":"time","values":{"max":0.335806,"p(90)":0.0361594,"p(95)":0.04362909999999999,"avg":0.027969567186979235,"min":0.017269,"med":0.025838},"type":"trend"}},"metadata":{"testConfig":{"vus":1,"duration":"1m","executedAt":"2022-08-10T16:08:36.398Z","id":"dad9c90f-2411-4200-9356-eeb9588680e0","name":"create-card-payment"},"type":"GRPC"},"root_group":{"name":"","path":"","id":"d41d8cd98f00b204e9800998ecf8427e","groups":[],"checks":[{"passes":36004,"fails":0,"name":"is status 201","path":"::is status 201","id":"d8b97380f72868aef5b0eadc0ce32c21"}]},"options":{"summaryTrendStats":["avg","min","med","max","p(90)","p(95)"],"summaryTimeUnit":"","noColor":false}}