{"state":{"isStdOutTTY":true,"isStdErrTTY":true,"testRunDurationMs":60013.594633},"metrics":{"vus_max":{"type":"gauge","contains":"default","values":{"value":50,"min":50,"max":50}},"iteration_duration":{"type":"trend","contains":"time","values":{"max":182.140389,"p(90)":36.870527200000005,"p(95)":42.5677516,"avg":23.96663751814023,"min":3.4369,"med":22.775941}},"data_sent":{"type":"counter","contains":"data","values":{"count":48166195,"rate":802588.068495977}},"http_req_connecting":{"contains":"time","values":{"p(95)":0,"avg":0.0005150712989680833,"min":0,"med":0,"max":6.602238,"p(90)":0},"type":"trend"},"http_req_tls_handshaking":{"type":"trend","contains":"time","values":{"avg":0,"min":0,"med":0,"max":0,"p(90)":0,"p(95)":0}},"vus":{"type":"gauge","contains":"default","values":{"value":50,"min":50,"max":50}},"http_req_failed":{"type":"rate","contains":"default","values":{"rate":0,"passes":0,"fails":125107}},"http_req_duration":{"contains":"time","values":{"max":181.988007,"p(90)":36.677034,"p(95)":42.36748069999999,"avg":23.783368432973173,"min":3.308133,"med":22.600896},"type":"trend"},"http_req_sending":{"type":"trend","contains":"time","values":{"min":0.005949,"med":0.0146,"max":18.641059,"p(90)":0.02227040000000001,"p(95)":0.029523099999999993,"avg":0.023766296737992135}},"iterations":{"type":"counter","contains":"default","values":{"count":125107,"rate":2084.6443337557844}},"checks":{"type":"rate","contains":"default","values":{"passes":125107,"fails":0,"rate":1}},"http_reqs":{"values":{"count":125107,"rate":2084.6443337557844},"type":"counter","contains":"default"},"http_req_blocked":{"type":"trend","contains":"time","values":{"p(95)":0.004104,"avg":0.0042021327183930975,"min":0.000969,"med":0.00244,"max":18.852103,"p(90)":0.003503}},"http_req_waiting":{"values":{"avg":23.703249985723865,"min":3.254326,"med":22.521174,"max":181.939944,"p(90)":36.580629200000004,"p(95)":42.268462799999995},"type":"trend","contains":"time"},"data_received":{"type":"counter","contains":"data","values":{"count":43537236,"rate":725456.228147013}},"http_req_duration{expected_response:true}":{"values":{"avg":23.783368432973173,"min":3.308133,"med":22.600896,"max":181.988007,"p(90)":36.677034,"p(95)":42.36748069999999},"type":"trend","contains":"time"},"http_req_receiving":{"type":"trend","contains":"time","values":{"p(95)":0.11485529999999969,"avg":0.05635215051116211,"min":0.010922,"med":0.032863,"max":16.911681,"p(90)":0.06540440000000002}}},"metadata":{"type":"REST","testConfig":{"duration":"1m","executedAt":"2022-08-10T15:23:34.296Z","id":"c4e77cc4-0103-4abc-ac9e-da0f78901f4e","name":"create-card-payment","vus":50}},"root_group":{"name":"","path":"","id":"d41d8cd98f00b204e9800998ecf8427e","groups":[],"checks":[{"fails":0,"name":"is status 201","path":"::is status 201","id":"d8b97380f72868aef5b0eadc0ce32c21","passes":125107}]},"options":{"summaryTrendStats":["avg","min","med","max","p(90)","p(95)"],"summaryTimeUnit":"","noColor":false}}