{"state":{"isStdOutTTY":true,"isStdErrTTY":true,"testRunDurationMs":60028.649155},"metrics":{"http_req_tls_handshaking":{"type":"trend","contains":"time","values":{"max":0,"p(90)":0,"p(95)":0,"avg":0,"min":0,"med":0}},"http_req_sending":{"type":"trend","contains":"time","values":{"avg":0.025249023720614695,"min":0.006287,"med":0.014779,"max":46.795574,"p(90)":0.022653,"p(95)":0.03043954999999999}},"data_sent":{"type":"counter","contains":"data","values":{"count":45364550,"rate":755714.9900685617}},"http_req_duration":{"type":"trend","contains":"time","values":{"p(95)":97.0196686999999,"avg":50.70870867854551,"min":3.113808,"med":46.805762,"max":630.740342,"p(90)":81.6669846}},"http_req_failed":{"type":"rate","contains":"default","values":{"rate":0,"passes":0,"fails":117830}},"http_req_blocked":{"type":"trend","contains":"time","values":{"med":0.00242,"max":50.209539,"p(90)":0.003479,"p(95)":0.004114,"avg":0.008519782109819437,"min":0.001017}},"http_req_waiting":{"type":"trend","contains":"time","values":{"min":3.058999,"med":46.719605,"max":630.670959,"p(90)":81.59676150000001,"p(95)":96.85558404999992,"avg":50.617455804388676}},"iterations":{"values":{"count":117830,"rate":1962.8960781001604},"type":"counter","contains":"default"},"checks":{"type":"rate","contains":"default","values":{"rate":1,"passes":117830,"fails":0}},"iteration_duration":{"type":"trend","contains":"time","values":{"p(90)":81.8802164,"p(95)":97.3193443,"avg":50.90215819316836,"min":3.210348,"med":46.996266500000004,"max":630.899084}},"vus":{"type":"gauge","contains":"default","values":{"value":100,"min":100,"max":100}},"http_req_duration{expected_response:true}":{"contains":"time","values":{"avg":50.70870867854551,"min":3.113808,"med":46.805762,"max":630.740342,"p(90)":81.6669846,"p(95)":97.0196686999999},"type":"trend"},"data_received":{"type":"counter","contains":"data","values":{"count":41004840,"rate":683087.8351788558}},"vus_max":{"type":"gauge","contains":"default","values":{"max":100,"value":100,"min":100}},"http_req_connecting":{"type":"trend","contains":"time","values":{"avg":0.004870455342442503,"min":0,"med":0,"max":50.164405,"p(90)":0,"p(95)":0}},"http_reqs":{"type":"counter","contains":"default","values":{"count":117830,"rate":1962.8960781001604}},"http_req_receiving":{"type":"trend","contains":"time","values":{"max":37.929455,"p(90)":0.0663551,"p(95)":0.1214463499999998,"avg":0.06600385043707079,"min":0.012024,"med":0.033135}}},"metadata":{"type":"REST","testConfig":{"name":"create-card-payment","vus":100,"duration":"1m","executedAt":"2022-08-10T15:27:01.461Z","id":"240a7dee-fed8-4fa0-b279-a79cdad6331d"}},"root_group":{"checks":[{"path":"::is status 201","id":"d8b97380f72868aef5b0eadc0ce32c21","passes":117830,"fails":0,"name":"is status 201"}],"name":"","path":"","id":"d41d8cd98f00b204e9800998ecf8427e","groups":[]},"options":{"summaryTimeUnit":"","noColor":false,"summaryTrendStats":["avg","min","med","max","p(90)","p(95)"]}}