{"options":{"summaryTimeUnit":"","noColor":false,"summaryTrendStats":["avg","min","med","max","p(90)","p(95)"]},"state":{"isStdOutTTY":true,"isStdErrTTY":true,"testRunDurationMs":60022.797382},"metrics":{"http_req_failed":{"contains":"default","values":{"rate":0,"passes":0,"fails":120387},"type":"rate"},"http_req_sending":{"values":{"max":36.05231,"p(90)":0.021947800000000017,"p(95)":0.0266017,"avg":0.032405552559661606,"min":0.006245,"med":0.014697},"type":"trend","contains":"time"},"http_req_receiving":{"type":"trend","contains":"time","values":{"avg":0.058712046823993336,"min":0.012168,"med":0.033522,"max":28.45873,"p(90)":0.06036940000000001,"p(95)":0.08793179999999999}},"iteration_duration":{"contains":"time","values":{"med":47.064235,"max":450.423297,"p(90)":83.77966800000002,"p(95)":92.97596819999995,"avg":49.824386237085626,"min":2.806407},"type":"trend"},"http_req_waiting":{"type":"trend","contains":"time","values":{"avg":49.557394266797274,"min":2.347278,"med":46.8322,"max":450.056965,"p(90)":83.5150544,"p(95)":92.6539361}},"iterations":{"values":{"count":120387,"rate":2005.6879261029308},"type":"counter","contains":"default"},"vus_max":{"type":"gauge","contains":"default","values":{"value":100,"min":100,"max":100}},"http_reqs":{"type":"counter","contains":"default","values":{"count":120387,"rate":2005.6879261029308}},"http_req_tls_handshaking":{"type":"trend","contains":"time","values":{"med":0,"max":0,"p(90)":0,"p(95)":0,"avg":0,"min":0}},"http_req_connecting":{"contains":"time","values":{"p(95)":0,"avg":0.003019419555267595,"min":0,"med":0,"max":26.473201,"p(90)":0},"type":"trend"},"http_req_duration":{"type":"trend","contains":"time","values":{"med":46.905695,"max":450.141057,"p(90)":83.5998064,"p(95)":92.77387869999997,"avg":49.64851186618151,"min":2.70192}},"data_received":{"type":"counter","contains":"data","values":{"count":41894676,"rate":697979.3982838199}},"vus":{"values":{"value":100,"min":100,"max":100},"type":"gauge","contains":"default"},"checks":{"values":{"fails":0,"rate":1,"passes":120387},"type":"rate","contains":"default"},"http_req_duration{expected_response:true}":{"type":"trend","contains":"time","values":{"avg":49.64851186618151,"min":2.70192,"med":46.905695,"max":450.141057,"p(90)":83.5998064,"p(95)":92.77387869999997}},"data_sent":{"type":"counter","contains":"data","values":{"count":46348995,"rate":772189.8515496283}},"http_req_blocked":{"type":"trend","contains":"time","values":{"p(90)":0.00344,"p(95)":0.004026,"avg":0.007639405442448279,"min":0.000957,"med":0.002409,"max":27.536525}}},"metadata":{"type":"REST","testConfig":{"executedAt":"2022-08-10T15:28:02.683Z","id":"240a7dee-fed8-4fa0-b279-a79cdad6331d","name":"create-card-payment","vus":100,"duration":"1m"}},"root_group":{"path":"","id":"d41d8cd98f00b204e9800998ecf8427e","groups":[],"checks":[{"fails":0,"name":"is status 201","path":"::is status 201","id":"d8b97380f72868aef5b0eadc0ce32c21","passes":120387}],"name":""}}