{"state":{"isStdOutTTY":true,"isStdErrTTY":true,"testRunDurationMs":60028.005487},"metrics":{"http_req_failed":{"type":"rate","contains":"default","values":{"rate":0,"passes":0,"fails":124309}},"http_req_blocked":{"type":"trend","contains":"time","values":{"avg":0.009383593271605492,"min":0.00091,"med":0.002365,"max":38.290684,"p(90)":0.003379,"p(95)":0.003948}},"iteration_duration":{"type":"trend","contains":"time","values":{"avg":48.25589569842084,"min":3.105301,"med":45.869951,"max":429.943728,"p(90)":83.766693,"p(95)":91.21756979999995}},"http_req_sending":{"type":"trend","contains":"time","values":{"med":0.01446,"max":37.094621,"p(90)":0.021459199999999998,"p(95)":0.025557599999999993,"avg":0.021277774030842547,"min":0.005475}},"http_req_receiving":{"type":"trend","contains":"time","values":{"p(90)":0.05843,"p(95)":0.08100819999999995,"avg":0.05297209185175712,"min":0.010458,"med":0.03323,"max":21.39472}},"data_sent":{"type":"counter","contains":"data","values":{"count":47858965,"rate":797277.2810245146}},"http_req_tls_handshaking":{"type":"trend","contains":"time","values":{"avg":0,"min":0,"med":0,"max":0,"p(90)":0,"p(95)":0}},"vus_max":{"type":"gauge","contains":"default","values":{"value":100,"min":100,"max":100}},"checks":{"type":"rate","contains":"default","values":{"rate":1,"passes":124309,"fails":0}},"http_req_duration":{"type":"trend","contains":"time","values":{"max":429.825617,"p(90)":83.57484099999999,"p(95)":91.03889799999997,"avg":48.08522764660721,"min":2.985055,"med":45.711946}},"vus":{"type":"gauge","contains":"default","values":{"value":100,"min":100,"max":100}},"http_req_duration{expected_response:true}":{"type":"trend","contains":"time","values":{"min":2.985055,"med":45.711946,"max":429.825617,"p(90)":83.57484099999999,"p(95)":91.03889799999997,"avg":48.08522764660721}},"http_req_connecting":{"contains":"time","values":{"p(90)":0,"p(95)":0,"avg":0.006123328117835395,"min":0,"med":0,"max":34.851925},"type":"trend"},"iterations":{"type":"counter","contains":"default","values":{"count":124309,"rate":2070.8500805831545}},"data_received":{"values":{"count":43259532,"rate":720655.8280429378},"type":"counter","contains":"data"},"http_reqs":{"type":"counter","contains":"default","values":{"count":124309,"rate":2070.8500805831545}},"http_req_waiting":{"type":"trend","contains":"time","values":{"avg":48.0109777807243,"min":2.890049,"med":45.640892,"max":429.780125,"p(90)":83.5068282,"p(95)":90.93687039999999}}},"metadata":{"type":"REST","testConfig":{"duration":"1m","executedAt":"2022-08-10T15:24:58.970Z","id":"240a7dee-fed8-4fa0-b279-a79cdad6331d","name":"create-card-payment","vus":100}},"root_group":{"id":"d41d8cd98f00b204e9800998ecf8427e","groups":[],"checks":[{"path":"::is status 201","id":"d8b97380f72868aef5b0eadc0ce32c21","passes":124309,"fails":0,"name":"is status 201"}],"name":"","path":""},"options":{"summaryTrendStats":["avg","min","med","max","p(90)","p(95)"],"summaryTimeUnit":"","noColor":false}}