{"options":{"summaryTrendStats":["min","med","avg","max","p(90)","p(95)","p(99)"],"summaryTimeUnit":"","noColor":false},"state":{"testRunDurationMs":60002.834536,"isStdOutTTY":true,"isStdErrTTY":true},"metrics":{"http_req_failed":{"type":"rate","contains":"default","values":{"fails":42608,"rate":0,"passes":0}},"http_req_tls_handshaking":{"type":"trend","contains":"time","values":{"p(90)":0,"p(95)":0,"p(99)":0,"min":0,"med":0,"avg":0,"max":0}},"http_req_duration{expected_response:true}":{"values":{"p(90)":1.4207056000000002,"p(95)":1.71008765,"p(99)":1.9109876300000004,"min":1.104596,"med":1.2655055000000002,"avg":1.3099045725215994,"max":14.695941},"type":"trend","contains":"time"},"http_req_receiving":{"type":"trend","contains":"time","values":{"max":0.257396,"p(90)":0.033945300000000005,"p(95)":0.037082300000000006,"p(99)":0.04617725,"min":0.018376,"med":0.0264025,"avg":0.027727182712166468}},"vus_max":{"type":"gauge","contains":"default","values":{"value":1,"min":1,"max":1}},"http_req_waiting":{"type":"trend","contains":"time","values":{"p(90)":1.3769080000000007,"p(95)":1.6631155,"p(99)":1.86334994,"min":1.071073,"med":1.2271585,"avg":1.270295305224365,"max":14.603144}},"data_received":{"values":{"count":14827635,"rate":247115.57570007528},"type":"counter","contains":"data"},"iteration_duration":{"type":"trend","contains":"time","values":{"min":1.18997,"med":1.355533,"avg":1.4017014451746161,"max":14.825266,"p(90)":1.520968,"p(95)":1.81014325,"p(99)":2.0168970099999997}},"http_reqs":{"contains":"default","values":{"rate":710.0997866098544,"count":42608},"type":"counter"},"http_req_connecting":{"values":{"max":0.116492,"p(90)":0,"p(95)":0,"p(99)":0,"min":0,"med":0,"avg":0.000003893001314307172},"type":"trend","contains":"time"},"http_req_blocked":{"type":"trend","contains":"time","values":{"p(99)":0.003008,"min":0.001098,"med":0.001525,"avg":0.0016312212495305975,"max":0.16717,"p(90)":0.001871,"p(95)":0.0021356500000000015}},"vus":{"type":"gauge","contains":"default","values":{"min":1,"max":1,"value":1}},"data_sent":{"contains":"data","values":{"count":16403908,"rate":273385.5513135487},"type":"counter"},"iterations":{"type":"counter","contains":"default","values":{"rate":710.0831207305216,"count":42607}},"http_req_duration":{"type":"trend","contains":"time","values":{"min":1.104596,"med":1.2655055000000002,"avg":1.3099045725215994,"max":14.695941,"p(90)":1.4207056000000002,"p(95)":1.71008765,"p(99)":1.9109876300000004}},"checks":{"type":"rate","contains":"default","values":{"rate":1,"passes":42607,"fails":0},"thresholds":{"rate>0.99":{"ok":true}}},"http_req_sending":{"type":"trend","contains":"time","values":{"p(95)":0.014827650000000001,"p(99)":0.01870451,"min":0.007217,"med":0.011873,"avg":0.011882084585054447,"max":0.204051,"p(90)":0.014111}}},"setup_data":{"card":{"active":true,"cardholder_name":"Vinicius Barbosa","masked_number":"5597********6054","token":"83e18a0983884db888f907519970653fbbf6099b71ef4d1b984ec70bdd524834","expiration_month":10,"expiration_year":2027,"id":"8688a59b-b493-46b3-a98f-1b18e4fbc0f8","is_credit":true,"is_debit":true}},"metadata":{"type":"REST","testConfig":{"id":"dad9c90f-2411-4200-9356-eeb9588680e0","name":"create-card-payment","vus":1,"duration":"1m","executedAt":"2022-10-26T17:20:41.153Z"}},"root_group":{"name":"","path":"","id":"d41d8cd98f00b204e9800998ecf8427e","groups":[{"path":"::setup","id":"5c0f8025f7e0b6654089e5b00e950f1a","groups":[],"checks":[],"name":"setup"}],"checks":[{"name":"is status 201","path":"::is status 201","id":"d8b97380f72868aef5b0eadc0ce32c21","passes":42607,"fails":0}]}}