{"metrics":{"vus_max":{"type":"gauge","contains":"default","values":{"value":50,"min":50,"max":50}},"http_req_receiving":{"type":"trend","contains":"time","values":{"p(99)":0.1976369599999953,"min":0.011895,"med":0.023233,"avg":0.034286695820052886,"max":12.017955,"p(90)":0.039263,"p(95)":0.04743664999999996}},"http_req_blocked":{"type":"trend","contains":"time","values":{"p(90)":0.0028,"p(95)":0.00314,"p(99)":0.004543729999999982,"min":0.000978,"med":0.00207,"avg":0.002407525207059181,"max":7.196392}},"http_req_tls_handshaking":{"type":"trend","contains":"time","values":{"max":0,"p(90)":0,"p(95)":0,"p(99)":0,"min":0,"med":0,"avg":0}},"http_req_duration":{"type":"trend","contains":"time","values":{"p(99)":18.409547259999975,"min":1.450181,"med":8.631400500000002,"avg":9.096559164078036,"max":83.152513,"p(90)":13.219716799999999,"p(95)":14.856006599999995}},"http_req_connecting":{"type":"trend","contains":"time","values":{"med":0,"avg":0.00004103301561711606,"max":1.656425,"p(90)":0,"p(95)":0,"p(99)":0,"min":0}},"iterations":{"type":"counter","contains":"default","values":{"count":325027,"rate":5416.331475175172}},"iteration_duration":{"contains":"time","values":{"min":1.560516,"med":8.749279000000001,"avg":9.220926279698899,"max":83.421498,"p(90)":13.3505658,"p(95)":15.005506149999992,"p(99)":18.62883126999999},"type":"trend"},"http_req_duration{expected_response:true}":{"type":"trend","contains":"time","values":{"med":8.631400500000002,"avg":9.096559164078036,"max":83.152513,"p(90)":13.219716799999999,"p(95)":14.856006599999995,"p(99)":18.409547259999975,"min":1.450181}},"checks":{"type":"rate","contains":"default","values":{"rate":1,"passes":325027,"fails":0},"thresholds":{"rate>0.99":{"ok":true}}},"data_sent":{"type":"counter","contains":"data","values":{"count":125135608,"rate":2085291.1674278816}},"http_req_sending":{"values":{"p(90)":0.01656,"p(95)":0.019008,"p(99)":0.032018459999999964,"min":0.005953,"med":0.012124,"avg":0.014514522394993606,"max":12.052969},"type":"trend","contains":"time"},"data_received":{"type":"counter","contains":"data","values":{"rate":1884890.0023970664,"count":113109795}},"http_reqs":{"type":"counter","contains":"default","values":{"count":325028,"rate":5416.348139426066}},"http_req_waiting":{"type":"trend","contains":"time","values":{"med":8.58802,"avg":9.047757945863003,"max":83.096195,"p(90)":13.1604452,"p(95)":14.778259449999995,"p(99)":18.303740789999996,"min":1.410738}},"http_req_failed":{"contains":"default","values":{"rate":0,"passes":0,"fails":325028},"type":"rate"},"vus":{"contains":"default","values":{"max":50,"value":50,"min":50},"type":"gauge"}},"setup_data":{"card":{"token":"a7dc898f25404d4194854bb3eac4e3ae8e558c4dd1a644bfadc1ad8fdb779c37","cardholder_name":"Vinicius Barbosa","id":"38f73c72-b251-4e26-9725-64d1e721d253","is_credit":true,"is_debit":true,"masked_number":"4485********7724","active":true,"expiration_month":10,"expiration_year":2027}},"metadata":{"type":"GRPC","testConfig":{"vus":50,"duration":"1m","executedAt":"2022-10-26T17:42:59.018Z","id":"c4e77cc4-0103-4abc-ac9e-da0f78901f4e","name":"create-card-payment"}},"root_group":{"path":"","id":"d41d8cd98f00b204e9800998ecf8427e","groups":[{"checks":[],"name":"setup","path":"::setup","id":"5c0f8025f7e0b6654089e5b00e950f1a","groups":[]}],"checks":[{"path":"::is status 201","id":"d8b97380f72868aef5b0eadc0ce32c21","passes":325027,"fails":0,"name":"is status 201"}],"name":""},"options":{"summaryTrendStats":["min","med","avg","max","p(90)","p(95)","p(99)"],"summaryTimeUnit":"","noColor":false},"state":{"isStdErrTTY":true,"testRunDurationMs":60008.698044,"isStdOutTTY":true}}