{"metrics":{"http_req_blocked":{"values":{"max":11.801819,"p(90)":0.003163,"p(95)":0.003606,"p(99)":0.006663799999999697,"min":0.000989,"med":0.002285,"avg":0.003541603639547856},"type":"trend","contains":"time"},"http_req_tls_handshaking":{"type":"trend","contains":"time","values":{"min":0,"med":0,"avg":0,"max":0,"p(90)":0,"p(95)":0,"p(99)":0}},"http_reqs":{"type":"counter","contains":"default","values":{"rate":2530.1091306723947,"count":151887}},"vus_max":{"type":"gauge","contains":"default","values":{"value":100,"min":100,"max":100}},"checks":{"thresholds":{"rate>0.99":{"ok":true}},"type":"rate","contains":"default","values":{"rate":1,"passes":151886,"fails":0}},"iteration_duration":{"type":"trend","contains":"time","values":{"avg":39.504945155213626,"max":288.250023,"p(90)":59.8682882,"p(95)":66.95841999999999,"p(99)":81.76578897999997,"min":2.326613,"med":37.770935}},"http_req_receiving":{"type":"trend","contains":"time","values":{"p(90)":0.0512344,"p(95)":0.06307409999999995,"p(99)":0.25904369999999916,"min":0.012245,"med":0.026464,"avg":0.047679002949561074,"max":21.838837}},"http_req_duration":{"type":"trend","contains":"time","values":{"min":1.926667,"med":37.634861,"avg":39.36240495628362,"max":287.95548,"p(90)":59.724259599999996,"p(95)":66.82018799999999,"p(99)":81.61917019999999}},"http_req_connecting":{"type":"trend","contains":"time","values":{"p(90)":0,"p(95)":0,"p(99)":0,"min":0,"med":0,"avg":0.0008532898338896678,"max":3.018882}},"http_req_sending":{"values":{"min":0.006001,"med":0.013435,"avg":0.017473617893566114,"max":16.470093,"p(90)":0.020725,"p(95)":0.02481469999999998,"p(99)":0.04670685999999926},"type":"trend","contains":"time"},"data_received":{"contains":"data","values":{"count":52856727,"rate":880478.8270237617},"type":"counter"},"http_req_duration{expected_response:true}":{"type":"trend","contains":"time","values":{"med":37.634861,"avg":39.36240495628362,"max":287.95548,"p(90)":59.724259599999996,"p(95)":66.82018799999999,"p(99)":81.61917019999999,"min":1.926667}},"http_req_waiting":{"type":"trend","contains":"time","values":{"min":1.790543,"med":37.570548,"avg":39.29725233543977,"max":287.855841,"p(90)":59.6629254,"p(95)":66.74284139999999,"p(99)":81.43587661999989}},"data_sent":{"type":"counter","contains":"data","values":{"rate":974089.1501606337,"count":58476323}},"vus":{"values":{"value":100,"min":100,"max":100},"type":"gauge","contains":"default"},"iterations":{"type":"counter","contains":"default","values":{"rate":2530.0924728338,"count":151886}},"http_req_failed":{"type":"rate","contains":"default","values":{"rate":0,"passes":0,"fails":151887}}},"setup_data":{"card":{"cardholder_name":"Vinicius Barbosa","expiration_month":10,"id":"4a8d6300-9fc4-4a2c-83b6-a368c30c7216","token":"221ee084dee8479480a0643396463f4d25c3badd180643188e4efdaad7957c1d","masked_number":"4024********6254","active":true,"expiration_year":2027,"is_credit":true,"is_debit":true}},"metadata":{"type":"REST","testConfig":{"id":"240a7dee-fed8-4fa0-b279-a79cdad6331d","name":"create-card-payment","vus":100,"duration":"1m","executedAt":"2022-10-26T17:25:56.035Z"}},"root_group":{"id":"d41d8cd98f00b204e9800998ecf8427e","groups":[{"name":"setup","path":"::setup","id":"5c0f8025f7e0b6654089e5b00e950f1a","groups":[],"checks":[]}],"checks":[{"name":"is status 201","path":"::is status 201","id":"d8b97380f72868aef5b0eadc0ce32c21","passes":151886,"fails":0}],"name":"","path":""},"options":{"summaryTrendStats":["min","med","avg","max","p(90)","p(95)","p(99)"],"summaryTimeUnit":"","noColor":false},"state":{"isStdOutTTY":true,"isStdErrTTY":true,"testRunDurationMs":60031.797901}}