{"root_group":{"path":"","id":"d41d8cd98f00b204e9800998ecf8427e","groups":[],"checks":[{"name":"is status 201","path":"::is status 201","id":"d8b97380f72868aef5b0eadc0ce32c21","passes":665961,"fails":0}],"name":""},"options":{"summaryTrendStats":["min","med","avg","max","p(90)","p(95)","p(99)"],"summaryTimeUnit":"","noColor":false},"state":{"isStdOutTTY":true,"isStdErrTTY":true,"testRunDurationMs":60001.657592},"metrics":{"http_req_duration{expected_response:true}":{"type":"trend","contains":"time","values":{"avg":0.7998255182886077,"max":28.8496,"p(90)":1.052271,"p(95)":1.221274,"p(99)":1.8920238000000018,"min":0.311436,"med":0.741397}},"http_req_sending":{"type":"trend","contains":"time","values":{"max":10.124982,"p(90)":0.01385,"p(95)":0.015801,"p(99)":0.022170400000000024,"min":0.005775,"med":0.010772,"avg":0.011810987903195576}},"http_req_receiving":{"type":"trend","contains":"time","values":{"p(90)":0.026838,"p(95)":0.030246,"p(99)":0.042663,"min":0.008564,"med":0.018926,"avg":0.021501577843147414,"max":5.177379}},"http_req_failed":{"type":"rate","contains":"default","values":{"fails":665961,"rate":0,"passes":0}},"http_req_tls_handshaking":{"type":"trend","contains":"time","values":{"p(99)":0,"min":0,"med":0,"avg":0,"max":0,"p(90)":0,"p(95)":0}},"data_sent":{"type":"counter","contains":"data","values":{"count":141849693,"rate":2364096.238216472}},"data_received":{"type":"counter","contains":"data","values":{"count":265718439,"rate":4428518.305391419}},"http_reqs":{"contains":"default","values":{"count":665961,"rate":11099.043371908318},"type":"counter"},"iterations":{"type":"counter","contains":"default","values":{"count":665961,"rate":11099.043371908318}},"http_req_connecting":{"type":"trend","contains":"time","values":{"max":0.469709,"p(90)":0,"p(95)":0,"p(99)":0,"min":0,"med":0,"avg":0.0000025084156579739654}},"iteration_duration":{"type":"trend","contains":"time","values":{"min":0.385123,"med":0.832263,"avg":0.8936438493169351,"max":29.481246,"p(90)":1.146648,"p(95)":1.318154,"p(99)":2.035795000000005}},"vus_max":{"type":"gauge","contains":"default","values":{"min":10,"max":10,"value":10}},"http_req_waiting":{"values":{"min":0.276803,"med":0.709347,"avg":0.7665129525422698,"max":28.799463,"p(90)":1.018581,"p(95)":1.185309,"p(99)":1.8406226000000026},"type":"trend","contains":"time"},"http_req_duration":{"values":{"p(99)":1.8920238000000018,"min":0.311436,"med":0.741397,"avg":0.7998255182886077,"max":28.8496,"p(90)":1.052271,"p(95)":1.221274},"type":"trend","contains":"time"},"vus":{"type":"gauge","contains":"default","values":{"value":10,"min":10,"max":10}},"checks":{"type":"rate","contains":"default","values":{"rate":1,"passes":665961,"fails":0},"thresholds":{"rate>0.99":{"ok":true}}},"http_req_blocked":{"type":"trend","contains":"time","values":{"p(95)":0.002585,"p(99)":0.003982,"min":0.000896,"med":0.001875,"avg":0.0020180078443030646,"max":2.132542,"p(90)":0.002329}}},"metadata":{"testConfig":{"name":"create-card","vus":10,"duration":"1m","executedAt":"2022-10-26T17:33:58.380Z","id":"dfce9f52-4c55-4845-bbc2-5ec8279ccf6e"},"type":"GRPC"}}