{"options":{"summaryTrendStats":["min","med","avg","max","p(90)","p(95)","p(99)"],"summaryTimeUnit":"","noColor":false},"state":{"isStdOutTTY":true,"isStdErrTTY":true,"testRunDurationMs":60001.520238},"metrics":{"http_req_receiving":{"type":"trend","contains":"time","values":{"p(99)":0.02907909,"min":0.009985,"med":0.017889,"avg":0.01847526696203819,"max":0.563737,"p(90)":0.023179,"p(95)":0.024928}},"data_sent":{"type":"counter","contains":"data","values":{"count":37402374,"rate":623357.1058140029}},"http_req_connecting":{"type":"trend","contains":"time","values":{"p(95)":0,"p(99)":0,"min":0,"med":0,"avg":6.393694689005569e-7,"max":0.112272,"p(90)":0}},"http_req_sending":{"type":"trend","contains":"time","values":{"avg":0.008785778573788077,"max":0.312015,"p(90)":0.011298,"p(95)":0.012043149999999994,"p(99)":0.014149029999999998,"min":0.005358,"med":0.007916}},"iteration_duration":{"values":{"max":20.480592,"p(90)":0.3549893,"p(95)":0.3693463,"p(99)":0.4784188499999999,"min":0.27782,"med":0.32910249999999996,"avg":0.3367639314342916},"type":"trend","contains":"time"},"checks":{"type":"rate","contains":"default","values":{"rate":1,"passes":175598,"fails":0},"thresholds":{"rate>0.99":{"ok":true}}},"http_req_blocked":{"values":{"p(95)":0.001882,"p(99)":0.002982029999999999,"min":0.000837,"med":0.001317,"avg":0.0014126944839918634,"max":0.200519,"p(90)":0.001719},"type":"trend","contains":"time"},"http_req_failed":{"type":"rate","contains":"default","values":{"rate":0,"passes":0,"fails":175598}},"iterations":{"type":"counter","contains":"default","values":{"rate":2926.5591822253655,"count":175598}},"http_req_tls_handshaking":{"values":{"p(99)":0,"min":0,"med":0,"avg":0,"max":0,"p(90)":0,"p(95)":0},"type":"trend","contains":"time"},"http_req_duration{expected_response:true}":{"type":"trend","contains":"time","values":{"min":0.217449,"med":0.264619,"avg":0.27154151275640764,"max":20.373711,"p(90)":0.287182,"p(95)":0.299734,"p(99)":0.3917254699999998}},"http_reqs":{"contains":"default","values":{"count":175598,"rate":2926.5591822253655},"type":"counter"},"http_req_duration":{"type":"trend","contains":"time","values":{"min":0.217449,"med":0.264619,"avg":0.27154151275640764,"max":20.373711,"p(90)":0.287182,"p(95)":0.299734,"p(99)":0.3917254699999998}},"vus_max":{"type":"gauge","contains":"default","values":{"value":1,"min":1,"max":1}},"data_received":{"type":"counter","contains":"data","values":{"count":69888004,"rate":1164770.5545256955}},"vus":{"type":"gauge","contains":"default","values":{"value":1,"min":1,"max":1}},"http_req_waiting":{"type":"trend","contains":"time","values":{"min":0.196779,"med":0.237568,"avg":0.24428046722058092,"max":20.318986,"p(90)":0.258418,"p(95)":0.27048615,"p(99)":0.3544937099999998}}},"metadata":{"type":"GRPC","testConfig":{"name":"create-card","vus":1,"duration":"1m","executedAt":"2022-10-26T17:32:41.292Z","id":"8244654e-51ff-481d-bd43-bbc86715a505"}},"root_group":{"name":"","path":"","id":"d41d8cd98f00b204e9800998ecf8427e","groups":[],"checks":[{"id":"d8b97380f72868aef5b0eadc0ce32c21","passes":175598,"fails":0,"name":"is status 201","path":"::is status 201"}]}}