{"metrics":{"checks":{"type":"rate","contains":"default","values":{"rate":1,"passes":341815,"fails":0},"thresholds":{"rate>0.99":{"ok":true}}},"http_req_waiting":{"contains":"time","values":{"p(90)":6.285596400000003,"p(95)":7.218226499999999,"p(99)":9.373730459999999,"min":0.705034,"med":3.919843,"avg":4.231048139040154,"max":25.062406},"type":"trend"},"iterations":{"contains":"default","values":{"count":341815,"rate":5696.5919091838},"type":"counter"},"http_reqs":{"type":"counter","contains":"default","values":{"rate":5696.5919091838,"count":341815}},"http_req_tls_handshaking":{"type":"trend","contains":"time","values":{"avg":0,"max":0,"p(90)":0,"p(95)":0,"p(99)":0,"min":0,"med":0}},"vus":{"contains":"default","values":{"value":25,"min":25,"max":25},"type":"gauge"},"http_req_receiving":{"values":{"min":0.010686,"med":0.020654,"avg":0.026369621137164633,"max":10.259204,"p(90)":0.032865,"p(95)":0.03781029999999999,"p(99)":0.14752963999999966},"type":"trend","contains":"time"},"http_req_blocked":{"type":"trend","contains":"time","values":{"min":0.000933,"med":0.002109,"avg":0.0022831434547929525,"max":1.781321,"p(90)":0.002662,"p(95)":0.00294,"p(99)":0.004327}},"http_req_failed":{"type":"rate","contains":"default","values":{"rate":0,"passes":0,"fails":341815}},"data_received":{"type":"counter","contains":"data","values":{"count":135700555,"rate":2261546.9879459688}},"vus_max":{"type":"gauge","contains":"default","values":{"min":25,"max":25,"value":25}},"iteration_duration":{"type":"trend","contains":"time","values":{"min":0.843293,"med":4.060961,"avg":4.3794254560244985,"max":25.503362,"p(90)":6.4402394,"p(95)":7.394924899999997,"p(99)":9.6436757}},"data_sent":{"values":{"count":72806595,"rate":1213374.0766561495},"type":"counter","contains":"data"},"http_req_duration{expected_response:true}":{"type":"trend","contains":"time","values":{"p(99)":9.468760259999998,"min":0.747546,"med":3.957591,"avg":4.27147819098631,"max":25.10995,"p(90)":6.328718000000003,"p(95)":7.268442099999998}},"http_req_sending":{"type":"trend","contains":"time","values":{"min":0.006066,"med":0.012255,"avg":0.014060430809063364,"max":12.756953,"p(90)":0.015827,"p(95)":0.017966,"p(99)":0.02685585999999999}},"http_req_duration":{"contains":"time","values":{"max":25.10995,"p(90)":6.328718000000003,"p(95)":7.268442099999998,"p(99)":9.468760259999998,"min":0.747546,"med":3.957591,"avg":4.27147819098631},"type":"trend"},"http_req_connecting":{"type":"trend","contains":"time","values":{"min":0,"med":0,"avg":0.000020708930269297723,"max":0.558544,"p(90)":0,"p(95)":0,"p(99)":0}}},"metadata":{"type":"REST","testConfig":{"vus":25,"duration":"1m","executedAt":"2022-10-26T17:16:46.818Z","id":"f31c8249-3080-4a20-9c51-1a8d4fd982c8","name":"create-card"}},"root_group":{"groups":[],"checks":[{"name":"is status 201","path":"::is status 201","id":"d8b97380f72868aef5b0eadc0ce32c21","passes":341815,"fails":0}],"name":"","path":"","id":"d41d8cd98f00b204e9800998ecf8427e"},"options":{"summaryTrendStats":["min","med","avg","max","p(90)","p(95)","p(99)"],"summaryTimeUnit":"","noColor":false},"state":{"isStdOutTTY":true,"isStdErrTTY":true,"testRunDurationMs":60003.420545}}