{"state":{"isStdErrTTY":true,"testRunDurationMs":60004.025947,"isStdOutTTY":true},"metrics":{"http_req_connecting":{"values":{"p(99)":0,"min":0,"med":0,"avg":0.000002679818779641499,"max":0.124074,"p(90)":0,"p(95)":0},"type":"trend","contains":"time"},"http_req_duration":{"type":"trend","contains":"time","values":{"max":15.364691,"p(90)":0.8998918,"p(95)":1.0362315999999998,"p(99)":1.4657648400000003,"min":0.629632,"med":0.779562,"avg":0.8147185439641209}},"data_received":{"type":"counter","contains":"data","values":{"count":22967005,"rate":382757.73396082054}},"http_req_failed":{"values":{"rate":0,"passes":0,"fails":65997},"type":"rate","contains":"default"},"data_sent":{"type":"counter","contains":"data","values":{"count":25408673,"rate":423449.4702479267}},"iterations":{"type":"counter","contains":"default","values":{"count":65996,"rate":1099.8595337301626}},"iteration_duration":{"type":"trend","contains":"time","values":{"med":0.865549,"avg":0.9031826687728218,"max":15.518233,"p(90)":1.0001644,"p(95)":1.1459614,"p(99)":1.5672056,"min":0.707573}},"http_req_waiting":{"type":"trend","contains":"time","values":{"max":15.277729,"p(90)":0.8561162,"p(95)":0.9832451999999994,"p(99)":1.4169958400000002,"min":0.599096,"med":0.743711,"avg":0.7770111887813007}},"http_reqs":{"values":{"count":65997,"rate":1099.8761992785858},"type":"counter","contains":"default"},"vus":{"type":"gauge","contains":"default","values":{"value":1,"min":1,"max":1}},"http_req_duration{expected_response:true}":{"type":"trend","contains":"time","values":{"med":0.779562,"avg":0.8147185439641209,"max":15.364691,"p(90)":0.8998918,"p(95)":1.0362315999999998,"p(99)":1.4657648400000003,"min":0.629632}},"vus_max":{"values":{"value":1,"min":1,"max":1},"type":"gauge","contains":"default"},"http_req_sending":{"type":"trend","contains":"time","values":{"min":0.00648,"med":0.011578,"avg":0.011754448929496874,"max":1.027637,"p(90)":0.013955400000000001,"p(95)":0.015051199999999997,"p(99)":0.01974}},"http_req_receiving":{"type":"trend","contains":"time","values":{"med":0.023851,"avg":0.025952906253314548,"max":0.478266,"p(90)":0.033159400000000006,"p(95)":0.03772959999999999,"p(99)":0.05232808,"min":0.015792}},"checks":{"thresholds":{"rate>0.99":{"ok":true}},"type":"rate","contains":"default","values":{"passes":65996,"fails":0,"rate":1}},"http_req_blocked":{"type":"trend","contains":"time","values":{"p(90)":0.001882,"p(95)":0.002194,"p(99)":0.002914,"min":0.001068,"med":0.001508,"avg":0.00160946967286392,"max":0.185844}},"http_req_tls_handshaking":{"type":"trend","contains":"time","values":{"med":0,"avg":0,"max":0,"p(90)":0,"p(95)":0,"p(99)":0,"min":0}}},"setup_data":{"card":{"expiration_month":10,"is_debit":true,"expiration_year":2027,"id":"d704cef0-5adb-48a5-9ee6-71224b1d5d6c","is_credit":true,"masked_number":"3663******3302","token":"033daf8cef1d4b7b99d82999f251f8d6026e1ce3e3ea4ceea07f320cc503c3f3","active":true,"cardholder_name":"Vinicius Barbosa"}},"metadata":{"type":"GRPC","testConfig":{"executedAt":"2022-10-26T17:39:07.813Z","id":"dad9c90f-2411-4200-9356-eeb9588680e0","name":"create-card-payment","vus":1,"duration":"1m"}},"root_group":{"name":"","path":"","id":"d41d8cd98f00b204e9800998ecf8427e","groups":[{"checks":[],"name":"setup","path":"::setup","id":"5c0f8025f7e0b6654089e5b00e950f1a","groups":[]}],"checks":[{"id":"d8b97380f72868aef5b0eadc0ce32c21","passes":65996,"fails":0,"name":"is status 201","path":"::is status 201"}]},"options":{"summaryTrendStats":["min","med","avg","max","p(90)","p(95)","p(99)"],"summaryTimeUnit":"","noColor":false}}