{"state":{"isStdOutTTY":true,"isStdErrTTY":true,"testRunDurationMs":60006.206881},"metrics":{"http_req_receiving":{"type":"trend","contains":"time","values":{"p(90)":0.054087,"p(95)":0.060197599999999976,"p(99)":0.07611049,"min":0.013956,"med":0.035665,"avg":0.039561172039590864,"max":11.844333}},"data_received":{"values":{"count":44863514,"rate":747647.8906418815},"type":"counter","contains":"data"},"checks":{"type":"rate","contains":"default","values":{"rate":1,"passes":128917,"fails":0},"thresholds":{"rate>0.99":{"ok":true}}},"http_req_connecting":{"contains":"time","values":{"med":0,"avg":0.00001033909151553701,"max":0.625958,"p(90)":0,"p(95)":0,"p(99)":0,"min":0},"type":"trend"},"http_req_blocked":{"type":"trend","contains":"time","values":{"avg":0.002672675677562463,"max":0.701983,"p(90)":0.003206,"p(95)":0.003644,"p(99)":0.004853,"min":0.001145,"med":0.002488}},"iteration_duration":{"type":"trend","contains":"time","values":{"max":30.144762,"p(90)":6.3680551,"p(95)":7.163690049999999,"p(99)":9.008612860000001,"min":1.860003,"med":4.3775815,"avg":4.6440856056718385}},"http_req_waiting":{"type":"trend","contains":"time","values":{"p(99)":8.737772780000006,"min":1.492164,"med":4.1874555,"avg":4.449822197947521,"max":29.859662,"p(90)":6.1691442,"p(95)":6.94743865}},"http_req_duration":{"type":"trend","contains":"time","values":{"p(90)":6.2263893,"p(95)":7.0102546,"p(99)":8.820656650000002,"min":1.574847,"med":4.2426245,"avg":4.506660742107392,"max":29.928889}},"http_req_sending":{"contains":"time","values":{"avg":0.017277372120262983,"max":11.456891,"p(90)":0.022148300000000003,"p(95)":0.02433,"p(99)":0.02939,"min":0.006645,"med":0.015129},"type":"trend"},"http_reqs":{"type":"counter","contains":"default","values":{"count":128918,"rate":2148.4110844676607}},"http_req_tls_handshaking":{"type":"trend","contains":"time","values":{"max":0,"p(90)":0,"p(95)":0,"p(99)":0,"min":0,"med":0,"avg":0}},"iterations":{"type":"counter","contains":"default","values":{"count":128917,"rate":2148.394419524949}},"vus":{"type":"gauge","contains":"default","values":{"value":10,"min":10,"max":10}},"data_sent":{"type":"counter","contains":"data","values":{"count":49633258,"rate":827135.401149903}},"http_req_duration{expected_response:true}":{"contains":"time","values":{"max":29.928889,"p(90)":6.2263893,"p(95)":7.0102546,"p(99)":8.820656650000002,"min":1.574847,"med":4.2426245,"avg":4.506660742107392},"type":"trend"},"http_req_failed":{"type":"rate","contains":"default","values":{"passes":0,"fails":128918,"rate":0}},"vus_max":{"type":"gauge","contains":"default","values":{"min":10,"max":10,"value":10}}},"setup_data":{"card":{"expiration_year":2027,"is_credit":true,"token":"3f6ae5cec47b49e1bb5f1f3ab44406a825984a39a46f425592fd161aef8aef69","expiration_month":10,"cardholder_name":"Vinicius Barbosa","id":"480681f7-420d-440a-b5f2-6fdac89c0de4","is_debit":true,"masked_number":"3741*******3522","active":true}},"metadata":{"type":"REST","testConfig":{"vus":10,"duration":"1m","executedAt":"2022-10-26T17:21:58.865Z","id":"8ad8795d-8995-4bc5-b526-1914eddaf994","name":"create-card-payment"}},"root_group":{"path":"","id":"d41d8cd98f00b204e9800998ecf8427e","groups":[{"checks":[],"name":"setup","path":"::setup","id":"5c0f8025f7e0b6654089e5b00e950f1a","groups":[]}],"checks":[{"id":"d8b97380f72868aef5b0eadc0ce32c21","passes":128917,"fails":0,"name":"is status 201","path":"::is status 201"}],"name":""},"options":{"summaryTrendStats":["min","med","avg","max","p(90)","p(95)","p(99)"],"summaryTimeUnit":"","noColor":false}}