{"root_group":{"name":"","path":"","id":"d41d8cd98f00b204e9800998ecf8427e","groups":[],"checks":[{"id":"d8b97380f72868aef5b0eadc0ce32c21","passes":369533,"fails":0,"name":"is status 201","path":"::is status 201"}]},"options":{"summaryTimeUnit":"","noColor":false,"summaryTrendStats":["min","med","avg","max","p(90)","p(95)","p(99)"]},"state":{"isStdOutTTY":true,"isStdErrTTY":true,"testRunDurationMs":60005.298162},"metrics":{"http_req_waiting":{"type":"trend","contains":"time","values":{"p(90)":11.9286896,"p(95)":13.516954399999998,"p(99)":17.038264119999997,"min":0.844812,"med":7.503807,"avg":7.959095873618874,"max":74.661598}},"http_req_failed":{"contains":"default","values":{"rate":0,"passes":0,"fails":369533},"type":"rate"},"data_sent":{"contains":"data","values":{"count":78710529,"rate":1311726.3210241925},"type":"counter"},"http_req_duration{expected_response:true}":{"type":"trend","contains":"time","values":{"med":7.540814,"avg":8.001450637166537,"max":74.714277,"p(90)":11.9771282,"p(95)":13.570838199999994,"p(99)":17.159099599999998,"min":0.879709}},"iteration_duration":{"type":"trend","contains":"time","values":{"avg":8.109685656290477,"max":74.935274,"p(90)":12.091845599999997,"p(95)":13.6937246,"p(99)":17.333856679999986,"min":0.98572,"med":7.644792}},"checks":{"contains":"default","values":{"fails":0,"rate":1,"passes":369533},"thresholds":{"rate>0.99":{"ok":true}},"type":"rate"},"http_req_connecting":{"type":"trend","contains":"time","values":{"p(99)":0,"min":0,"med":0,"avg":0.000015292152527649763,"max":0.607127,"p(90)":0,"p(95)":0}},"http_req_duration":{"type":"trend","contains":"time","values":{"p(95)":13.570838199999994,"p(99)":17.159099599999998,"min":0.879709,"med":7.540814,"avg":8.001450637166537,"max":74.714277,"p(90)":11.9771282}},"http_req_blocked":{"type":"trend","contains":"time","values":{"min":0.000931,"med":0.002051,"avg":0.0023257064267603877,"max":7.326972,"p(90)":0.002677,"p(95)":0.002974,"p(99)":0.004439679999999994}},"http_reqs":{"type":"counter","contains":"default","values":{"count":369533,"rate":6158.339535324847}},"vus_max":{"type":"gauge","contains":"default","values":{"value":50,"min":50,"max":50}},"http_req_sending":{"type":"trend","contains":"time","values":{"p(90)":0.015921,"p(95)":0.01811,"p(99)":0.03326875999999995,"min":0.005814,"med":0.011841,"avg":0.014152618058468626,"max":11.440249}},"vus":{"values":{"value":50,"min":50,"max":50},"type":"gauge","contains":"default"},"http_req_receiving":{"type":"trend","contains":"time","values":{"med":0.019504,"avg":0.028202145489035758,"max":19.293979,"p(90)":0.03216179999999999,"p(95)":0.038224399999999964,"p(99)":0.16866899999999982,"min":0.008554}},"data_received":{"type":"counter","contains":"data","values":{"count":147443667,"rate":2457177.474594614}},"http_req_tls_handshaking":{"values":{"med":0,"avg":0,"max":0,"p(90)":0,"p(95)":0,"p(99)":0,"min":0},"type":"trend","contains":"time"},"iterations":{"contains":"default","values":{"count":369533,"rate":6158.339535324847},"type":"counter"}},"metadata":{"type":"REST","testConfig":{"vus":50,"duration":"1m","executedAt":"2022-10-26T17:18:06.247Z","id":"14db1832-359c-4226-a0e5-59ee9399888a","name":"create-card"}}}