{"metrics":{"http_req_waiting":{"type":"trend","contains":"time","values":{"min":0.26593,"med":2.95251,"avg":3.1974323985645814,"max":102.939635,"p(90)":4.6563985,"p(95)":5.4841456999999965,"p(99)":8.756020589999997}},"iteration_duration":{"values":{"max":103.428765,"p(90)":4.7918754,"p(95)":5.640023849999998,"p(99)":9.16882716,"min":0.390668,"med":3.074494,"avg":3.330054789878151},"type":"trend","contains":"time"},"data_sent":{"type":"counter","contains":"data","values":{"count":191431620,"rate":3190444.1322017214}},"vus":{"type":"gauge","contains":"default","values":{"value":50,"min":50,"max":50}},"checks":{"type":"rate","contains":"default","values":{"rate":1,"passes":898740,"fails":0},"thresholds":{"rate>0.99":{"ok":true}}},"http_req_duration":{"contains":"time","values":{"min":0.317826,"med":2.9836834999999997,"avg":3.2332727281693305,"max":103.117483,"p(90)":4.692974700000001,"p(95)":5.529995349999998,"p(99)":8.90699107},"type":"trend"},"data_received":{"type":"counter","contains":"data","values":{"count":357698520,"rate":5961487.157822935}},"http_reqs":{"type":"counter","contains":"default","values":{"count":898740,"rate":14978.610949303857}},"vus_max":{"contains":"default","values":{"value":50,"min":50,"max":50},"type":"gauge"},"http_req_failed":{"type":"rate","contains":"default","values":{"rate":0,"passes":0,"fails":898740}},"iterations":{"type":"counter","contains":"default","values":{"count":898740,"rate":14978.610949303857}},"http_req_tls_handshaking":{"type":"trend","contains":"time","values":{"med":0,"avg":0,"max":0,"p(90)":0,"p(95)":0,"p(99)":0,"min":0}},"http_req_sending":{"type":"trend","contains":"time","values":{"max":10.121847,"p(90)":0.013607,"p(95)":0.015307,"p(99)":0.026797829999999957,"min":0.005262,"med":0.010294,"avg":0.012357925129626047}},"http_req_duration{expected_response:true}":{"type":"trend","contains":"time","values":{"min":0.317826,"med":2.9836834999999997,"avg":3.2332727281693305,"max":103.117483,"p(90)":4.692974700000001,"p(95)":5.529995349999998,"p(99)":8.90699107}},"http_req_connecting":{"type":"trend","contains":"time","values":{"p(99)":0,"min":0,"med":0,"avg":0.000003986040456639294,"max":0.29223,"p(90)":0,"p(95)":0}},"http_req_blocked":{"type":"trend","contains":"time","values":{"avg":0.0020545461501653185,"max":8.640235,"p(90)":0.002376,"p(95)":0.002635,"p(99)":0.004003,"min":0.000895,"med":0.001776}},"http_req_receiving":{"contains":"time","values":{"max":15.397526,"p(90)":0.024447,"p(95)":0.02874,"p(99)":0.1337996899999996,"min":0.00883,"med":0.016878,"avg":0.023482404475154886},"type":"trend"}},"metadata":{"type":"GRPC","testConfig":{"id":"14db1832-359c-4226-a0e5-59ee9399888a","name":"create-card","vus":50,"duration":"1m","executedAt":"2022-10-26T17:36:33.539Z"}},"root_group":{"name":"","path":"","id":"d41d8cd98f00b204e9800998ecf8427e","groups":[],"checks":[{"id":"d8b97380f72868aef5b0eadc0ce32c21","passes":898740,"fails":0,"name":"is status 201","path":"::is status 201"}]},"options":{"summaryTrendStats":["min","med","avg","max","p(90)","p(95)","p(99)"],"summaryTimeUnit":"","noColor":false},"state":{"isStdOutTTY":true,"isStdErrTTY":true,"testRunDurationMs":60001.558425}}