{"root_group":{"name":"","path":"","id":"d41d8cd98f00b204e9800998ecf8427e","groups":[],"checks":[{"name":"is status 201","path":"::is status 201","id":"d8b97380f72868aef5b0eadc0ce32c21","passes":830653,"fails":0}]},"options":{"summaryTrendStats":["min","med","avg","max","p(90)","p(95)","p(99)"],"summaryTimeUnit":"","noColor":false},"state":{"isStdOutTTY":true,"isStdErrTTY":true,"testRunDurationMs":60002.370675},"metrics":{"http_req_duration":{"values":{"min":0.328642,"med":1.577104,"avg":1.7038795730310645,"max":47.635715,"p(90)":2.383722800000001,"p(95)":2.7635807999999984,"p(99)":4.7461149999999925},"type":"trend","contains":"time"},"vus":{"type":"gauge","contains":"default","values":{"min":25,"max":25,"value":25}},"vus_max":{"values":{"value":25,"min":25,"max":25},"type":"gauge","contains":"default"},"http_req_waiting":{"type":"trend","contains":"time","values":{"max":47.599003,"p(90)":2.3506460000000007,"p(95)":2.7266929999999996,"p(99)":4.6435245599999995,"min":0.308356,"med":1.546054,"avg":1.6703036175562496}},"http_req_failed":{"values":{"passes":0,"fails":830653,"rate":0},"type":"rate","contains":"default"},"data_received":{"type":"counter","contains":"data","values":{"count":329769241,"rate":5495936.865331196}},"http_req_tls_handshaking":{"values":{"p(99)":0,"min":0,"med":0,"avg":0,"max":0,"p(90)":0,"p(95)":0},"type":"trend","contains":"time"},"http_req_sending":{"type":"trend","contains":"time","values":{"min":0.00523,"med":0.010669,"avg":0.012084305002209007,"max":16.039585,"p(90)":0.01346,"p(95)":0.01498,"p(99)":0.024051}},"checks":{"values":{"rate":1,"passes":830653,"fails":0},"thresholds":{"rate>0.99":{"ok":true}},"type":"rate","contains":"default"},"http_req_blocked":{"type":"trend","contains":"time","values":{"p(99)":0.003928479999999982,"min":0.000885,"med":0.001853,"avg":0.002059120139215322,"max":4.804099,"p(90)":0.002352,"p(95)":0.002586}},"http_req_receiving":{"type":"trend","contains":"time","values":{"p(95)":0.02819,"p(99)":0.10855519999999973,"min":0.009062,"med":0.017462,"avg":0.021491650472580538,"max":11.463504,"p(90)":0.024449}},"http_reqs":{"type":"counter","contains":"default","values":{"count":830653,"rate":13843.669685972787}},"http_req_duration{expected_response:true}":{"type":"trend","contains":"time","values":{"min":0.328642,"med":1.577104,"avg":1.7038795730310645,"max":47.635715,"p(90)":2.383722800000001,"p(95)":2.7635807999999984,"p(99)":4.7461149999999925}},"data_sent":{"values":{"count":176929089,"rate":2948701.6431122036},"type":"counter","contains":"data"},"iteration_duration":{"type":"trend","contains":"time","values":{"p(90)":2.4781848,"p(95)":2.8630017999999993,"p(99)":4.979817999999999,"min":0.392114,"med":1.667405,"avg":1.7982447405546413,"max":48.33828}},"iterations":{"type":"counter","contains":"default","values":{"count":830653,"rate":13843.669685972787}},"http_req_connecting":{"type":"trend","contains":"time","values":{"med":0,"avg":0.0000025262931693498974,"max":0.582353,"p(90)":0,"p(95)":0,"p(99)":0,"min":0}}},"metadata":{"type":"GRPC","testConfig":{"vus":25,"duration":"1m","executedAt":"2022-10-26T17:35:15.902Z","id":"f31c8249-3080-4a20-9c51-1a8d4fd982c8","name":"create-card"}}}