{"options":{"summaryTrendStats":["min","med","avg","max","p(90)","p(95)","p(99)"],"summaryTimeUnit":"","noColor":false},"state":{"isStdOutTTY":true,"isStdErrTTY":true,"testRunDurationMs":60013.486337},"metrics":{"http_req_duration":{"type":"trend","contains":"time","values":{"p(99)":60.57026925000001,"min":1.758179,"med":21.338530499999997,"avg":23.07267135471873,"max":1001.404197,"p(90)":37.1299925,"p(95)":42.01680125}},"http_req_tls_handshaking":{"contains":"time","values":{"p(99)":0,"min":0,"med":0,"avg":0,"max":0,"p(90)":0,"p(95)":0},"type":"trend"},"http_req_waiting":{"type":"trend","contains":"time","values":{"max":1001.366817,"p(90)":37.082007000000004,"p(95)":41.96904,"p(99)":60.53687045,"min":1.713634,"med":21.296097500000002,"avg":23.028111951452708}},"checks":{"type":"rate","contains":"default","values":{"rate":1,"passes":258616,"fails":0},"thresholds":{"rate>0.99":{"ok":true}}},"iteration_duration":{"contains":"time","values":{"avg":23.186758767175835,"max":1001.508995,"p(90)":37.244534,"p(95)":42.13715575,"p(99)":60.701187600000054,"min":1.852465,"med":21.4508905},"type":"trend"},"vus_max":{"values":{"value":100,"min":100,"max":100},"type":"gauge","contains":"default"},"http_req_duration{expected_response:true}":{"contains":"time","values":{"min":1.758179,"med":21.338530499999997,"avg":23.07267135471873,"max":1001.404197,"p(90)":37.1299925,"p(95)":42.01680125,"p(99)":60.57026925000001},"type":"trend"},"http_req_connecting":{"contains":"time","values":{"min":0,"med":0,"avg":0.000840206100937297,"max":32.39413,"p(90)":0,"p(95)":0,"p(99)":0},"type":"trend"},"http_reqs":{"values":{"count":258616,"rate":4309.2980559030775},"type":"counter","contains":"default"},"http_req_blocked":{"type":"trend","contains":"time","values":{"avg":0.0033297329360906895,"max":32.45663,"p(90)":0.002855,"p(95)":0.003307,"p(99)":0.004995,"min":0.000922,"med":0.002198}},"http_req_receiving":{"contains":"time","values":{"p(99)":0.15412295000000015,"min":0.010083,"med":0.023559,"avg":0.02969288824357294,"max":18.001317,"p(90)":0.03731,"p(95)":0.042932},"type":"trend"},"data_sent":{"type":"counter","contains":"data","values":{"count":55085208,"rate":917880.4859073554}},"http_req_sending":{"values":{"avg":0.014866515022272531,"max":12.759095,"p(90)":0.017251,"p(95)":0.019935,"p(99)":0.02898615000000011,"min":0.005844,"med":0.0127855},"type":"trend","contains":"time"},"http_req_failed":{"type":"rate","contains":"default","values":{"rate":0,"passes":0,"fails":258616}},"data_received":{"contains":"data","values":{"count":103187784,"rate":1719409.9243053277},"type":"counter"},"iterations":{"contains":"default","values":{"count":258616,"rate":4309.2980559030775},"type":"counter"},"vus":{"type":"gauge","contains":"default","values":{"min":100,"max":100,"value":100}}},"metadata":{"type":"REST","testConfig":{"id":"f889ac39-6948-4782-afa0-93f678ad1a98","name":"create-card","vus":100,"duration":"1m","executedAt":"2022-10-28T17:25:20.442Z"},"useDatabase":true},"root_group":{"name":"","path":"","id":"d41d8cd98f00b204e9800998ecf8427e","groups":[],"checks":[{"id":"d8b97380f72868aef5b0eadc0ce32c21","passes":258616,"fails":0,"name":"is status 201","path":"::is status 201"}]}}