{"metrics":{"http_req_duration{expected_response:true}":{"values":{"min":0.634318,"med":0.90246,"avg":0.9278069792705415,"max":69.851547,"p(90)":1.1059878,"p(95)":1.2305667999999998,"p(99)":1.44120078},"type":"trend","contains":"time"},"http_req_connecting":{"contains":"time","values":{"max":0.129208,"p(90)":0,"p(95)":0,"p(99)":0,"min":0,"med":0,"avg":0.0000021547954571986055},"type":"trend"},"iterations":{"type":"counter","contains":"default","values":{"count":59963,"rate":999.3629697804676}},"data_received":{"values":{"count":23805311,"rate":396747.0990028456},"type":"counter","contains":"data"},"data_sent":{"type":"counter","contains":"data","values":{"count":12772119,"rate":212864.3125632396}},"http_req_tls_handshaking":{"type":"trend","contains":"time","values":{"p(90)":0,"p(95)":0,"p(99)":0,"min":0,"med":0,"avg":0,"max":0}},"checks":{"type":"rate","contains":"default","values":{"rate":1,"passes":59963,"fails":0},"thresholds":{"rate>0.99":{"ok":true}}},"vus_max":{"contains":"default","values":{"value":1,"min":1,"max":1},"type":"gauge"},"http_req_receiving":{"type":"trend","contains":"time","values":{"p(95)":0.028468699999999982,"p(99)":0.04282827999999999,"min":0.011849,"med":0.019228,"avg":0.020369001267448436,"max":1.270303,"p(90)":0.025616800000000002}},"vus":{"type":"gauge","contains":"default","values":{"value":1,"min":1,"max":1}},"http_req_blocked":{"type":"trend","contains":"time","values":{"avg":0.0014686002534896494,"max":0.198669,"p(90)":0.001787,"p(95)":0.00202,"p(99)":0.003108,"min":0.000954,"med":0.001364}},"http_req_failed":{"values":{"rate":0,"passes":0,"fails":59963},"type":"rate","contains":"default"},"http_req_waiting":{"type":"trend","contains":"time","values":{"p(95)":1.1964365999999995,"p(99)":1.4100417199999988,"min":0.608878,"med":0.873542,"avg":0.8981839709654375,"max":69.794378,"p(90)":1.0744980000000002}},"http_reqs":{"type":"counter","contains":"default","values":{"rate":999.3629697804676,"count":59963}},"iteration_duration":{"type":"trend","contains":"time","values":{"min":0.697286,"med":0.968728,"avg":0.9954322590764305,"max":69.954517,"p(90)":1.1765156,"p(95)":1.3049629,"p(99)":1.5155742399999994}},"http_req_duration":{"contains":"time","values":{"max":69.851547,"p(90)":1.1059878,"p(95)":1.2305667999999998,"p(99)":1.44120078,"min":0.634318,"med":0.90246,"avg":0.9278069792705415},"type":"trend"},"http_req_sending":{"type":"trend","contains":"time","values":{"max":0.307206,"p(90)":0.012157,"p(95)":0.013184,"p(99)":0.01719138,"min":0.005797,"med":0.008258,"avg":0.009254007037673167}}},"metadata":{"testConfig":{"id":"8244654e-51ff-481d-bd43-bbc86715a505","name":"create-card","vus":1,"duration":"1m","executedAt":"2022-10-28T17:26:41.820Z"},"useDatabase":true,"type":"GRPC"},"root_group":{"name":"","path":"","id":"d41d8cd98f00b204e9800998ecf8427e","groups":[],"checks":[{"name":"is status 201","path":"::is status 201","id":"d8b97380f72868aef5b0eadc0ce32c21","passes":59963,"fails":0}]},"options":{"summaryTrendStats":["min","med","avg","max","p(90)","p(95)","p(99)"],"summaryTimeUnit":"","noColor":false},"state":{"isStdOutTTY":true,"isStdErrTTY":true,"testRunDurationMs":60001.222592}}