{"root_group":{"id":"d41d8cd98f00b204e9800998ecf8427e","groups":[],"checks":[{"id":"d8b97380f72868aef5b0eadc0ce32c21","passes":43017,"fails":0,"name":"is status 201","path":"::is status 201"}],"name":"","path":""},"options":{"noColor":false,"summaryTrendStats":["min","med","avg","max","p(90)","p(95)","p(99)"],"summaryTimeUnit":""},"state":{"isStdErrTTY":true,"testRunDurationMs":60001.897972,"isStdOutTTY":true},"metrics":{"http_req_waiting":{"type":"trend","contains":"time","values":{"p(90)":1.551061,"p(95)":1.6734572,"p(99)":1.9013278399999993,"min":0.941003,"med":1.244484,"avg":1.2803074726503492,"max":39.946402}},"http_req_duration{expected_response:true}":{"contains":"time","values":{"min":0.969422,"med":1.276529,"avg":1.3139488920659315,"max":39.987652,"p(90)":1.5891962,"p(95)":1.7120279999999997,"p(99)":1.94538748},"type":"trend"},"http_req_failed":{"type":"rate","contains":"default","values":{"rate":0,"passes":0,"fails":43017}},"vus_max":{"type":"gauge","contains":"default","values":{"max":1,"value":1,"min":1}},"http_req_sending":{"type":"trend","contains":"time","values":{"p(90)":0.013428400000000002,"p(95)":0.014651,"p(99)":0.018315679999999994,"min":0.0067,"med":0.01109,"avg":0.010981311690726891,"max":1.900302}},"http_req_duration":{"type":"trend","contains":"time","values":{"min":0.969422,"med":1.276529,"avg":1.3139488920659315,"max":39.987652,"p(90)":1.5891962,"p(95)":1.7120279999999997,"p(99)":1.94538748}},"data_sent":{"contains":"data","values":{"count":9162621,"rate":152705.51948666282},"type":"counter"},"http_req_blocked":{"type":"trend","contains":"time","values":{"p(99)":0.003122679999999993,"min":0.001093,"med":0.001482,"avg":0.0015912441825324793,"max":0.153185,"p(90)":0.001908,"p(95)":0.002172}},"iterations":{"contains":"default","values":{"rate":716.9273215336282,"count":43017},"type":"counter"},"http_req_connecting":{"type":"trend","contains":"time","values":{"p(99)":0,"min":0,"med":0,"avg":0.00000230483297301067,"max":0.099147,"p(90)":0,"p(95)":0}},"data_received":{"values":{"count":17163783,"rate":286054.00129191764},"type":"counter","contains":"data"},"iteration_duration":{"type":"trend","contains":"time","values":{"p(95)":1.7926529999999994,"p(99)":2.03975656,"min":1.039957,"med":1.34882,"avg":1.3887964846688376,"max":40.079237,"p(90)":1.6719332}},"http_req_tls_handshaking":{"type":"trend","contains":"time","values":{"p(95)":0,"p(99)":0,"min":0,"med":0,"avg":0,"max":0,"p(90)":0}},"checks":{"values":{"rate":1,"passes":43017,"fails":0},"thresholds":{"rate>0.99":{"ok":true}},"type":"rate","contains":"default"},"http_reqs":{"type":"counter","contains":"default","values":{"rate":716.9273215336282,"count":43017}},"http_req_receiving":{"type":"trend","contains":"time","values":{"min":0.013809,"med":0.021015,"avg":0.022660107724852878,"max":0.238913,"p(90)":0.0283914,"p(95)":0.033868,"p(99)":0.04624027999999994}},"vus":{"type":"gauge","contains":"default","values":{"value":1,"min":1,"max":1}}},"metadata":{"type":"REST","testConfig":{"duration":"1m","executedAt":"2022-10-28T17:20:02.605Z","id":"8244654e-51ff-481d-bd43-bbc86715a505","name":"create-card","vus":1},"useDatabase":true}}