{"options":{"summaryTrendStats":["min","med","avg","max","p(90)","p(95)","p(99)"],"summaryTimeUnit":"","noColor":false},"state":{"testRunDurationMs":60015.56855,"isStdOutTTY":true,"isStdErrTTY":true},"metrics":{"http_req_waiting":{"type":"trend","contains":"time","values":{"p(90)":16.433957799999998,"p(95)":18.9336448,"p(99)":25.46285620000002,"min":1.680058,"med":10.54907,"avg":11.142005065386714,"max":140.107988}},"http_req_receiving":{"values":{"p(95)":0.043392,"p(99)":0.1573764400000004,"min":0.009355,"med":0.023859,"avg":0.030813909451862537,"max":11.099758,"p(90)":0.037706},"type":"trend","contains":"time"},"http_req_blocked":{"type":"trend","contains":"time","values":{"p(90)":0.002827,"p(95)":0.00329,"p(99)":0.005114,"min":0.000913,"med":0.002204,"avg":0.002956282115479738,"max":8.323564}},"http_req_failed":{"type":"rate","contains":"default","values":{"rate":0,"passes":0,"fails":265207}},"http_req_duration{expected_response:true}":{"type":"trend","contains":"time","values":{"min":1.738226,"med":10.591914,"avg":11.187570953017664,"max":140.307617,"p(90)":16.486534199999998,"p(95)":18.9903679,"p(99)":25.55410746}},"http_req_duration":{"type":"trend","contains":"time","values":{"med":10.591914,"avg":11.187570953017664,"max":140.307617,"p(90)":16.486534199999998,"p(95)":18.9903679,"p(99)":25.55410746,"min":1.738226}},"data_sent":{"type":"counter","contains":"data","values":{"count":56489091,"rate":941240.6208055493}},"iteration_duration":{"contains":"time","values":{"min":1.8365,"med":10.703453,"avg":11.302345418891711,"max":142.672076,"p(90)":16.611299,"p(95)":19.114862,"p(99)":25.671808000000006},"type":"trend"},"checks":{"contains":"default","values":{"rate":1,"passes":265207,"fails":0},"thresholds":{"rate>0.99":{"ok":true}},"type":"rate"},"http_req_tls_handshaking":{"values":{"p(90)":0,"p(95)":0,"p(99)":0,"min":0,"med":0,"avg":0,"max":0},"type":"trend","contains":"time"},"vus":{"type":"gauge","contains":"default","values":{"value":50,"min":50,"max":50}},"http_reqs":{"type":"counter","contains":"default","values":{"count":265207,"rate":4418.970050730279}},"http_req_connecting":{"contains":"time","values":{"med":0,"avg":0.0004591562666143804,"max":3.698385,"p(90)":0,"p(95)":0,"p(99)":0,"min":0},"type":"trend"},"data_received":{"type":"counter","contains":"data","values":{"count":105817593,"rate":1763169.0502413812}},"iterations":{"values":{"rate":4418.970050730279,"count":265207},"type":"counter","contains":"default"},"http_req_sending":{"values":{"min":0.005487,"med":0.012928,"avg":0.014751978179309032,"max":11.608283,"p(90)":0.017545,"p(95)":0.020174699999999983,"p(99)":0.028209940000000003},"type":"trend","contains":"time"},"vus_max":{"type":"gauge","contains":"default","values":{"value":50,"min":50,"max":50}}},"metadata":{"type":"REST","testConfig":{"vus":50,"duration":"1m","executedAt":"2022-10-28T17:24:01.053Z","id":"14db1832-359c-4226-a0e5-59ee9399888a","name":"create-card"},"useDatabase":true},"root_group":{"groups":[],"checks":[{"name":"is status 201","path":"::is status 201","id":"d8b97380f72868aef5b0eadc0ce32c21","passes":265207,"fails":0}],"name":"","path":"","id":"d41d8cd98f00b204e9800998ecf8427e"}}