{"metrics":{"checks":{"type":"rate","contains":"default","values":{"passes":298914,"fails":0,"rate":1},"thresholds":{"rate>0.99":{"ok":true}}},"http_req_failed":{"contains":"default","values":{"fails":298914,"rate":0,"passes":0},"type":"rate"},"data_received":{"type":"counter","contains":"data","values":{"count":118668858,"rate":1977744.7061304084}},"http_req_tls_handshaking":{"contains":"time","values":{"min":0,"med":0,"avg":0,"max":0,"p(90)":0,"p(95)":0,"p(99)":0},"type":"trend"},"data_sent":{"type":"counter","contains":"data","values":{"count":63668682,"rate":1061107.3612236197}},"http_req_duration":{"type":"trend","contains":"time","values":{"avg":1.9054956083522037,"max":445.633741,"p(90)":2.023054,"p(95)":2.3768443499999994,"p(99)":19.146836529999995,"min":0.72458,"med":1.44411}},"http_req_connecting":{"values":{"med":0,"avg":0.00000321869500926688,"max":0.267011,"p(90)":0,"p(95)":0,"p(99)":0,"min":0},"type":"trend","contains":"time"},"vus":{"contains":"default","values":{"max":10,"value":10,"min":10},"type":"gauge"},"http_req_sending":{"type":"trend","contains":"time","values":{"p(90)":0.016448,"p(95)":0.018228349999999977,"p(99)":0.02301073999999999,"min":0.005552,"med":0.011271,"avg":0.012394327097426125,"max":5.588606}},"http_reqs":{"values":{"count":298914,"rate":4981.724700580374},"type":"counter","contains":"default"},"http_req_waiting":{"values":{"p(95)":2.3382963499999985,"p(99)":19.11234572999999,"min":0.702226,"med":1.409329,"avg":1.8698798838495274,"max":445.604501,"p(90)":1.9878267000000005},"type":"trend","contains":"time"},"http_req_receiving":{"type":"trend","contains":"time","values":{"med":0.021212,"avg":0.02322139740527363,"max":4.988079,"p(90)":0.030194,"p(95)":0.033728349999999976,"p(99)":0.04421308999999997,"min":0.008524}},"iteration_duration":{"type":"trend","contains":"time","values":{"p(99)":19.23581871,"min":0.797861,"med":1.5373535,"avg":1.9996577908093611,"max":445.717927,"p(90)":2.1147104,"p(95)":2.4796184999999986}},"http_req_blocked":{"type":"trend","contains":"time","values":{"p(90)":0.002407,"p(95)":0.0028683499999999766,"p(99)":0.003973,"min":0.000854,"med":0.001863,"avg":0.001998060539151847,"max":1.223559}},"http_req_duration{expected_response:true}":{"type":"trend","contains":"time","values":{"max":445.633741,"p(90)":2.023054,"p(95)":2.3768443499999994,"p(99)":19.146836529999995,"min":0.72458,"med":1.44411,"avg":1.9054956083522037}},"iterations":{"type":"counter","contains":"default","values":{"count":298914,"rate":4981.724700580374}},"vus_max":{"type":"gauge","contains":"default","values":{"value":10,"min":10,"max":10}}},"metadata":{"type":"GRPC","testConfig":{"id":"dfce9f52-4c55-4845-bbc2-5ec8279ccf6e","name":"create-card","vus":10,"duration":"1m","executedAt":"2022-10-28T17:28:00.946Z"},"useDatabase":true},"root_group":{"checks":[{"name":"is status 201","path":"::is status 201","id":"d8b97380f72868aef5b0eadc0ce32c21","passes":298914,"fails":0}],"name":"","path":"","id":"d41d8cd98f00b204e9800998ecf8427e","groups":[]},"options":{"noColor":false,"summaryTrendStats":["min","med","avg","max","p(90)","p(95)","p(99)"],"summaryTimeUnit":""},"state":{"isStdOutTTY":true,"isStdErrTTY":true,"testRunDurationMs":60002.11131}}