{"metrics":{"iteration_duration":{"type":"trend","contains":"time","values":{"p(95)":27.821141750000002,"p(99)":34.20570295999998,"min":2.103748,"med":16.325170999999997,"avg":17.14416312614754,"max":191.702463,"p(90)":24.87029640000002}},"http_req_failed":{"type":"rate","contains":"default","values":{"rate":0,"passes":0,"fails":349772}},"http_req_blocked":{"type":"trend","contains":"time","values":{"p(90)":0.002869,"p(95)":0.003248,"p(99)":0.0047525799999999585,"min":0.000893,"med":0.00202,"avg":0.0038866990611024555,"max":48.842461}},"http_req_duration{expected_response:true}":{"type":"trend","contains":"time","values":{"max":189.806664,"p(90)":24.725180500000004,"p(95)":27.667614300000007,"p(99)":34.0320062,"min":1.787343,"med":16.201956000000003,"avg":17.015632571518346}},"checks":{"type":"rate","contains":"default","values":{"rate":1,"passes":349771,"fails":0},"thresholds":{"rate>0.99":{"ok":true}}},"iterations":{"type":"counter","contains":"default","values":{"count":349771,"rate":5827.446114650939}},"vus":{"type":"gauge","contains":"default","values":{"value":100,"min":100,"max":100}},"data_sent":{"values":{"count":134662048,"rate":2243570.302879708},"type":"counter","contains":"data"},"http_req_tls_handshaking":{"type":"trend","contains":"time","values":{"med":0,"avg":0,"max":0,"p(90)":0,"p(95)":0,"p(99)":0,"min":0}},"http_req_receiving":{"type":"trend","contains":"time","values":{"p(95)":0.04710435000000004,"p(99)":0.2283950399999984,"min":0.011499,"med":0.022358,"avg":0.0413640692079413,"max":21.807733,"p(90)":0.03703}},"http_reqs":{"type":"counter","contains":"default","values":{"count":349772,"rate":5827.46277539787}},"http_req_waiting":{"type":"trend","contains":"time","values":{"max":189.485537,"p(90)":24.651469200000008,"p(95)":27.55929645,"p(99)":33.82836549999993,"min":1.607177,"med":16.155141,"avg":16.95896963965667}},"http_req_duration":{"type":"trend","contains":"time","values":{"min":1.787343,"med":16.201956000000003,"avg":17.015632571518346,"max":189.806664,"p(90)":24.725180500000004,"p(95)":27.667614300000007,"p(99)":34.0320062}},"vus_max":{"contains":"default","values":{"max":100,"value":100,"min":100},"type":"gauge"},"http_req_sending":{"type":"trend","contains":"time","values":{"p(95)":0.019425,"p(99)":0.06497268999999872,"min":0.005919,"med":0.011852,"avg":0.015298862653385344,"max":18.864814,"p(90)":0.016714}},"http_req_connecting":{"values":{"med":0,"avg":0.001332011736216735,"max":46.961794,"p(90)":0,"p(95)":0,"p(99)":0,"min":0},"type":"trend","contains":"time"},"data_received":{"type":"counter","contains":"data","values":{"count":121720705,"rate":2027957.8622150584}}},"setup_data":{"card":{"expiration_year":2027,"is_credit":true,"is_debit":true,"token":"645d4c05de1c4f3ca377f66fc04e9ded57768b42652f4cd38278a039b9e240f7","active":true,"cardholder_name":"Vinicius Barbosa","expiration_month":10,"id":"3b2b7858-3c02-4eb3-8ce5-7b3555f8322a","masked_number":"3850******9044"}},"metadata":{"type":"GRPC","testConfig":{"id":"240a7dee-fed8-4fa0-b279-a79cdad6331d","name":"create-card-payment","vus":100,"duration":"1m","executedAt":"2022-10-31T19:23:48.266Z"},"useDatabase":false},"root_group":{"name":"","path":"","id":"d41d8cd98f00b204e9800998ecf8427e","groups":[{"name":"setup","path":"::setup","id":"5c0f8025f7e0b6654089e5b00e950f1a","groups":[],"checks":[]}],"checks":[{"name":"is status 201","path":"::is status 201","id":"d8b97380f72868aef5b0eadc0ce32c21","passes":349771,"fails":0}]},"options":{"summaryTrendStats":["min","med","avg","max","p(90)","p(95)","p(99)"],"summaryTimeUnit":"","noColor":false},"state":{"isStdErrTTY":true,"testRunDurationMs":60021.318622,"isStdOutTTY":true}}