{"metrics":{"http_req_duration{expected_response:true}":{"type":"trend","contains":"time","values":{"p(95)":14.864602750000001,"p(99)":18.331107479999993,"min":1.139981,"med":8.657350000000001,"avg":9.129169314278581,"max":98.481329,"p(90)":13.248807200000003}},"http_req_receiving":{"values":{"min":0.01062,"med":0.023458,"avg":0.033796020637782705,"max":14.361641,"p(90)":0.038924,"p(95)":0.046938,"p(99)":0.1960098999999998},"type":"trend","contains":"time"},"http_req_connecting":{"type":"trend","contains":"time","values":{"min":0,"med":0,"avg":0.0000296672389091987,"max":1.710251,"p(90)":0,"p(95)":0,"p(99)":0}},"http_req_failed":{"type":"rate","contains":"default","values":{"rate":0,"passes":0,"fails":323872}},"iteration_duration":{"type":"trend","contains":"time","values":{"med":8.778688500000001,"avg":9.254901654233539,"max":98.681922,"p(90)":13.383479500000004,"p(95)":15.0117823,"p(99)":18.52625694999999,"min":1.262394}},"http_req_duration":{"values":{"p(90)":13.248807200000003,"p(95)":14.864602750000001,"p(99)":18.331107479999993,"min":1.139981,"med":8.657350000000001,"avg":9.129169314278581,"max":98.481329},"type":"trend","contains":"time"},"http_req_blocked":{"type":"trend","contains":"time","values":{"avg":0.0024131614372345455,"max":4.331471,"p(90)":0.00289,"p(95)":0.00324,"p(99)":0.0046492899999999796,"min":0.000971,"med":0.002103}},"checks":{"thresholds":{"rate>0.99":{"ok":true}},"type":"rate","contains":"default","values":{"rate":1,"passes":323871,"fails":0}},"http_reqs":{"type":"counter","contains":"default","values":{"count":323872,"rate":5396.5762873531085}},"data_sent":{"type":"counter","contains":"data","values":{"count":124690548,"rate":2077679.004649567}},"vus":{"type":"gauge","contains":"default","values":{"value":50,"min":50,"max":50}},"data_received":{"values":{"count":112707507,"rate":1878009.3977956863},"type":"counter","contains":"data"},"http_req_sending":{"type":"trend","contains":"time","values":{"p(99)":0.03363176999999973,"min":0.0056,"med":0.012297,"avg":0.015008635164509064,"max":11.558799,"p(90)":0.016801,"p(95)":0.019260450000000012}},"http_req_waiting":{"type":"trend","contains":"time","values":{"p(90)":13.192883700000003,"p(95)":14.7944163,"p(99)":18.22612330999998,"min":1.102605,"med":8.6140825,"avg":9.080364658476203,"max":98.431205}},"vus_max":{"type":"gauge","contains":"default","values":{"value":50,"min":50,"max":50}},"iterations":{"type":"counter","contains":"default","values":{"count":323871,"rate":5396.559624670668}},"http_req_tls_handshaking":{"type":"trend","contains":"time","values":{"p(95)":0,"p(99)":0,"min":0,"med":0,"avg":0,"max":0,"p(90)":0}}},"setup_data":{"card":{"is_debit":true,"masked_number":"6011********1260","active":true,"cardholder_name":"Vinicius Barbosa","is_credit":true,"token":"4d28417deb664c098d18a83f59a79984db643df2969b426f8c81fd1e88ca175c","expiration_month":10,"expiration_year":2027,"id":"39ea29b3-9ea2-47b7-872a-1ade883a1df5"}},"metadata":{"type":"GRPC","testConfig":{"id":"c4e77cc4-0103-4abc-ac9e-da0f78901f4e","name":"create-card-payment","vus":50,"duration":"1m","executedAt":"2022-10-31T19:22:29.025Z"},"useDatabase":false},"root_group":{"id":"d41d8cd98f00b204e9800998ecf8427e","groups":[{"checks":[],"name":"setup","path":"::setup","id":"5c0f8025f7e0b6654089e5b00e950f1a","groups":[]}],"checks":[{"fails":0,"name":"is status 201","path":"::is status 201","id":"d8b97380f72868aef5b0eadc0ce32c21","passes":323871}],"name":"","path":""},"options":{"summaryTimeUnit":"","noColor":false,"summaryTrendStats":["min","med","avg","max","p(90)","p(95)","p(99)"]},"state":{"isStdOutTTY":true,"isStdErrTTY":true,"testRunDurationMs":60014.346644}}