{"state":{"isStdOutTTY":true,"isStdErrTTY":true,"testRunDurationMs":60005.238986},"metrics":{"http_req_duration":{"type":"trend","contains":"time","values":{"min":0.972042,"med":2.308937,"avg":2.5430718419879335,"max":34.469782,"p(90)":3.6468988,"p(95)":4.270327199999999,"p(99)":5.91864808}},"iteration_duration":{"contains":"time","values":{"min":1.064513,"med":2.43186,"avg":2.669976447467042,"max":34.708879,"p(90)":3.7782162,"p(95)":4.4074067999999995,"p(99)":6.10698924},"type":"trend"},"http_req_failed":{"type":"rate","contains":"default","values":{"rate":0,"passes":0,"fails":223945}},"data_sent":{"type":"counter","contains":"data","values":{"count":86218653,"rate":1436852.0892003435}},"checks":{"thresholds":{"rate>0.99":{"ok":true}},"type":"rate","contains":"default","values":{"rate":1,"passes":223944,"fails":0}},"http_req_waiting":{"type":"trend","contains":"time","values":{"min":0.928112,"med":2.261913,"avg":2.4936780005179884,"max":34.383392,"p(90)":3.595086,"p(95)":4.2154874,"p(99)":5.83308296}},"iterations":{"values":{"count":223944,"rate":3732.074128598155},"type":"counter","contains":"default"},"vus":{"type":"gauge","contains":"default","values":{"value":10,"min":10,"max":10}},"data_received":{"type":"counter","contains":"data","values":{"count":77932911,"rate":1298768.4461715543}},"http_reqs":{"contains":"default","values":{"count":223945,"rate":3732.090793809675},"type":"counter"},"http_req_duration{expected_response:true}":{"type":"trend","contains":"time","values":{"med":2.308937,"avg":2.5430718419879335,"max":34.469782,"p(90)":3.6468988,"p(95)":4.270327199999999,"p(99)":5.91864808,"min":0.972042}},"vus_max":{"contains":"default","values":{"value":10,"min":10,"max":10},"type":"gauge"},"http_req_tls_handshaking":{"values":{"p(99)":0,"min":0,"med":0,"avg":0,"max":0,"p(90)":0,"p(95)":0},"type":"trend","contains":"time"},"http_req_receiving":{"type":"trend","contains":"time","values":{"max":9.034959,"p(90)":0.044336600000000004,"p(95)":0.04936759999999998,"p(99)":0.06661856,"min":0.014281,"med":0.030134,"avg":0.033883950697715784}},"http_req_connecting":{"type":"trend","contains":"time","values":{"p(90)":0,"p(95)":0,"p(99)":0,"min":0,"med":0,"avg":0.000005933956998370133,"max":0.635392}},"http_req_sending":{"type":"trend","contains":"time","values":{"max":7.362203,"p(90)":0.019775,"p(95)":0.021832,"p(99)":0.026965559999999996,"min":0.006967,"med":0.013559,"avg":0.015509890772287455}},"http_req_blocked":{"type":"trend","contains":"time","values":{"med":0.002332,"avg":0.0025019051240259336,"max":1.917225,"p(90)":0.002964,"p(95)":0.003396,"p(99)":0.004741,"min":0.001084}}},"setup_data":{"card":{"expiration_month":10,"expiration_year":2027,"id":"4ab94fce-3e20-4cce-8639-cc087ccec311","is_credit":true,"is_debit":true,"token":"184ce667145349999c9e88752790db342511a17e78bb483b95eb462c1f86233a","active":true,"cardholder_name":"Vinicius Barbosa","masked_number":"4556********9653"}},"metadata":{"type":"GRPC","testConfig":{"vus":10,"duration":"1m","executedAt":"2022-10-31T19:19:50.743Z","id":"8ad8795d-8995-4bc5-b526-1914eddaf994","name":"create-card-payment"},"useDatabase":false},"root_group":{"groups":[{"path":"::setup","id":"5c0f8025f7e0b6654089e5b00e950f1a","groups":[],"checks":[],"name":"setup"}],"checks":[{"fails":0,"name":"is status 201","path":"::is status 201","id":"d8b97380f72868aef5b0eadc0ce32c21","passes":223944}],"name":"","path":"","id":"d41d8cd98f00b204e9800998ecf8427e"},"options":{"summaryTrendStats":["min","med","avg","max","p(90)","p(95)","p(99)"],"summaryTimeUnit":"","noColor":false}}