{"options":{"summaryTrendStats":["min","med","avg","max","p(90)","p(95)","p(99)"],"summaryTimeUnit":"","noColor":false},"state":{"isStdOutTTY":true,"isStdErrTTY":true,"testRunDurationMs":60010.826537},"metrics":{"http_req_waiting":{"type":"trend","contains":"time","values":{"p(90)":30.3820045,"p(95)":33.963643000000005,"p(99)":41.42004985,"min":2.408748,"med":19.5748365,"avg":20.476807940359752,"max":157.062205}},"iterations":{"type":"counter","contains":"default","values":{"count":144985,"rate":2415.980721588774}},"vus":{"contains":"default","values":{"value":50,"min":50,"max":50},"type":"gauge"},"checks":{"contains":"default","values":{"rate":1,"passes":144985,"fails":0},"thresholds":{"rate>0.99":{"ok":true}},"type":"rate"},"data_received":{"type":"counter","contains":"data","values":{"count":50455179,"rate":840767.9399131687}},"http_req_tls_handshaking":{"type":"trend","contains":"time","values":{"p(99)":0,"min":0,"med":0,"avg":0,"max":0,"p(90)":0,"p(95)":0}},"http_req_duration{expected_response:true}":{"type":"trend","contains":"time","values":{"max":157.210452,"p(90)":30.4437145,"p(95)":34.03853,"p(99)":41.50415814999999,"min":2.520398,"med":19.632248500000003,"avg":20.53740220426109}},"http_req_sending":{"type":"trend","contains":"time","values":{"p(95)":0.02587575,"p(99)":0.04376929999999999,"min":0.006874,"med":0.01413,"avg":0.01848411025202442,"max":16.519785,"p(90)":0.021867}},"iteration_duration":{"type":"trend","contains":"time","values":{"p(99)":41.66556959999998,"min":2.837013,"med":19.7754435,"avg":20.68204272514617,"max":158.111557,"p(90)":30.590967499999998,"p(95)":34.189150749999996}},"http_req_failed":{"type":"rate","contains":"default","values":{"passes":0,"fails":144986,"rate":0}},"vus_max":{"type":"gauge","contains":"default","values":{"value":50,"min":50,"max":50}},"http_req_duration":{"type":"trend","contains":"time","values":{"p(95)":34.03853,"p(99)":41.50415814999999,"min":2.520398,"med":19.632248500000003,"avg":20.53740220426109,"max":157.210452,"p(90)":30.4437145}},"data_sent":{"type":"counter","contains":"data","values":{"count":55819438,"rate":930156.1271712234}},"http_req_receiving":{"values":{"p(95)":0.06490974999999999,"p(99)":0.24026269999999922,"min":0.012502,"med":0.028946,"avg":0.042110153649316535,"max":17.47763,"p(90)":0.053709},"type":"trend","contains":"time"},"http_req_blocked":{"type":"trend","contains":"time","values":{"avg":0.003071080587091174,"max":9.159966,"p(90)":0.003349,"p(95)":0.003806,"p(99)":0.00641179999999993,"min":0.001029,"med":0.002414}},"http_req_connecting":{"type":"trend","contains":"time","values":{"p(90)":0,"p(95)":0,"p(99)":0,"min":0,"med":0,"avg":0.0002788283006635123,"max":1.67672}},"http_reqs":{"contains":"default","values":{"count":144986,"rate":2415.997385248612},"type":"counter"}},"setup_data":{"card":{"cardholder_name":"Vinicius Barbosa","is_credit":true,"is_debit":true,"token":"026eb6de495d49398bb0a0450b52e03a77f08ed320f645acbe518ef29560754c","active":true,"expiration_month":10,"expiration_year":2027,"id":"3003cd1a-21bd-4b46-b0fc-53fd5f5083a5","masked_number":"6011********8276"}},"metadata":{"type":"REST","testConfig":{"duration":"1m","executedAt":"2022-10-31T17:49:02.711Z","id":"c4e77cc4-0103-4abc-ac9e-da0f78901f4e","name":"create-card-payment","vus":50},"useDatabase":false},"root_group":{"name":"","path":"","id":"d41d8cd98f00b204e9800998ecf8427e","groups":[{"name":"setup","path":"::setup","id":"5c0f8025f7e0b6654089e5b00e950f1a","groups":[],"checks":[]}],"checks":[{"id":"d8b97380f72868aef5b0eadc0ce32c21","passes":144985,"fails":0,"name":"is status 201","path":"::is status 201"}]}}