{"options":{"summaryTrendStats":["min","med","avg","max","p(90)","p(95)","p(99)"],"summaryTimeUnit":"","noColor":false},"state":{"isStdOutTTY":true,"isStdErrTTY":true,"testRunDurationMs":60005.58584},"metrics":{"iteration_duration":{"type":"trend","contains":"time","values":{"med":4.426145,"avg":4.694017145213797,"max":41.346723,"p(90)":6.4482956,"p(95)":7.237525599999997,"p(99)":9.099080720000002,"min":1.774492}},"http_req_blocked":{"contains":"time","values":{"min":0.001183,"med":0.002532,"avg":0.0027629346024477604,"max":2.638857,"p(90)":0.003335,"p(95)":0.00379,"p(99)":0.005026},"type":"trend"},"checks":{"values":{"rate":1,"passes":127542,"fails":0},"thresholds":{"rate>0.99":{"ok":true}},"type":"rate","contains":"default"},"http_req_duration":{"type":"trend","contains":"time","values":{"p(90)":6.3075772,"p(95)":7.084591699999999,"p(99)":8.905786260000001,"min":1.518473,"med":4.291499,"avg":4.55492025736417,"max":40.997108}},"http_req_duration{expected_response:true}":{"type":"trend","contains":"time","values":{"max":40.997108,"p(90)":6.3075772,"p(95)":7.084591699999999,"p(99)":8.905786260000001,"min":1.518473,"med":4.291499,"avg":4.55492025736417}},"http_req_sending":{"type":"trend","contains":"time","values":{"med":0.015231,"avg":0.01748677731431739,"max":7.916871,"p(90)":0.022299,"p(95)":0.024604899999999992,"p(99)":0.03010806000000001,"min":0.007719}},"vus":{"values":{"value":10,"min":10,"max":10},"type":"gauge","contains":"default"},"http_req_receiving":{"type":"trend","contains":"time","values":{"p(90)":0.0549198,"p(95)":0.061561,"p(99)":0.08197148000000001,"min":0.015189,"med":0.036106,"avg":0.04019499375896739,"max":7.538649}},"vus_max":{"type":"gauge","contains":"default","values":{"value":10,"min":10,"max":10}},"http_reqs":{"type":"counter","contains":"default","values":{"count":127543,"rate":2125.51878653569}},"http_req_waiting":{"values":{"min":1.428533,"med":4.236256,"avg":4.497238486290916,"max":40.497878,"p(90)":6.2470828,"p(95)":7.0199277,"p(99)":8.81009964},"type":"trend","contains":"time"},"iterations":{"contains":"default","values":{"count":127542,"rate":2125.502121420501},"type":"counter"},"http_req_failed":{"type":"rate","contains":"default","values":{"rate":0,"passes":0,"fails":127543}},"http_req_tls_handshaking":{"type":"trend","contains":"time","values":{"max":0,"p(90)":0,"p(95)":0,"p(99)":0,"min":0,"med":0,"avg":0}},"data_sent":{"type":"counter","contains":"data","values":{"count":49103883,"rate":818321.8664164282}},"data_received":{"type":"counter","contains":"data","values":{"count":44385015,"rate":739681.3876352948}},"http_req_connecting":{"type":"trend","contains":"time","values":{"p(90)":0,"p(95)":0,"p(99)":0,"min":0,"med":0,"avg":0.000017486698603608195,"max":0.656014}}},"setup_data":{"card":{"expiration_year":2027,"is_debit":true,"masked_number":"4556********2312","token":"c8eedeabb68d4fa08ab43a62838ff86667b20ac6c9ed44079c741fd26288d26b","is_credit":true,"active":true,"cardholder_name":"Vinicius Barbosa","expiration_month":10,"id":"40229b6f-08d1-4034-b622-d9864722fb2d"}},"metadata":{"useDatabase":false,"type":"REST","testConfig":{"executedAt":"2022-10-31T17:46:19.408Z","id":"8ad8795d-8995-4bc5-b526-1914eddaf994","name":"create-card-payment","vus":10,"duration":"1m"}},"root_group":{"id":"d41d8cd98f00b204e9800998ecf8427e","groups":[{"path":"::setup","id":"5c0f8025f7e0b6654089e5b00e950f1a","groups":[],"checks":[],"name":"setup"}],"checks":[{"name":"is status 201","path":"::is status 201","id":"d8b97380f72868aef5b0eadc0ce32c21","passes":127542,"fails":0}],"name":"","path":""}}