{"state":{"testRunDurationMs":60011.176416,"isStdOutTTY":true,"isStdErrTTY":true},"metrics":{"http_req_failed":{"values":{"passes":0,"fails":319329,"rate":0},"type":"rate","contains":"default"},"http_reqs":{"type":"counter","contains":"default","values":{"count":319329,"rate":5321.158808592552}},"data_sent":{"type":"counter","contains":"data","values":{"count":122941493,"rate":2048643.2751753507}},"vus_max":{"type":"gauge","contains":"default","values":{"value":50,"min":50,"max":50}},"http_req_duration{expected_response:true}":{"type":"trend","contains":"time","values":{"p(90)":13.4152178,"p(95)":15.131807799999997,"p(99)":18.830344439999994,"min":1.486041,"med":8.783745,"avg":9.258364122397454,"max":100.72527}},"http_req_connecting":{"type":"trend","contains":"time","values":{"p(95)":0,"p(99)":0,"min":0,"med":0,"avg":0.0002532757344306342,"max":2.524872,"p(90)":0}},"http_req_receiving":{"type":"trend","contains":"time","values":{"p(99)":0.19979643999999994,"min":0.012043,"med":0.023927,"avg":0.03539665174788376,"max":11.460635,"p(90)":0.03947820000000001,"p(95)":0.047324}},"data_received":{"values":{"count":111126543,"rate":1851764.115231905},"type":"counter","contains":"data"},"http_req_duration":{"type":"trend","contains":"time","values":{"p(95)":15.131807799999997,"p(99)":18.830344439999994,"min":1.486041,"med":8.783745,"avg":9.258364122397454,"max":100.72527,"p(90)":13.4152178}},"http_req_blocked":{"type":"trend","contains":"time","values":{"min":0.000999,"med":0.002139,"avg":0.0026641689605391887,"max":6.425849,"p(90)":0.002938,"p(95)":0.003283,"p(99)":0.004750719999999972}},"http_req_sending":{"type":"trend","contains":"time","values":{"avg":0.014922475199558883,"max":14.76232,"p(90)":0.01701520000000001,"p(95)":0.019381599999999975,"p(99)":0.03033431999999983,"min":0.006253,"med":0.012478}},"http_req_tls_handshaking":{"contains":"time","values":{"p(99)":0,"min":0,"med":0,"avg":0,"max":0,"p(90)":0,"p(95)":0},"type":"trend"},"vus":{"type":"gauge","contains":"default","values":{"value":50,"min":50,"max":50}},"iteration_duration":{"type":"trend","contains":"time","values":{"p(99)":19.03327631999998,"min":1.609263,"med":8.906763,"avg":9.386119040144017,"max":101.758802,"p(90)":13.549996000000002,"p(95)":15.280395999999998}},"iterations":{"type":"counter","contains":"default","values":{"count":319328,"rate":5321.142145029867}},"checks":{"type":"rate","contains":"default","values":{"rate":1,"passes":319328,"fails":0},"thresholds":{"rate>0.99":{"ok":true}}},"http_req_waiting":{"type":"trend","contains":"time","values":{"min":1.322993,"med":8.740973,"avg":9.20804499544968,"max":100.537104,"p(90)":13.3544774,"p(95)":15.060013999999999,"p(99)":18.687212159999987}}},"setup_data":{"card":{"active":true,"cardholder_name":"Vinicius Barbosa","is_debit":true,"expiration_month":10,"expiration_year":2027,"id":"6bba00c4-19be-4c18-9542-f2ede1c70eef","is_credit":true,"masked_number":"3528********0561","token":"c3179948af8143cc8fc169c132845cf2b1dfe26a5d594ec4adff1bcc5fb0248c"}},"metadata":{"type":"GRPC","testConfig":{"id":"c4e77cc4-0103-4abc-ac9e-da0f78901f4e","name":"create-card-payment","vus":50,"duration":"1m","executedAt":"2022-10-31T17:55:43.201Z"},"useDatabase":false},"root_group":{"groups":[{"name":"setup","path":"::setup","id":"5c0f8025f7e0b6654089e5b00e950f1a","groups":[],"checks":[]}],"checks":[{"name":"is status 201","path":"::is status 201","id":"d8b97380f72868aef5b0eadc0ce32c21","passes":319328,"fails":0}],"name":"","path":"","id":"d41d8cd98f00b204e9800998ecf8427e"},"options":{"summaryTrendStats":["min","med","avg","max","p(90)","p(95)","p(99)"],"summaryTimeUnit":"","noColor":false}}