{"options":{"summaryTimeUnit":"","noColor":false,"summaryTrendStats":["min","med","avg","max","p(90)","p(95)","p(99)"]},"state":{"isStdErrTTY":true,"testRunDurationMs":60016.658745,"isStdOutTTY":true},"metrics":{"http_req_receiving":{"values":{"p(90)":0.03728,"p(95)":0.047442,"p(99)":0.22199863999999989,"min":0.012051,"med":0.022523,"avg":0.04206573014134211,"max":26.991337},"type":"trend","contains":"time"},"data_sent":{"type":"counter","contains":"data","values":{"count":133552093,"rate":2225250.385354487}},"checks":{"type":"rate","contains":"default","values":{"rate":1,"passes":346888,"fails":0},"thresholds":{"rate>0.99":{"ok":true}}},"http_req_waiting":{"type":"trend","contains":"time","values":{"p(95)":27.89714479999999,"p(99)":33.960313119999995,"min":2.176581,"med":16.29474,"avg":17.101860306363015,"max":121.644654,"p(90)":24.911638200000002}},"http_reqs":{"type":"counter","contains":"default","values":{"count":346889,"rate":5779.878574611576}},"vus_max":{"type":"gauge","contains":"default","values":{"min":100,"max":100,"value":100}},"http_req_duration{expected_response:true}":{"type":"trend","contains":"time","values":{"p(90)":24.9799234,"p(95)":28.0067192,"p(99)":34.18115124,"min":2.249262,"med":16.340733,"avg":17.159477463493634,"max":121.741142}},"http_req_tls_handshaking":{"type":"trend","contains":"time","values":{"med":0,"avg":0,"max":0,"p(90)":0,"p(95)":0,"p(99)":0,"min":0}},"http_req_failed":{"type":"rate","contains":"default","values":{"rate":0,"passes":0,"fails":346889}},"iterations":{"type":"counter","contains":"default","values":{"count":346888,"rate":5779.861912571055}},"http_req_duration":{"values":{"med":16.340733,"avg":17.159477463493634,"max":121.741142,"p(90)":24.9799234,"p(95)":28.0067192,"p(99)":34.18115124,"min":2.249262},"type":"trend","contains":"time"},"http_req_connecting":{"type":"trend","contains":"time","values":{"max":21.840597,"p(90)":0,"p(95)":0,"p(99)":0,"min":0,"med":0,"avg":0.00053768182905771}},"http_req_blocked":{"type":"trend","contains":"time","values":{"p(99)":0.004926,"min":0.001009,"med":0.002032,"avg":0.0028570178154973124,"max":21.878638,"p(90)":0.002887,"p(95)":0.0032785999999999766}},"iteration_duration":{"type":"trend","contains":"time","values":{"min":2.43925,"med":16.461818,"avg":17.287185154798724,"max":122.003199,"p(90)":25.1149878,"p(95)":28.160455399999996,"p(99)":34.37232736}},"data_received":{"type":"counter","contains":"data","values":{"count":120717423,"rate":2011398.593728895}},"vus":{"type":"gauge","contains":"default","values":{"min":100,"max":100,"value":100}},"http_req_sending":{"type":"trend","contains":"time","values":{"med":0.011949,"avg":0.01555142698961331,"max":23.336525,"p(90)":0.016944200000000013,"p(95)":0.01974,"p(99)":0.06967563999999977,"min":0.005996}}},"setup_data":{"card":{"active":true,"cardholder_name":"Vinicius Barbosa","expiration_month":10,"is_debit":true,"token":"53e1009f078b413e9db48faa6478c2294bdcfecf4ad84eb3b2dc6fb2ff9df091","expiration_year":2027,"id":"89648e37-f34b-44a1-8683-33d6570e6a70","is_credit":true,"masked_number":"6011********3341"}},"metadata":{"type":"GRPC","testConfig":{"id":"240a7dee-fed8-4fa0-b279-a79cdad6331d","name":"create-card-payment","vus":100,"duration":"1m","executedAt":"2022-10-31T17:57:02.400Z"},"useDatabase":false},"root_group":{"id":"d41d8cd98f00b204e9800998ecf8427e","groups":[{"name":"setup","path":"::setup","id":"5c0f8025f7e0b6654089e5b00e950f1a","groups":[],"checks":[]}],"checks":[{"name":"is status 201","path":"::is status 201","id":"d8b97380f72868aef5b0eadc0ce32c21","passes":346888,"fails":0}],"name":"","path":""}}