{"state":{"isStdErrTTY":true,"testRunDurationMs":60008.746422,"isStdOutTTY":true},"metrics":{"http_req_connecting":{"type":"trend","contains":"time","values":{"p(95)":0,"p(99)":0,"min":0,"med":0,"avg":0.000017658381118881113,"max":1.148286,"p(90)":0}},"vus_max":{"type":"gauge","contains":"default","values":{"max":25,"value":25,"min":25}},"vus":{"type":"gauge","contains":"default","values":{"value":25,"min":25,"max":25}},"http_req_duration":{"type":"trend","contains":"time","values":{"p(99)":10.712457820000003,"min":1.060707,"med":4.7662905,"avg":5.1058914658007755,"max":69.677633,"p(90)":7.437184700000001,"p(95)":8.438389149999997}},"data_sent":{"type":"counter","contains":"data","values":{"count":110109828,"rate":1834896.3203742625}},"http_req_tls_handshaking":{"type":"trend","contains":"time","values":{"avg":0,"max":0,"p(90)":0,"p(95)":0,"p(99)":0,"min":0,"med":0}},"data_received":{"type":"counter","contains":"data","values":{"count":99528051,"rate":1658559.0757068656}},"http_req_blocked":{"type":"trend","contains":"time","values":{"min":0.000908,"med":0.002273,"avg":0.002512178262237836,"max":4.605655,"p(90)":0.002944,"p(95)":0.003292,"p(99)":0.004837}},"checks":{"type":"rate","contains":"default","values":{"rate":1,"passes":285999,"fails":0},"thresholds":{"rate>0.99":{"ok":true}}},"http_req_sending":{"type":"trend","contains":"time","values":{"med":0.013206,"avg":0.015158968576923027,"max":9.640797,"p(90)":0.017303,"p(95)":0.019795,"p(99)":0.028981,"min":0.005916}},"http_req_receiving":{"values":{"min":0.01287,"med":0.026183,"avg":0.033625771986014644,"max":11.023022,"p(90)":0.041578,"p(95)":0.048066,"p(99)":0.1935374600000004},"type":"trend","contains":"time"},"iteration_duration":{"type":"trend","contains":"time","values":{"med":4.890438,"avg":5.235568574748345,"max":69.944413,"p(90)":7.5722386,"p(95)":8.584614499999999,"p(99)":10.910987500000012,"min":1.153718}},"http_req_waiting":{"type":"trend","contains":"time","values":{"p(95)":8.379705249999999,"p(99)":10.613607000000005,"min":1.012023,"med":4.7205365,"avg":5.057106725237777,"max":69.547235,"p(90)":7.3860014000000005}},"http_reqs":{"type":"counter","contains":"default","values":{"count":286000,"rate":4765.971913306767}},"http_req_duration{expected_response:true}":{"type":"trend","contains":"time","values":{"p(95)":8.438389149999997,"p(99)":10.712457820000003,"min":1.060707,"med":4.7662905,"avg":5.1058914658007755,"max":69.677633,"p(90)":7.437184700000001}},"http_req_failed":{"type":"rate","contains":"default","values":{"rate":0,"passes":0,"fails":286000}},"iterations":{"type":"counter","contains":"default","values":{"count":285999,"rate":4765.955249069309}}},"setup_data":{"card":{"active":true,"cardholder_name":"Vinicius Barbosa","id":"3ccd1b60-b827-4654-a903-f825e9cd20f6","expiration_month":10,"expiration_year":2027,"is_credit":true,"is_debit":true,"masked_number":"3568********0610","token":"d853d7d2187a4cf8b25a801c0d4062e954936dcb559b4eab978c73569035ea45"}},"metadata":{"type":"GRPC","testConfig":{"duration":"1m","executedAt":"2022-10-31T17:54:24.273Z","id":"43631c23-72c8-4ce4-ae7d-b50cbb5e56e7","name":"create-card-payment","vus":25},"useDatabase":false},"root_group":{"groups":[{"path":"::setup","id":"5c0f8025f7e0b6654089e5b00e950f1a","groups":[],"checks":[],"name":"setup"}],"checks":[{"name":"is status 201","path":"::is status 201","id":"d8b97380f72868aef5b0eadc0ce32c21","passes":285999,"fails":0}],"name":"","path":"","id":"d41d8cd98f00b204e9800998ecf8427e"},"options":{"summaryTrendStats":["min","med","avg","max","p(90)","p(95)","p(99)"],"summaryTimeUnit":"","noColor":false}}