{"root_group":{"name":"","path":"","id":"d41d8cd98f00b204e9800998ecf8427e","groups":[],"checks":[{"path":"::is status 201","id":"d8b97380f72868aef5b0eadc0ce32c21","passes":675882,"fails":0,"name":"is status 201"}]},"options":{"summaryTrendStats":["min","med","avg","max","p(90)","p(95)","p(99)"],"summaryTimeUnit":"","noColor":false},"state":{"isStdOutTTY":true,"isStdErrTTY":true,"testRunDurationMs":60005.440738},"metrics":{"http_req_tls_handshaking":{"type":"trend","contains":"time","values":{"avg":0,"max":0,"p(90)":0,"p(95)":0,"p(99)":0,"min":0,"med":0}},"http_req_receiving":{"type":"trend","contains":"time","values":{"min":0.009978,"med":0.018791,"avg":0.02641541402197463,"max":21.049841,"p(90)":0.031616,"p(95)":0.03734494999999995,"p(99)":0.15267931999999845}},"iteration_duration":{"type":"trend","contains":"time","values":{"max":226.23879,"p(90)":6.0065743,"p(95)":7.042240799999999,"p(99)":13.19513182999998,"min":1.369863,"med":3.9301814999999998,"avg":4.429222845184422}},"vus_max":{"type":"gauge","contains":"default","values":{"value":50,"min":50,"max":50}},"http_req_failed":{"type":"rate","contains":"default","values":{"rate":0,"passes":0,"fails":675882}},"data_received":{"type":"counter","contains":"data","values":{"count":269676918,"rate":4494207.769883442}},"http_reqs":{"type":"counter","contains":"default","values":{"count":675882,"rate":11263.678621261759}},"http_req_duration":{"values":{"avg":4.311136462490471,"max":226.15425,"p(90)":5.87854,"p(95)":6.897323299999997,"p(99)":12.957898809999898,"min":1.238281,"med":3.8182590000000003},"type":"trend","contains":"time"},"http_req_sending":{"contains":"time","values":{"min":0.006487,"med":0.011536,"avg":0.01607672312770621,"max":15.109427,"p(90)":0.021428,"p(95)":0.025145,"p(99)":0.07369775999999978},"type":"trend"},"http_req_connecting":{"contains":"time","values":{"min":0,"med":0,"avg":0.0003081702442142267,"max":6.008128,"p(90)":0,"p(95)":0,"p(99)":0},"type":"trend"},"http_req_duration{expected_response:true}":{"type":"trend","contains":"time","values":{"med":3.8182590000000003,"avg":4.311136462490471,"max":226.15425,"p(90)":5.87854,"p(95)":6.897323299999997,"p(99)":12.957898809999898,"min":1.238281}},"http_req_waiting":{"values":{"p(99)":12.836550499999953,"min":1.212453,"med":3.7801715,"avg":4.268644325340638,"max":226.127947,"p(90)":5.830410400000001,"p(95)":6.836339399999998},"type":"trend","contains":"time"},"data_sent":{"type":"counter","contains":"data","values":{"count":145990512,"rate":2432954.58219254}},"iterations":{"type":"counter","contains":"default","values":{"count":675882,"rate":11263.678621261759}},"checks":{"contains":"default","values":{"rate":1,"passes":675882,"fails":0},"thresholds":{"rate>0.99":{"ok":true}},"type":"rate"},"http_req_blocked":{"type":"trend","contains":"time","values":{"p(90)":0.002829,"p(95)":0.003689,"p(99)":0.012884189999999945,"min":0.001097,"med":0.002026,"avg":0.0029821089657655546,"max":15.624775}},"vus":{"type":"gauge","contains":"default","values":{"value":50,"min":50,"max":50}}},"metadata":{"type":"GRPC","testConfig":{"duration":"1m","executedAt":"2022-10-26T06:12:20.098Z","id":"14db1832-359c-4226-a0e5-59ee9399888a","name":"create-card","vus":50}}}