{"state":{"isStdOutTTY":true,"isStdErrTTY":true,"testRunDurationMs":60007.459044},"metrics":{"iterations":{"type":"counter","contains":"default","values":{"count":465681,"rate":7760.385249082836}},"http_req_duration{expected_response:true}":{"values":{"p(90)":9.336324,"p(95)":10.913352,"p(99)":16.94976020000002,"min":1.4961,"med":5.629029,"avg":6.306968918680373,"max":446.746846},"type":"trend","contains":"time"},"data_sent":{"type":"counter","contains":"data","values":{"count":100587096,"rate":1676243.2138018925}},"vus_max":{"type":"gauge","contains":"default","values":{"value":50,"min":50,"max":50}},"checks":{"thresholds":{"rate>0.99":{"ok":true}},"type":"rate","contains":"default","values":{"rate":1,"passes":465681,"fails":0}},"http_reqs":{"contains":"default","values":{"count":465681,"rate":7760.385249082836},"type":"counter"},"iteration_duration":{"type":"trend","contains":"time","values":{"avg":6.432916677831031,"max":446.837167,"p(90)":9.458265,"p(95)":11.03985,"p(99)":17.176870200000007,"min":1.598134,"med":5.744131}},"http_req_duration":{"type":"trend","contains":"time","values":{"min":1.4961,"med":5.629029,"avg":6.306968918680373,"max":446.746846,"p(90)":9.336324,"p(95)":10.913352,"p(99)":16.94976020000002}},"vus":{"type":"gauge","contains":"default","values":{"max":50,"value":50,"min":50}},"http_req_blocked":{"type":"trend","contains":"time","values":{"p(99)":0.012689,"min":0.001103,"med":0.002036,"avg":0.011274016255764178,"max":83.812646,"p(90)":0.002841,"p(95)":0.003664}},"http_req_waiting":{"type":"trend","contains":"time","values":{"avg":6.264124266729897,"max":446.69311,"p(90)":9.28686,"p(95)":10.862822,"p(99)":16.83099420000003,"min":1.463313,"med":5.58803}},"http_req_receiving":{"type":"trend","contains":"time","values":{"max":15.847376,"p(90)":0.032802,"p(95)":0.039606,"p(99)":0.16037000000000012,"min":0.009404,"med":0.019448,"avg":0.02677958246310236}},"http_req_failed":{"type":"rate","contains":"default","values":{"rate":0,"passes":0,"fails":465681}},"http_req_connecting":{"values":{"avg":0.008731773112924942,"max":83.741148,"p(90)":0,"p(95)":0,"p(99)":0,"min":0,"med":0},"type":"trend","contains":"time"},"http_req_tls_handshaking":{"values":{"avg":0,"max":0,"p(90)":0,"p(95)":0,"p(99)":0,"min":0,"med":0},"type":"trend","contains":"time"},"http_req_sending":{"type":"trend","contains":"time","values":{"avg":0.016065069487481494,"max":15.588771,"p(90)":0.021135,"p(95)":0.025318,"p(99)":0.08572200000000012,"min":0.006594,"med":0.011862}},"data_received":{"values":{"rate":3096393.7143840515,"count":185806719},"type":"counter","contains":"data"}},"metadata":{"type":"REST","testConfig":{"duration":"1m","executedAt":"2022-10-26T06:18:28.234Z","id":"14db1832-359c-4226-a0e5-59ee9399888a","name":"create-card","vus":50}},"root_group":{"id":"d41d8cd98f00b204e9800998ecf8427e","groups":[],"checks":[{"id":"d8b97380f72868aef5b0eadc0ce32c21","passes":465681,"fails":0,"name":"is status 201","path":"::is status 201"}],"name":"","path":""},"options":{"noColor":false,"summaryTrendStats":["min","med","avg","max","p(90)","p(95)","p(99)"],"summaryTimeUnit":""}}