{"options":{"summaryTimeUnit":"","noColor":false,"summaryTrendStats":["min","med","avg","max","p(90)","p(95)","p(99)"]},"state":{"isStdErrTTY":true,"testRunDurationMs":60002.829222,"isStdOutTTY":true},"metrics":{"http_req_duration{expected_response:true}":{"type":"trend","contains":"time","values":{"p(99)":8.87908098999999,"min":1.110301,"med":2.9065735,"avg":3.1829919504264153,"max":215.991317,"p(90)":4.1856571,"p(95)":4.878107649999999}},"http_req_waiting":{"contains":"time","values":{"min":1.079154,"med":2.8687639999999996,"avg":3.1430514357211337,"max":215.947768,"p(90)":4.1416087,"p(95)":4.82903855,"p(99)":8.729568629999994},"type":"trend"},"checks":{"type":"rate","contains":"default","values":{"rate":1,"passes":453508,"fails":0},"thresholds":{"rate>0.99":{"ok":true}}},"http_req_failed":{"values":{"rate":0,"passes":0,"fails":453508},"type":"rate","contains":"default"},"iterations":{"values":{"count":453508,"rate":7558.110273802248},"type":"counter","contains":"default"},"data_received":{"type":"counter","contains":"data","values":{"rate":3015685.999247097,"count":180949692}},"http_req_duration":{"type":"trend","contains":"time","values":{"min":1.110301,"med":2.9065735,"avg":3.1829919504264153,"max":215.991317,"p(90)":4.1856571,"p(95)":4.878107649999999,"p(99)":8.87908098999999}},"data_sent":{"type":"counter","contains":"data","values":{"count":97957728,"rate":1632551.8191412857}},"vus":{"type":"gauge","contains":"default","values":{"min":25,"max":25,"value":25}},"http_req_connecting":{"type":"trend","contains":"time","values":{"min":0,"med":0,"avg":0.0014697375988957197,"max":27.336238,"p(90)":0,"p(95)":0,"p(99)":0}},"iteration_duration":{"type":"trend","contains":"time","values":{"p(95)":5.005827899999999,"p(99)":9.154051529999998,"min":1.209204,"med":3.0173115,"avg":3.298412994458719,"max":216.140087,"p(90)":4.3071836999999995}},"http_req_tls_handshaking":{"type":"trend","contains":"time","values":{"min":0,"med":0,"avg":0,"max":0,"p(90)":0,"p(95)":0,"p(99)":0}},"http_req_sending":{"type":"trend","contains":"time","values":{"p(99)":0.04389987999999989,"min":0.006571,"med":0.01182,"avg":0.015161393951154725,"max":16.034577,"p(90)":0.020034,"p(95)":0.024326}},"http_reqs":{"type":"counter","contains":"default","values":{"count":453508,"rate":7558.110273802248}},"http_req_blocked":{"type":"trend","contains":"time","values":{"p(90)":0.002807,"p(95)":0.003585,"p(99)":0.012306,"min":0.001098,"med":0.002046,"avg":0.003969687070568907,"max":27.383842}},"http_req_receiving":{"type":"trend","contains":"time","values":{"min":0.009755,"med":0.019176,"avg":0.02477912075420964,"max":17.911159,"p(90)":0.031713,"p(95)":0.037385,"p(99)":0.10319826999999973}},"vus_max":{"type":"gauge","contains":"default","values":{"value":25,"min":25,"max":25}}},"metadata":{"type":"GRPC","testConfig":{"id":"f31c8249-3080-4a20-9c51-1a8d4fd982c8","name":"create-card","vus":25,"duration":"1m","executedAt":"2022-10-26T06:11:18.164Z"}},"root_group":{"checks":[{"name":"is status 201","path":"::is status 201","id":"d8b97380f72868aef5b0eadc0ce32c21","passes":453508,"fails":0}],"name":"","path":"","id":"d41d8cd98f00b204e9800998ecf8427e","groups":[]}}