{"state":{"testRunDurationMs":60005.564198,"isStdOutTTY":true,"isStdErrTTY":true},"metrics":{"http_req_sending":{"contains":"time","values":{"min":0.006621,"med":0.012006,"avg":0.01490323287964096,"max":15.354331,"p(90)":0.019867,"p(95)":0.024324,"p(99)":0.04173532000000007},"type":"trend"},"http_req_tls_handshaking":{"type":"trend","contains":"time","values":{"med":0,"avg":0,"max":0,"p(90)":0,"p(95)":0,"p(99)":0,"min":0}},"http_req_duration{expected_response:true}":{"type":"trend","contains":"time","values":{"min":1.260523,"med":3.72422,"avg":4.1492576949904185,"max":225.655391,"p(90)":5.498119400000002,"p(95)":6.299322599999999,"p(99)":11.789415440000022}},"iteration_duration":{"type":"trend","contains":"time","values":{"p(99)":12.004950720000013,"min":1.379479,"med":3.836303,"avg":4.266387499502556,"max":225.743718,"p(90)":5.620228,"p(95)":6.427097}},"data_received":{"type":"counter","contains":"data","values":{"count":139979175,"rate":2332769.916771577}},"http_reqs":{"type":"counter","contains":"default","values":{"count":350825,"rate":5846.54114479092}},"http_req_waiting":{"contains":"time","values":{"min":1.213438,"med":3.685724,"avg":4.10910133062077,"max":225.62387,"p(90)":5.4565576,"p(95)":6.2541854,"p(99)":11.719932440000006},"type":"trend"},"iterations":{"type":"counter","contains":"default","values":{"count":350825,"rate":5846.54114479092}},"http_req_connecting":{"contains":"time","values":{"p(99)":0,"min":0,"med":0,"avg":0.002001726681393857,"max":33.277106,"p(90)":0,"p(95)":0},"type":"trend"},"vus":{"type":"gauge","contains":"default","values":{"max":25,"value":25,"min":25}},"http_req_duration":{"values":{"avg":4.1492576949904185,"max":225.655391,"p(90)":5.498119400000002,"p(95)":6.299322599999999,"p(99)":11.789415440000022,"min":1.260523,"med":3.72422},"type":"trend","contains":"time"},"data_sent":{"type":"counter","contains":"data","values":{"count":75778200,"rate":1262852.8872748388}},"vus_max":{"type":"gauge","contains":"default","values":{"value":25,"min":25,"max":25}},"checks":{"type":"rate","contains":"default","values":{"rate":1,"passes":350825,"fails":0},"thresholds":{"rate>0.99":{"ok":true}}},"http_req_blocked":{"values":{"med":0.002052,"avg":0.004529606199671304,"max":33.385347,"p(90)":0.002846,"p(95)":0.003623,"p(99)":0.012129760000000009,"min":0.001144},"type":"trend","contains":"time"},"http_req_receiving":{"type":"trend","contains":"time","values":{"p(90)":0.032606600000000034,"p(95)":0.038935799999999986,"p(99)":0.0892965200000014,"min":0.009448,"med":0.019782,"avg":0.025253131490059682,"max":9.030838}},"http_req_failed":{"type":"rate","contains":"default","values":{"rate":0,"passes":0,"fails":350825}}},"metadata":{"type":"REST","testConfig":{"id":"f31c8249-3080-4a20-9c51-1a8d4fd982c8","name":"create-card","vus":25,"duration":"1m","executedAt":"2022-10-26T06:17:26.554Z"}},"root_group":{"name":"","path":"","id":"d41d8cd98f00b204e9800998ecf8427e","groups":[],"checks":[{"name":"is status 201","path":"::is status 201","id":"d8b97380f72868aef5b0eadc0ce32c21","passes":350825,"fails":0}]},"options":{"summaryTrendStats":["min","med","avg","max","p(90)","p(95)","p(99)"],"summaryTimeUnit":"","noColor":false}}