{"root_group":{"name":"","path":"","id":"d41d8cd98f00b204e9800998ecf8427e","groups":[],"checks":[{"name":"is status 201","path":"::is status 201","id":"d8b97380f72868aef5b0eadc0ce32c21","passes":183686,"fails":0}]},"options":{"summaryTrendStats":["min","med","avg","max","p(90)","p(95)","p(99)"],"summaryTimeUnit":"","noColor":false},"state":{"isStdOutTTY":true,"isStdErrTTY":true,"testRunDurationMs":60002.630851},"metrics":{"data_sent":{"values":{"count":39676176,"rate":661240.6062414972},"type":"counter","contains":"data"},"vus":{"type":"gauge","contains":"default","values":{"max":10,"value":10,"min":10}},"checks":{"type":"rate","contains":"default","values":{"passes":183686,"fails":0,"rate":1},"thresholds":{"rate>0.99":{"ok":true}}},"iterations":{"type":"counter","contains":"default","values":{"count":183686,"rate":3061.299102969894}},"http_req_tls_handshaking":{"values":{"min":0,"med":0,"avg":0,"max":0,"p(90)":0,"p(95)":0,"p(99)":0},"type":"trend","contains":"time"},"http_req_duration{expected_response:true}":{"contains":"time","values":{"p(99)":9.779586999999998,"min":1.237614,"med":2.8453530000000002,"avg":3.137694313464273,"max":213.650085,"p(90)":4.1858885,"p(95)":4.9401725},"type":"trend"},"http_req_sending":{"type":"trend","contains":"time","values":{"p(95)":0.024598,"p(99)":0.03852139999999991,"min":0.00571,"med":0.013105,"avg":0.015353491654236103,"max":9.158311,"p(90)":0.020449}},"http_req_failed":{"values":{"rate":0,"passes":0,"fails":183686},"type":"rate","contains":"default"},"vus_max":{"values":{"value":10,"min":10,"max":10},"type":"gauge","contains":"default"},"http_req_blocked":{"contains":"time","values":{"min":0.001119,"med":0.002164,"avg":0.007386635992943386,"max":91.309253,"p(90)":0.003137,"p(95)":0.00391,"p(99)":0.008324149999999994},"type":"trend"},"http_req_connecting":{"contains":"time","values":{"min":0,"med":0,"avg":0.004881283543656022,"max":91.231767,"p(90)":0,"p(95)":0,"p(99)":0},"type":"trend"},"http_req_waiting":{"type":"trend","contains":"time","values":{"p(95)":4.893906749999999,"p(99)":9.718081349999991,"min":1.19955,"med":2.8056185,"avg":3.0960371825615614,"max":213.617273,"p(90)":4.1407335}},"http_req_duration":{"type":"trend","contains":"time","values":{"p(90)":4.1858885,"p(95)":4.9401725,"p(99)":9.779586999999998,"min":1.237614,"med":2.8453530000000002,"avg":3.137694313464273,"max":213.650085}},"http_reqs":{"type":"counter","contains":"default","values":{"count":183686,"rate":3061.299102969894}},"data_received":{"type":"counter","contains":"data","values":{"count":73290714,"rate":1221458.3420849878}},"http_req_receiving":{"type":"trend","contains":"time","values":{"p(95)":0.0432605,"p(99)":0.07448129999999999,"min":0.009097,"med":0.022726,"avg":0.02630363924850005,"max":6.999775,"p(90)":0.035501}},"iteration_duration":{"type":"trend","contains":"time","values":{"min":1.342771,"med":2.9566585,"avg":3.257246550722437,"max":213.775972,"p(90)":4.30633,"p(95)":5.07352975,"p(99)":9.948976649999992}}},"metadata":{"testConfig":{"duration":"1m","executedAt":"2022-10-26T06:16:25.109Z","id":"dfce9f52-4c55-4845-bbc2-5ec8279ccf6e","name":"create-card","vus":10},"type":"REST"}}