{"options":{"summaryTrendStats":["avg","min","med","max","p(90)","p(95)"],"summaryTimeUnit":"","noColor":false},"state":{"isStdOutTTY":true,"isStdErrTTY":true,"testRunDurationMs":60022.580936},"metrics":{"http_req_receiving":{"type":"trend","contains":"time","values":{"med":0.031968,"max":17.69238,"p(90)":0.05306680000000002,"p(95)":0.067616,"avg":0.04805143682335051,"min":0.011089}},"http_req_duration{expected_response:true}":{"values":{"min":2.597316,"med":19.225551,"max":173.704019,"p(90)":26.969663800000006,"p(95)":31.6990096,"avg":20.195580514820595},"type":"trend","contains":"time"},"http_req_sending":{"contains":"time","values":{"p(90)":0.021001600000000006,"p(95)":0.024729799999999986,"avg":0.018957612794841337,"min":0.005839,"med":0.014086,"max":16.269402},"type":"trend"},"http_reqs":{"type":"counter","contains":"default","values":{"count":147325,"rate":2454.492920874022}},"http_req_blocked":{"type":"trend","contains":"time","values":{"max":5.318375,"p(90)":0.003177,"p(95)":0.003787,"avg":0.002963202328185943,"min":0.000817,"med":0.002318}},"iterations":{"type":"counter","contains":"default","values":{"count":147324,"rate":2454.4762604774774}},"http_req_failed":{"type":"rate","contains":"default","values":{"rate":0,"passes":0,"fails":147325}},"vus":{"contains":"default","values":{"value":50,"min":50,"max":50},"type":"gauge"},"http_req_duration":{"type":"trend","contains":"time","values":{"min":2.597316,"med":19.225551,"max":173.704019,"p(90)":26.969663800000006,"p(95)":31.6990096,"avg":20.195580514820595}},"http_req_tls_handshaking":{"type":"trend","contains":"time","values":{"avg":0,"min":0,"med":0,"max":0,"p(90)":0,"p(95)":0}},"http_req_connecting":{"contains":"time","values":{"min":0,"med":0,"max":1.947976,"p(90)":0,"p(95)":0,"avg":0.00011482288817240795},"type":"trend"},"vus_max":{"type":"gauge","contains":"default","values":{"min":50,"max":50,"value":50}},"http_req_waiting":{"type":"trend","contains":"time","values":{"avg":20.128571465202516,"min":2.549878,"med":19.160656,"max":173.652496,"p(90)":26.876769200000002,"p(95)":31.604967999999996}},"data_sent":{"contains":"data","values":{"count":56719953,"rate":944976.9089482927},"type":"counter"},"iteration_duration":{"type":"trend","contains":"time","values":{"min":2.71277,"med":19.377433,"max":173.807531,"p(90)":27.155617400000004,"p(95)":31.876998199999996,"avg":20.35499100583748}},"data_received":{"contains":"data","values":{"count":51269150,"rate":854164.3694839868},"type":"counter"},"checks":{"type":"rate","contains":"default","values":{"rate":1,"passes":147324,"fails":0}}},"setup_data":{"card":{"cardholder_name":"Vinicius Barbosa","expiration_year":2027,"is_debit":true,"token":"655f25ed6c9d47fb86378c06a98fd42730548920f7ad498096bc58ceb906b45a","active":true,"expiration_month":8,"id":"979e1429-0033-4794-aabf-dea04f587d2d","is_credit":true,"masked_number":"3548********8501"}},"metadata":{"type":"GRPC","testConfig":{"vus":50,"duration":"1m","executedAt":"2022-08-11T20:01:38.212Z","id":"c4e77cc4-0103-4abc-ac9e-da0f78901f4e","name":"create-card-payment"}},"root_group":{"name":"","path":"","id":"d41d8cd98f00b204e9800998ecf8427e","groups":[{"name":"setup","path":"::setup","id":"5c0f8025f7e0b6654089e5b00e950f1a","groups":[],"checks":[]}],"checks":[{"path":"::is status 201","id":"d8b97380f72868aef5b0eadc0ce32c21","passes":147324,"fails":0,"name":"is status 201"}]}}