{"metrics":{"http_req_sending":{"type":"trend","contains":"time","values":{"avg":0.018347480970115994,"min":0.005884,"med":0.012407,"max":10.544918,"p(90)":0.018744200000000013,"p(95)":0.025771099999999974}},"http_reqs":{"type":"counter","contains":"default","values":{"count":346639,"rate":5775.496594766348}},"http_req_receiving":{"type":"trend","contains":"time","values":{"avg":0.04358582141074748,"min":0.012077,"med":0.026683,"max":14.015676,"p(90)":0.04939,"p(95)":0.09149009999999974}},"http_req_connecting":{"values":{"avg":0.00003822622093878646,"min":0,"med":0,"max":1.462382,"p(90)":0,"p(95)":0},"type":"trend","contains":"time"},"iterations":{"type":"counter","contains":"default","values":{"count":346639,"rate":5775.496594766348}},"http_req_duration{expected_response:true}":{"values":{"med":7.132393,"max":469.092875,"p(90)":12.2480398,"p(95)":17.834132899999986,"avg":8.491705132633673,"min":1.035719},"type":"trend","contains":"time"},"http_req_duration":{"type":"trend","contains":"time","values":{"avg":8.491705132633673,"min":1.035719,"med":7.132393,"max":469.092875,"p(90)":12.2480398,"p(95)":17.834132899999986}},"checks":{"type":"rate","contains":"default","values":{"rate":1,"passes":346639,"fails":0}},"http_req_failed":{"type":"rate","contains":"default","values":{"rate":0,"passes":0,"fails":346639}},"data_received":{"values":{"count":137962322,"rate":2298647.6447170065},"type":"counter","contains":"data"},"http_req_waiting":{"type":"trend","contains":"time","values":{"p(95)":17.72485419999999,"avg":8.429771830252813,"min":0.980628,"med":7.075197,"max":469.042039,"p(90)":12.1717846}},"http_req_blocked":{"type":"trend","contains":"time","values":{"avg":0.003046569030028465,"min":0.000861,"med":0.002087,"max":6.032952,"p(90)":0.002962,"p(95)":0.003709}},"data_sent":{"values":{"count":73834107,"rate":1230180.7746852322},"type":"counter","contains":"data"},"vus":{"type":"gauge","contains":"default","values":{"max":50,"value":50,"min":50}},"iteration_duration":{"contains":"time","values":{"avg":8.64366443335582,"min":1.132397,"med":7.277166,"max":469.239638,"p(90)":12.420520400000004,"p(95)":18.00757719999999},"type":"trend"},"vus_max":{"type":"gauge","contains":"default","values":{"value":50,"min":50,"max":50}},"http_req_tls_handshaking":{"type":"trend","contains":"time","values":{"p(95)":0,"avg":0,"min":0,"med":0,"max":0,"p(90)":0}}},"metadata":{"testConfig":{"duration":"1m","executedAt":"2022-08-11T18:25:34.107Z","id":"14db1832-359c-4226-a0e5-59ee9399888a","name":"create-card","vus":50},"type":"GRPC"},"root_group":{"id":"d41d8cd98f00b204e9800998ecf8427e","groups":[],"checks":[{"name":"is status 201","path":"::is status 201","id":"d8b97380f72868aef5b0eadc0ce32c21","passes":346639,"fails":0}],"name":"","path":""},"options":{"summaryTimeUnit":"","noColor":false,"summaryTrendStats":["avg","min","med","max","p(90)","p(95)"]},"state":{"isStdOutTTY":true,"isStdErrTTY":true,"testRunDurationMs":60018.908212}}