{"metrics":{"http_req_duration":{"contains":"time","values":{"p(95)":2.139953299999999,"avg":1.7882524592838869,"min":1.257011,"med":1.599629,"max":77.422214,"p(90)":1.9849384},"type":"trend"},"http_req_waiting":{"type":"trend","contains":"time","values":{"max":77.366435,"p(90)":1.9390688,"p(95)":2.0878892,"avg":1.7478831516929876,"min":1.224949,"med":1.56146}},"http_req_blocked":{"type":"trend","contains":"time","values":{"p(95)":0.002145,"avg":0.0015017487996987389,"min":0.001023,"med":0.001389,"max":0.186343,"p(90)":0.001901}},"iterations":{"values":{"count":31866,"rate":531.0301847181728},"type":"counter","contains":"default"},"http_req_connecting":{"type":"trend","contains":"time","values":{"p(95)":0,"avg":0.000004717419273856968,"min":0,"med":0,"max":0.08434,"p(90)":0}},"http_req_receiving":{"type":"trend","contains":"time","values":{"avg":0.029181229296764675,"min":0.017936,"med":0.027377,"max":0.253744,"p(90)":0.0375766,"p(95)":0.044692799999999984}},"vus":{"type":"gauge","contains":"default","values":{"value":1,"min":1,"max":1}},"http_req_failed":{"values":{"passes":0,"fails":31867,"rate":0},"type":"rate","contains":"default"},"iteration_duration":{"type":"trend","contains":"time","values":{"avg":1.8771352581667529,"min":1.339914,"med":1.684872,"max":77.515621,"p(90)":2.0843808000000004,"p(95)":2.2514119999999997}},"data_sent":{"contains":"data","values":{"count":12268623,"rate":204450.1706498344},"type":"counter"},"checks":{"type":"rate","contains":"default","values":{"rate":1,"passes":31866,"fails":0}},"vus_max":{"contains":"default","values":{"max":1,"value":1,"min":1},"type":"gauge"},"http_req_duration{expected_response:true}":{"type":"trend","contains":"time","values":{"p(90)":1.9849384,"p(95)":2.139953299999999,"avg":1.7882524592838869,"min":1.257011,"med":1.599629,"max":77.422214}},"data_received":{"contains":"data","values":{"rate":184805.1367432785,"count":11089766},"type":"counter"},"http_req_tls_handshaking":{"type":"trend","contains":"time","values":{"avg":0,"min":0,"med":0,"max":0,"p(90)":0,"p(95)":0}},"http_req_sending":{"type":"trend","contains":"time","values":{"min":0.006889,"med":0.011247,"max":0.190547,"p(90)":0.01427,"p(95)":0.015591,"avg":0.011188078294160117}},"http_reqs":{"type":"counter","contains":"default","values":{"count":31867,"rate":531.0468491939375}}},"setup_data":{"card":{"active":true,"expiration_month":8,"id":"f560fed1-2ed2-4636-9191-a5d8af472364","is_debit":true,"token":"36ecba0601d84758b6b827edd9fe274c6de88814fd2140eeb5eb2d7d4c502991","cardholder_name":"Vinicius Barbosa","expiration_year":2027,"is_credit":true,"masked_number":"3528********8108"}},"metadata":{"type":"GRPC","testConfig":{"id":"dad9c90f-2411-4200-9356-eeb9588680e0","name":"create-card-payment","vus":1,"duration":"1m","executedAt":"2022-08-11T19:43:38.303Z"}},"root_group":{"name":"","path":"","id":"d41d8cd98f00b204e9800998ecf8427e","groups":[{"checks":[],"name":"setup","path":"::setup","id":"5c0f8025f7e0b6654089e5b00e950f1a","groups":[]}],"checks":[{"name":"is status 201","path":"::is status 201","id":"d8b97380f72868aef5b0eadc0ce32c21","passes":31866,"fails":0}]},"options":{"summaryTimeUnit":"","noColor":false,"summaryTrendStats":["avg","min","med","max","p(90)","p(95)"]},"state":{"isStdOutTTY":true,"isStdErrTTY":true,"testRunDurationMs":60007.888284}}