{"state":{"isStdOutTTY":true,"isStdErrTTY":true,"testRunDurationMs":60006.92025},"metrics":{"http_req_failed":{"values":{"rate":0,"passes":0,"fails":31992},"type":"rate","contains":"default"},"data_sent":{"contains":"data","values":{"count":12316748,"rate":205255.45968175228},"type":"counter"},"iteration_duration":{"type":"trend","contains":"time","values":{"avg":1.869895769629917,"min":1.328906,"med":1.699616,"max":42.406383,"p(90)":2.0923506,"p(95)":2.230405749999999}},"iterations":{"type":"counter","contains":"default","values":{"rate":533.1218443926057,"count":31991}},"http_req_receiving":{"values":{"avg":0.028879680982745702,"min":0.0176,"med":0.02715,"max":0.214968,"p(90)":0.03697670000000001,"p(95)":0.04379445},"type":"trend","contains":"time"},"http_req_connecting":{"type":"trend","contains":"time","values":{"max":0.076453,"p(90)":0,"p(95)":0,"avg":0.000004152538134533633,"min":0,"med":0}},"http_req_duration{expected_response:true}":{"type":"trend","contains":"time","values":{"p(90)":1.9910494,"p(95)":2.121628999999999,"avg":1.7801048085771476,"min":1.248393,"med":1.6132515,"max":42.303035}},"http_req_duration":{"contains":"time","values":{"avg":1.7801048085771476,"min":1.248393,"med":1.6132515,"max":42.303035,"p(90)":1.9910494,"p(95)":2.121628999999999},"type":"trend"},"http_req_sending":{"values":{"avg":0.011526207583145773,"min":0.006835,"med":0.011501,"max":1.895293,"p(90)":0.014551,"p(95)":0.01588934999999999},"type":"trend","contains":"time"},"http_reqs":{"type":"counter","contains":"default","values":{"count":31992,"rate":533.1385091372024}},"http_req_waiting":{"type":"trend","contains":"time","values":{"max":42.248777,"p(90)":1.9443677000000001,"p(95)":2.0704718499999997,"avg":1.7396989200112476,"min":1.217396,"med":1.574977}},"vus":{"type":"gauge","contains":"default","values":{"value":1,"min":1,"max":1}},"vus_max":{"type":"gauge","contains":"default","values":{"value":1,"min":1,"max":1}},"http_req_blocked":{"type":"trend","contains":"time","values":{"p(90)":0.00197,"p(95)":0.002205,"avg":0.0015636317516879176,"min":0.001021,"med":0.001439,"max":0.169152}},"checks":{"type":"rate","contains":"default","values":{"passes":31991,"fails":0,"rate":1}},"http_req_tls_handshaking":{"type":"trend","contains":"time","values":{"p(95)":0,"avg":0,"min":0,"med":0,"max":0,"p(90)":0}},"data_received":{"contains":"data","values":{"count":11133266,"rate":185533.03441697627},"type":"counter"}},"setup_data":{"card":{"cardholder_name":"Vinicius Barbosa","expiration_month":8,"expiration_year":2027,"is_credit":true,"active":true,"is_debit":true,"masked_number":"3548********9093","token":"f19b2234f83d4fc9a28acd4e83de98dd64464108fe5a41389c71b5caf3b9f41d","id":"1417021e-b6d1-4bd2-a992-36aa4628c6d0"}},"metadata":{"type":"GRPC","testConfig":{"executedAt":"2022-08-11T19:42:37.228Z","id":"dad9c90f-2411-4200-9356-eeb9588680e0","name":"create-card-payment","vus":1,"duration":"1m"}},"root_group":{"path":"","id":"d41d8cd98f00b204e9800998ecf8427e","groups":[{"name":"setup","path":"::setup","id":"5c0f8025f7e0b6654089e5b00e950f1a","groups":[],"checks":[]}],"checks":[{"id":"d8b97380f72868aef5b0eadc0ce32c21","passes":31991,"fails":0,"name":"is status 201","path":"::is status 201"}],"name":""},"options":{"noColor":false,"summaryTrendStats":["avg","min","med","max","p(90)","p(95)"],"summaryTimeUnit":""}}