{"options":{"noColor":false,"summaryTrendStats":["avg","min","med","max","p(90)","p(95)"],"summaryTimeUnit":""},"state":{"isStdOutTTY":true,"isStdErrTTY":true,"testRunDurationMs":60013.582346},"metrics":{"http_req_duration{expected_response:true}":{"type":"trend","contains":"time","values":{"med":14.330185499999999,"max":405.406171,"p(90)":24.1352635,"p(95)":26.952860199999996,"avg":15.566145453234842,"min":1.051326}},"http_req_failed":{"type":"rate","contains":"default","values":{"fails":381138,"rate":0,"passes":0}},"http_req_duration":{"values":{"avg":15.566145453234842,"min":1.051326,"med":14.330185499999999,"max":405.406171,"p(90)":24.1352635,"p(95)":26.952860199999996},"type":"trend","contains":"time"},"http_req_connecting":{"type":"trend","contains":"time","values":{"max":30.823417,"p(90)":0,"p(95)":0,"avg":0.0006870901300841168,"min":0,"med":0}},"iteration_duration":{"type":"trend","contains":"time","values":{"p(90)":24.3343498,"p(95)":27.133530399999994,"avg":15.72797263786651,"min":1.137398,"med":14.481843,"max":405.542243}},"http_req_blocked":{"type":"trend","contains":"time","values":{"avg":0.0037672364051863794,"min":0.000884,"med":0.002091,"max":30.923918,"p(90)":0.002981,"p(95)":0.003745}},"http_req_tls_handshaking":{"type":"trend","contains":"time","values":{"max":0,"p(90)":0,"p(95)":0,"avg":0,"min":0,"med":0}},"data_sent":{"type":"counter","contains":"data","values":{"count":81182394,"rate":1352733.6783855718}},"vus_max":{"type":"gauge","contains":"default","values":{"value":100,"min":100,"max":100}},"http_reqs":{"values":{"count":381138,"rate":6350.862339838366},"type":"counter","contains":"default"},"vus":{"type":"gauge","contains":"default","values":{"value":100,"min":100,"max":100}},"checks":{"type":"rate","contains":"default","values":{"rate":1,"passes":381138,"fails":0}},"http_req_sending":{"type":"trend","contains":"time","values":{"max":32.207771,"p(90)":0.019266,"p(95)":0.027385149999999966,"avg":0.020215088805104607,"min":0.005693,"med":0.012469}},"http_req_waiting":{"contains":"time","values":{"min":1.019696,"med":14.271270999999999,"max":405.362258,"p(90)":24.0312859,"p(95)":26.86025545,"avg":15.496902176448257},"type":"trend"},"iterations":{"values":{"count":381138,"rate":6350.862339838366},"type":"counter","contains":"default"},"http_req_receiving":{"type":"trend","contains":"time","values":{"avg":0.049028187981779624,"min":0.011946,"med":0.026792,"max":21.518091,"p(90)":0.051276899999999966,"p(95)":0.10792004999999975}},"data_received":{"values":{"count":151311786,"rate":2521292.348915831},"type":"counter","contains":"data"}},"metadata":{"type":"GRPC","testConfig":{"id":"f889ac39-6948-4782-afa0-93f678ad1a98","name":"create-card","vus":100,"duration":"1m","executedAt":"2022-08-11T18:30:12.418Z"}},"root_group":{"name":"","path":"","id":"d41d8cd98f00b204e9800998ecf8427e","groups":[],"checks":[{"id":"d8b97380f72868aef5b0eadc0ce32c21","passes":381138,"fails":0,"name":"is status 201","path":"::is status 201"}]}}