{"state":{"isStdOutTTY":true,"isStdErrTTY":true,"testRunDurationMs":60016.596015},"metrics":{"data_sent":{"type":"counter","contains":"data","values":{"count":42506706,"rate":708249.1980947447}},"http_req_duration{expected_response:true}":{"type":"trend","contains":"time","values":{"avg":2.8741534076427313,"min":1.072326,"med":2.1880040000000003,"max":207.176248,"p(90)":3.7233223999999994,"p(95)":6.3171929499999955}},"data_received":{"type":"counter","contains":"data","values":{"rate":1320070.1016132096,"count":79226114}},"vus_max":{"type":"gauge","contains":"default","values":{"value":10,"min":10,"max":10}},"http_req_duration":{"type":"trend","contains":"time","values":{"avg":2.8741534076427313,"min":1.072326,"med":2.1880040000000003,"max":207.176248,"p(90)":3.7233223999999994,"p(95)":6.3171929499999955}},"http_req_blocked":{"type":"trend","contains":"time","values":{"avg":0.002511371603812319,"min":0.000847,"med":0.002134,"max":4.447895,"p(90)":0.002901,"p(95)":0.003521}},"http_req_receiving":{"type":"trend","contains":"time","values":{"p(90)":0.047435899999999996,"p(95)":0.06257789999999996,"avg":0.03671469377937621,"min":0.012043,"med":0.029627,"max":8.313121}},"checks":{"type":"rate","contains":"default","values":{"fails":0,"rate":1,"passes":199562}},"vus":{"type":"gauge","contains":"default","values":{"value":10,"min":10,"max":10}},"iteration_duration":{"type":"trend","contains":"time","values":{"p(90)":3.8567469,"p(95)":6.47839794999999,"avg":2.9979715459957497,"min":1.156537,"med":2.3096845000000004,"max":207.286327}},"http_reqs":{"type":"counter","contains":"default","values":{"count":199562,"rate":3325.113606078614}},"iterations":{"type":"counter","contains":"default","values":{"count":199562,"rate":3325.113606078614}},"http_req_tls_handshaking":{"type":"trend","contains":"time","values":{"med":0,"max":0,"p(90)":0,"p(95)":0,"avg":0,"min":0}},"http_req_connecting":{"type":"trend","contains":"time","values":{"p(90)":0,"p(95)":0,"avg":0.000006322416091239815,"min":0,"med":0,"max":0.240461}},"http_req_waiting":{"type":"trend","contains":"time","values":{"avg":2.821827083562956,"min":1.038324,"med":2.138009,"max":207.097294,"p(90)":3.6636409,"p(95)":6.237781849999992}},"http_req_failed":{"type":"rate","contains":"default","values":{"rate":0,"passes":0,"fails":199562}},"http_req_sending":{"type":"trend","contains":"time","values":{"p(95)":0.022706,"avg":0.015611630300358082,"min":0.006176,"med":0.012875,"max":8.451105,"p(90)":0.019328}}},"metadata":{"type":"REST","testConfig":{"duration":"1m","executedAt":"2022-08-11T17:37:06.568Z","id":"dfce9f52-4c55-4845-bbc2-5ec8279ccf6e","name":"create-card","vus":10}},"root_group":{"path":"","id":"d41d8cd98f00b204e9800998ecf8427e","groups":[],"checks":[{"fails":0,"name":"is status 201","path":"::is status 201","id":"d8b97380f72868aef5b0eadc0ce32c21","passes":199562}],"name":""},"options":{"summaryTrendStats":["avg","min","med","max","p(90)","p(95)"],"summaryTimeUnit":"","noColor":false}}