{"metrics":{"http_req_sending":{"type":"trend","contains":"time","values":{"p(95)":0.031220699999999983,"avg":0.026245640651772175,"min":0.00607,"med":0.015043,"max":19.10749,"p(90)":0.0231747}},"data_sent":{"values":{"count":45389018,"rate":755965.1707608234},"type":"counter","contains":"data"},"data_received":{"type":"counter","contains":"data","values":{"rate":679390.2880092848,"count":40791374}},"iteration_duration":{"contains":"time","values":{"avg":25.439872450896264,"min":3.371096,"med":24.156233,"max":197.706902,"p(90)":39.24382239999999,"p(95)":45.964808600000005},"type":"trend"},"vus_max":{"type":"gauge","contains":"default","values":{"value":50,"min":50,"max":50}},"http_req_tls_handshaking":{"contains":"time","values":{"med":0,"max":0,"p(90)":0,"p(95)":0,"avg":0,"min":0},"type":"trend"},"http_req_duration{expected_response:true}":{"contains":"time","values":{"p(95)":45.75497305,"avg":25.240944627394075,"min":3.225608,"med":23.960057499999998,"max":197.58226,"p(90)":39.0536087},"type":"trend"},"http_req_connecting":{"type":"trend","contains":"time","values":{"med":0,"max":5.85277,"p(90)":0,"p(95)":0,"avg":0.0006350017897433288,"min":0}},"http_req_waiting":{"values":{"max":197.536156,"p(90)":38.9703741,"p(95)":45.6541404,"avg":25.15400122533767,"min":3.182825,"med":23.8817235},"type":"trend","contains":"time"},"http_req_blocked":{"type":"trend","contains":"time","values":{"min":0.000961,"med":0.002502,"max":22.870029,"p(90)":0.003594,"p(95)":0.004244,"avg":0.004755350764245878}},"checks":{"type":"rate","contains":"default","values":{"rate":1,"passes":117893,"fails":0}},"iterations":{"contains":"default","values":{"count":117893,"rate":1963.5366836203805},"type":"counter"},"vus":{"type":"gauge","contains":"default","values":{"value":50,"min":50,"max":50}},"http_req_failed":{"type":"rate","contains":"default","values":{"rate":0,"passes":0,"fails":117894}},"http_req_receiving":{"type":"trend","contains":"time","values":{"max":29.221044,"p(90)":0.0676788,"p(95)":0.1238094999999999,"avg":0.06069776140431214,"min":0.013398,"med":0.033322}},"http_req_duration":{"type":"trend","contains":"time","values":{"med":23.960057499999998,"max":197.58226,"p(90)":39.0536087,"p(95)":45.75497305,"avg":25.240944627394075,"min":3.225608}},"http_reqs":{"type":"counter","contains":"default","values":{"count":117894,"rate":1963.5533388644035}}},"setup_data":{"card":{"expiration_year":2027,"token":"332f535f77a54c0484df80735b91cf310f763d4582d44be79f4538e7525cbd23","is_debit":true,"masked_number":"3964******9791","active":true,"cardholder_name":"Vinicius Barbosa","expiration_month":8,"id":"f4f0186a-64cc-4740-a8ff-5f8ede22c7fd","is_credit":true}},"metadata":{"testConfig":{"duration":"1m","executedAt":"2022-08-11T19:19:36.789Z","id":"c4e77cc4-0103-4abc-ac9e-da0f78901f4e","name":"create-card-payment","vus":50},"type":"REST"},"root_group":{"checks":[{"name":"is status 201","path":"::is status 201","id":"d8b97380f72868aef5b0eadc0ce32c21","passes":117893,"fails":0}],"name":"","path":"","id":"d41d8cd98f00b204e9800998ecf8427e","groups":[{"name":"setup","path":"::setup","id":"5c0f8025f7e0b6654089e5b00e950f1a","groups":[],"checks":[]}]},"options":{"summaryTimeUnit":"","noColor":false,"summaryTrendStats":["avg","min","med","max","p(90)","p(95)"]},"state":{"isStdOutTTY":true,"isStdErrTTY":true,"testRunDurationMs":60041.149719}}