{"state":{"isStdOutTTY":true,"isStdErrTTY":true,"testRunDurationMs":60006.714636},"metrics":{"vus":{"type":"gauge","contains":"default","values":{"value":10,"min":10,"max":10}},"http_req_receiving":{"type":"trend","contains":"time","values":{"p(90)":0.0599085,"p(95)":0.08801049999999999,"avg":0.045206264384220665,"min":0.012607,"med":0.033736,"max":7.094269}},"data_sent":{"type":"counter","contains":"data","values":{"count":49636338,"rate":827179.7298201281}},"iterations":{"contains":"default","values":{"count":128925,"rate":2148.509559006146},"type":"counter"},"http_req_sending":{"type":"trend","contains":"time","values":{"p(95)":0.0260355,"avg":0.017964211159889987,"min":0.006895,"med":0.014347,"max":7.00868,"p(90)":0.022199}},"http_req_failed":{"values":{"passes":0,"fails":128926,"rate":0},"type":"rate","contains":"default"},"http_req_connecting":{"type":"trend","contains":"time","values":{"p(90)":0,"p(95)":0,"avg":0.00001173936987108884,"min":0,"med":0,"max":0.831012}},"http_reqs":{"type":"counter","contains":"default","values":{"count":128926,"rate":2148.526223807845}},"iteration_duration":{"type":"trend","contains":"time","values":{"avg":4.643052726432178,"min":1.9945,"med":4.119438499999999,"max":576.284228,"p(90)":5.872115,"p(95)":6.96065075}},"http_req_blocked":{"type":"trend","contains":"time","values":{"avg":0.0027378271876890483,"min":0.000857,"med":0.002269,"max":4.680106,"p(90)":0.003092,"p(95)":0.0037}},"http_req_waiting":{"type":"trend","contains":"time","values":{"p(90)":5.6430575,"p(95)":6.70391675,"avg":4.4224345068799,"min":1.64059,"med":3.9059730000000004,"max":576.134583}},"checks":{"type":"rate","contains":"default","values":{"fails":0,"rate":1,"passes":128925}},"data_received":{"contains":"data","values":{"count":44866298,"rate":747687.9591252148},"type":"counter"},"vus_max":{"type":"gauge","contains":"default","values":{"max":10,"value":10,"min":10}},"http_req_duration{expected_response:true}":{"type":"trend","contains":"time","values":{"p(95)":6.78381925,"avg":4.485604982424018,"min":1.734073,"med":3.9653635,"max":576.16945,"p(90)":5.709587000000001}},"http_req_tls_handshaking":{"contains":"time","values":{"avg":0,"min":0,"med":0,"max":0,"p(90)":0,"p(95)":0},"type":"trend"},"http_req_duration":{"type":"trend","contains":"time","values":{"p(95)":6.78381925,"avg":4.485604982424018,"min":1.734073,"med":3.9653635,"max":576.16945,"p(90)":5.709587000000001}}},"setup_data":{"card":{"cardholder_name":"Vinicius Barbosa","id":"acd61eff-085e-48b2-8899-27edfb3c28aa","is_debit":true,"masked_number":"3558********3388","active":true,"expiration_month":8,"expiration_year":2027,"is_credit":true,"token":"9c31868e0d0447deaed1437b82f83ea75a14f3980b514d99a75c250e2ebceee7"}},"metadata":{"type":"GRPC","testConfig":{"id":"8ad8795d-8995-4bc5-b526-1914eddaf994","name":"create-card-payment","vus":10,"duration":"1m","executedAt":"2022-08-11T19:49:19.243Z"}},"root_group":{"name":"","path":"","id":"d41d8cd98f00b204e9800998ecf8427e","groups":[{"checks":[],"name":"setup","path":"::setup","id":"5c0f8025f7e0b6654089e5b00e950f1a","groups":[]}],"checks":[{"fails":0,"name":"is status 201","path":"::is status 201","id":"d8b97380f72868aef5b0eadc0ce32c21","passes":128925}]},"options":{"noColor":false,"summaryTrendStats":["avg","min","med","max","p(90)","p(95)"],"summaryTimeUnit":""}}