{"options":{"summaryTrendStats":["avg","min","med","max","p(90)","p(95)"],"summaryTimeUnit":"","noColor":false},"state":{"isStdOutTTY":true,"isStdErrTTY":true,"testRunDurationMs":60007.62704},"metrics":{"vus_max":{"type":"gauge","contains":"default","values":{"value":1,"min":1,"max":1}},"iterations":{"contains":"default","values":{"count":29154,"rate":485.83824153830426},"type":"counter"},"http_req_receiving":{"type":"trend","contains":"time","values":{"avg":0.029337587034814153,"min":0.017989,"med":0.027077,"max":0.215684,"p(90)":0.0378586,"p(95)":0.044928699999999995}},"iteration_duration":{"values":{"avg":2.0519773665923506,"min":1.649694,"med":1.942841,"max":71.861325,"p(90)":2.3752114000000004,"p(95)":2.504184},"type":"trend","contains":"time"},"http_req_connecting":{"type":"trend","contains":"time","values":{"p(95)":0,"avg":0.000006634059338020922,"min":0,"med":0,"max":0.113437,"p(90)":0}},"http_req_sending":{"type":"trend","contains":"time","values":{"p(90)":0.014671600000000002,"p(95)":0.015836299999999998,"avg":0.01199936436288797,"min":0.007127,"med":0.01199,"max":1.460368}},"http_req_tls_handshaking":{"type":"trend","contains":"time","values":{"avg":0,"min":0,"med":0,"max":0,"p(90)":0,"p(95)":0}},"checks":{"type":"rate","contains":"default","values":{"rate":1,"passes":29154,"fails":0}},"http_req_failed":{"values":{"fails":29155,"rate":0,"passes":0},"type":"rate","contains":"default"},"data_sent":{"type":"counter","contains":"data","values":{"count":11224503,"rate":187051.27254103796}},"http_req_blocked":{"type":"trend","contains":"time","values":{"avg":0.0016866599897101646,"min":0.001095,"med":0.001563,"max":0.232846,"p(90)":0.002079600000000002,"p(95)":0.00233}},"http_reqs":{"values":{"count":29155,"rate":485.854906086618},"type":"counter","contains":"default"},"http_req_duration":{"type":"trend","contains":"time","values":{"max":71.748718,"p(90)":2.27009,"p(95)":2.3935237,"avg":1.9591368566969676,"min":1.561919,"med":1.853966}},"http_req_duration{expected_response:true}":{"type":"trend","contains":"time","values":{"avg":1.9591368566969676,"min":1.561919,"med":1.853966,"max":71.748718,"p(90)":2.27009,"p(95)":2.3935237}},"vus":{"type":"gauge","contains":"default","values":{"value":1,"min":1,"max":1}},"http_req_waiting":{"type":"trend","contains":"time","values":{"med":1.814856,"max":71.694992,"p(90)":2.2203760000000003,"p(95)":2.3424926999999998,"avg":1.9177999052992474,"min":1.515253}},"data_received":{"type":"counter","contains":"data","values":{"count":10087680,"rate":168106.6307333855}}},"setup_data":{"card":{"cardholder_name":"Vinicius Barbosa","expiration_month":8,"masked_number":"3919******6585","token":"14bdbee4c9454f679fd5cd64fa4ccc72db5df131ed1b4b3baa7342dd21ceae1f","active":true,"expiration_year":2027,"id":"2eecdf20-5958-48d9-9b53-a120c73703bb","is_credit":true,"is_debit":true}},"metadata":{"type":"REST","testConfig":{"id":"dad9c90f-2411-4200-9356-eeb9588680e0","name":"create-card-payment","vus":1,"duration":"1m","executedAt":"2022-08-11T18:36:21.501Z"}},"root_group":{"checks":[{"name":"is status 201","path":"::is status 201","id":"d8b97380f72868aef5b0eadc0ce32c21","passes":29154,"fails":0}],"name":"","path":"","id":"d41d8cd98f00b204e9800998ecf8427e","groups":[{"name":"setup","path":"::setup","id":"5c0f8025f7e0b6654089e5b00e950f1a","groups":[],"checks":[]}]}}