{"options":{"summaryTrendStats":["avg","min","med","max","p(90)","p(95)"],"summaryTimeUnit":"","noColor":false},"state":{"isStdOutTTY":true,"isStdErrTTY":true,"testRunDurationMs":60012.547249},"metrics":{"http_req_duration":{"type":"trend","contains":"time","values":{"avg":9.93128566300137,"min":2.629491,"med":9.399432000000001,"max":101.065314,"p(90)":13.1574676,"p(95)":14.787834250000003}},"data_sent":{"type":"counter","contains":"data","values":{"rate":952762.7241477034,"count":57177718}},"data_received":{"type":"counter","contains":"data","values":{"count":51682922,"rate":861201.938080727}},"http_req_receiving":{"type":"trend","contains":"time","values":{"p(90)":0.05309310000000004,"p(95)":0.06709935000000002,"avg":0.044732984237176504,"min":0.011619,"med":0.0319965,"max":12.582353}},"http_req_sending":{"type":"trend","contains":"time","values":{"p(95)":0.024919350000000007,"avg":0.018588256063401757,"min":0.006068,"med":0.014278,"max":12.622932,"p(90)":0.021218}},"vus":{"type":"gauge","contains":"default","values":{"value":25,"min":25,"max":25}},"checks":{"type":"rate","contains":"default","values":{"rate":1,"passes":148513,"fails":0}},"http_req_duration{expected_response:true}":{"type":"trend","contains":"time","values":{"med":9.399432000000001,"max":101.065314,"p(90)":13.1574676,"p(95)":14.787834250000003,"avg":9.93128566300137,"min":2.629491}},"http_req_connecting":{"type":"trend","contains":"time","values":{"avg":0.00005618936935238429,"min":0,"med":0,"max":0.586797,"p(90)":0,"p(95)":0}},"vus_max":{"type":"gauge","contains":"default","values":{"value":25,"min":25,"max":25}},"http_req_failed":{"type":"rate","contains":"default","values":{"rate":0,"passes":0,"fails":148514}},"http_req_blocked":{"values":{"p(95)":0.0037413500000000057,"avg":0.0028132998841859692,"min":0.000876,"med":0.002316,"max":2.015266,"p(90)":0.003162},"type":"trend","contains":"time"},"iterations":{"type":"counter","contains":"default","values":{"count":148513,"rate":2474.699155558252}},"http_req_tls_handshaking":{"type":"trend","contains":"time","values":{"med":0,"max":0,"p(90)":0,"p(95)":0,"avg":0,"min":0}},"iteration_duration":{"type":"trend","contains":"time","values":{"avg":10.089683800200758,"min":2.763869,"med":9.5541385,"max":101.250204,"p(90)":13.323449200000004,"p(95)":14.9707899}},"http_reqs":{"type":"counter","contains":"default","values":{"rate":2474.7158187403006,"count":148514}},"http_req_waiting":{"type":"trend","contains":"time","values":{"med":9.339812,"max":100.96159,"p(90)":13.086488000000001,"p(95)":14.6975592,"avg":9.867964422701112,"min":2.585993}}},"setup_data":{"card":{"is_debit":true,"token":"3be0511e654d4d4abece6d3f84a31a4473df7c85998245c7a0c8e33ceed59c59","id":"5e5b4908-dcb1-4322-8846-cb75c3cd6b31","cardholder_name":"Vinicius Barbosa","expiration_month":8,"expiration_year":2027,"is_credit":true,"masked_number":"3558********2213","active":true}},"metadata":{"type":"GRPC","testConfig":{"name":"create-card-payment","vus":25,"duration":"1m","executedAt":"2022-08-11T19:53:40.407Z","id":"43631c23-72c8-4ce4-ae7d-b50cbb5e56e7"}},"root_group":{"name":"","path":"","id":"d41d8cd98f00b204e9800998ecf8427e","groups":[{"path":"::setup","id":"5c0f8025f7e0b6654089e5b00e950f1a","groups":[],"checks":[],"name":"setup"}],"checks":[{"id":"d8b97380f72868aef5b0eadc0ce32c21","passes":148513,"fails":0,"name":"is status 201","path":"::is status 201"}]}}