{"metrics":{"http_req_tls_handshaking":{"type":"trend","contains":"time","values":{"avg":0,"min":0,"med":0,"max":0,"p(90)":0,"p(95)":0}},"http_req_failed":{"type":"rate","contains":"default","values":{"passes":0,"fails":143119,"rate":0}},"data_received":{"contains":"data","values":{"count":49805462,"rate":829973.1089695689},"type":"counter"},"checks":{"type":"rate","contains":"default","values":{"passes":143118,"fails":0,"rate":1}},"http_reqs":{"type":"counter","contains":"default","values":{"count":143119,"rate":2384.9778038925874}},"iteration_duration":{"type":"trend","contains":"time","values":{"avg":10.470233685583516,"min":2.798982,"med":9.635078,"max":83.087352,"p(90)":14.1951222,"p(95)":16.887341900000003}},"vus":{"type":"gauge","contains":"default","values":{"min":25,"max":25,"value":25}},"http_req_receiving":{"contains":"time","values":{"p(90)":0.05382759999999999,"p(95)":0.07010920000000001,"avg":0.044724531264193096,"min":0.012434,"med":0.031841,"max":9.692122},"type":"trend"},"http_req_connecting":{"type":"trend","contains":"time","values":{"med":0,"max":0.190034,"p(90)":0,"p(95)":0,"avg":0.000014607948630160912,"min":0}},"vus_max":{"contains":"default","values":{"min":25,"max":25,"value":25},"type":"gauge"},"http_req_waiting":{"type":"trend","contains":"time","values":{"avg":10.247200312641864,"min":2.359692,"med":9.417427,"max":82.931278,"p(90)":13.954199,"p(95)":16.629452200000003}},"http_req_duration{expected_response:true}":{"type":"trend","contains":"time","values":{"p(90)":14.028512000000001,"p(95)":16.704015200000008,"avg":10.310253730378129,"min":2.455376,"med":9.478824,"max":82.970038}},"data_sent":{"contains":"data","values":{"count":55100643,"rate":918213.5882392238},"type":"counter"},"http_req_sending":{"type":"trend","contains":"time","values":{"max":10.69323,"p(90)":0.0210852,"p(95)":0.024752200000000012,"avg":0.01832888647209655,"min":0.006109,"med":0.014157}},"http_req_duration":{"type":"trend","contains":"time","values":{"min":2.455376,"med":9.478824,"max":82.970038,"p(90)":14.028512000000001,"p(95)":16.704015200000008,"avg":10.310253730378129}},"http_req_blocked":{"type":"trend","contains":"time","values":{"med":0.002311,"max":1.25399,"p(90)":0.003157,"p(95)":0.003762,"avg":0.002852768633095455,"min":0.000891}},"iterations":{"type":"counter","contains":"default","values":{"rate":2384.9611395936204,"count":143118}}},"setup_data":{"card":{"expiration_year":2027,"id":"e319e985-af94-4b59-b42f-d9e89d3e755a","masked_number":"3558********1655","cardholder_name":"Vinicius Barbosa","expiration_month":8,"is_credit":true,"is_debit":true,"token":"6be9b47ecc6041f6b7c3b81ca24e7c5d9c29df8e5df849d39393588215bfb787","active":true}},"metadata":{"type":"GRPC","testConfig":{"id":"43631c23-72c8-4ce4-ae7d-b50cbb5e56e7","name":"create-card-payment","vus":25,"duration":"1m","executedAt":"2022-08-11T19:54:41.569Z"}},"root_group":{"path":"","id":"d41d8cd98f00b204e9800998ecf8427e","groups":[{"path":"::setup","id":"5c0f8025f7e0b6654089e5b00e950f1a","groups":[],"checks":[],"name":"setup"}],"checks":[{"path":"::is status 201","id":"d8b97380f72868aef5b0eadc0ce32c21","passes":143118,"fails":0,"name":"is status 201"}],"name":""},"options":{"summaryTrendStats":["avg","min","med","max","p(90)","p(95)"],"summaryTimeUnit":"","noColor":false},"state":{"isStdErrTTY":true,"testRunDurationMs":60008.524929,"isStdOutTTY":true}}