{"state":{"isStdOutTTY":true,"isStdErrTTY":true,"testRunDurationMs":60006.140093},"metrics":{"http_reqs":{"type":"counter","contains":"default","values":{"count":186755,"rate":3112.264840074022}},"http_req_blocked":{"type":"trend","contains":"time","values":{"max":6.218079,"p(90)":0.002936,"p(95)":0.003547,"avg":0.0025368148108484267,"min":0.000836,"med":0.002144}},"http_req_connecting":{"type":"trend","contains":"time","values":{"avg":0.000005762694439238574,"min":0,"med":0,"max":0.232319,"p(90)":0,"p(95)":0}},"http_req_duration{expected_response:true}":{"type":"trend","contains":"time","values":{"avg":3.0803925832614536,"min":1.06353,"med":2.190894,"max":412.0727,"p(90)":3.9433658,"p(95)":7.388575399999982}},"http_req_receiving":{"type":"trend","contains":"time","values":{"avg":0.03680824173917681,"min":0.011821,"med":0.029644,"max":11.93764,"p(90)":0.047346,"p(95)":0.06154759999999997}},"vus":{"contains":"default","values":{"value":10,"min":10,"max":10},"type":"gauge"},"data_received":{"type":"counter","contains":"data","values":{"count":74141735,"rate":1235569.1415093867}},"iteration_duration":{"contains":"time","values":{"p(95)":7.5470482,"avg":3.203500499140623,"min":1.160614,"med":2.311602,"max":412.200374,"p(90)":4.0852618},"type":"trend"},"checks":{"type":"rate","contains":"default","values":{"passes":186755,"fails":0,"rate":1}},"vus_max":{"type":"gauge","contains":"default","values":{"value":10,"min":10,"max":10}},"data_sent":{"type":"counter","contains":"data","values":{"count":39778815,"rate":662912.4109357666}},"http_req_sending":{"values":{"max":6.371921,"p(90)":0.01917,"p(95)":0.022468,"avg":0.015182225391555804,"min":0.006065,"med":0.012735},"type":"trend","contains":"time"},"iterations":{"type":"counter","contains":"default","values":{"rate":3112.264840074022,"count":186755}},"http_req_duration":{"type":"trend","contains":"time","values":{"med":2.190894,"max":412.0727,"p(90)":3.9433658,"p(95)":7.388575399999982,"avg":3.0803925832614536,"min":1.06353}},"http_req_failed":{"type":"rate","contains":"default","values":{"rate":0,"passes":0,"fails":186755}},"http_req_waiting":{"type":"trend","contains":"time","values":{"p(90)":3.8833666000000004,"p(95)":7.319040499999993,"avg":3.0284021161307626,"min":1.031774,"med":2.140483,"max":412.022195}},"http_req_tls_handshaking":{"type":"trend","contains":"time","values":{"avg":0,"min":0,"med":0,"max":0,"p(90)":0,"p(95)":0}}},"metadata":{"type":"REST","testConfig":{"id":"dfce9f52-4c55-4845-bbc2-5ec8279ccf6e","name":"create-card","vus":10,"duration":"1m","executedAt":"2022-08-11T17:38:07.557Z"}},"root_group":{"checks":[{"name":"is status 201","path":"::is status 201","id":"d8b97380f72868aef5b0eadc0ce32c21","passes":186755,"fails":0}],"name":"","path":"","id":"d41d8cd98f00b204e9800998ecf8427e","groups":[]},"options":{"summaryTrendStats":["avg","min","med","max","p(90)","p(95)"],"summaryTimeUnit":"","noColor":false}}