{"metrics":{"http_req_duration":{"type":"trend","contains":"time","values":{"med":48.388994,"max":568.34447,"p(90)":85.58174330000001,"p(95)":93.8662451,"avg":50.17477009736185,"min":2.906036}},"http_req_blocked":{"type":"trend","contains":"time","values":{"p(90)":0.00349,"p(95)":0.004101449999999997,"avg":0.00790940584688269,"min":0.000986,"med":0.00245,"max":62.62248}},"iteration_duration":{"contains":"time","values":{"p(90)":85.76588430000001,"p(95)":94.08771734999998,"avg":50.36475777496809,"min":3.063487,"med":48.563762499999996,"max":568.511645},"type":"trend"},"http_reqs":{"type":"counter","contains":"default","values":{"count":119072,"rate":1983.486454505001}},"vus":{"type":"gauge","contains":"default","values":{"value":100,"min":100,"max":100}},"http_req_receiving":{"type":"trend","contains":"time","values":{"p(90)":0.06144060000000004,"p(95)":0.09105845,"avg":0.059496151311811594,"min":0.012541,"med":0.03361,"max":41.606748}},"http_req_failed":{"type":"rate","contains":"default","values":{"fails":119072,"rate":0,"passes":0}},"http_req_duration{expected_response:true}":{"type":"trend","contains":"time","values":{"min":2.906036,"med":48.388994,"max":568.34447,"p(90)":85.58174330000001,"p(95)":93.8662451,"avg":50.17477009736185}},"http_req_tls_handshaking":{"type":"trend","contains":"time","values":{"max":0,"p(90)":0,"p(95)":0,"avg":0,"min":0,"med":0}},"data_sent":{"type":"counter","contains":"data","values":{"count":45842548,"rate":763639.4198299795}},"checks":{"type":"rate","contains":"default","values":{"passes":119071,"fails":0,"rate":1}},"vus_max":{"type":"gauge","contains":"default","values":{"value":100,"min":100,"max":100}},"http_req_connecting":{"values":{"med":0,"max":62.574096,"p(90)":0,"p(95)":0,"avg":0.004047731473394248,"min":0},"type":"trend","contains":"time"},"http_req_sending":{"values":{"avg":0.0226768192186242,"min":0.006726,"med":0.014798,"max":18.254877,"p(90)":0.022339,"p(95)":0.027238449999999997},"type":"trend","contains":"time"},"http_req_waiting":{"contains":"time","values":{"min":2.842543,"med":48.3167815,"max":567.980501,"p(90)":85.5027168,"p(95)":93.79413999999998,"avg":50.09259712683076},"type":"trend"},"data_received":{"type":"counter","contains":"data","values":{"count":41198962,"rate":686287.1461524646}},"iterations":{"type":"counter","contains":"default","values":{"count":119071,"rate":1983.4697966303158}}},"setup_data":{"card":{"masked_number":"3974******1256","token":"604bad31c92f42a2828d6eaa94ff97e6d3415a55a7564cba87f8e86e21572b84","cardholder_name":"Vinicius Barbosa","expiration_month":8,"expiration_year":2027,"id":"adcaab1e-347a-4742-95ef-8385f2d41b93","is_credit":true,"is_debit":true,"active":true}},"metadata":{"type":"REST","testConfig":{"vus":100,"duration":"1m","executedAt":"2022-08-11T19:32:47.356Z","id":"240a7dee-fed8-4fa0-b279-a79cdad6331d","name":"create-card-payment"}},"root_group":{"path":"","id":"d41d8cd98f00b204e9800998ecf8427e","groups":[{"checks":[],"name":"setup","path":"::setup","id":"5c0f8025f7e0b6654089e5b00e950f1a","groups":[]}],"checks":[{"name":"is status 201","path":"::is status 201","id":"d8b97380f72868aef5b0eadc0ce32c21","passes":119071,"fails":0}],"name":""},"options":{"noColor":false,"summaryTrendStats":["avg","min","med","max","p(90)","p(95)"],"summaryTimeUnit":""},"state":{"isStdOutTTY":true,"isStdErrTTY":true,"testRunDurationMs":60031.667839}}