{"metrics":{"data_received":{"type":"counter","contains":"data","values":{"count":52072334,"rate":867690.3045336436}},"http_req_sending":{"type":"trend","contains":"time","values":{"med":0.014117,"max":11.808006,"p(90)":0.020898,"p(95)":0.024539,"avg":0.018701677998837134,"min":0.005847}},"data_sent":{"type":"counter","contains":"data","values":{"rate":959940.9456566026,"count":57608533}},"vus":{"type":"gauge","contains":"default","values":{"value":25,"min":25,"max":25}},"http_req_connecting":{"type":"trend","contains":"time","values":{"p(95)":0,"avg":0.00008121206552030634,"min":0,"med":0,"max":1.876892,"p(90)":0}},"http_req_duration":{"type":"trend","contains":"time","values":{"max":202.819333,"p(90)":13.0260206,"p(95)":14.625541799999997,"avg":9.856330629861123,"min":2.328184,"med":9.33399}},"http_req_duration{expected_response:true}":{"type":"trend","contains":"time","values":{"avg":9.856330629861123,"min":2.328184,"med":9.33399,"max":202.819333,"p(90)":13.0260206,"p(95)":14.625541799999997}},"iteration_duration":{"type":"trend","contains":"time","values":{"avg":10.014195544245043,"min":2.455985,"med":9.486912,"max":202.93441,"p(90)":13.194211400000007,"p(95)":14.817550799999998}},"iterations":{"values":{"count":149632,"rate":2493.343886755262},"type":"counter","contains":"default"},"http_req_tls_handshaking":{"type":"trend","contains":"time","values":{"avg":0,"min":0,"med":0,"max":0,"p(90)":0,"p(95)":0}},"http_req_failed":{"type":"rate","contains":"default","values":{"rate":0,"passes":0,"fails":149633}},"http_reqs":{"type":"counter","contains":"default","values":{"count":149633,"rate":2493.3605499281575}},"http_req_receiving":{"type":"trend","contains":"time","values":{"avg":0.0445281968817034,"min":0.011654,"med":0.03164,"max":13.080513,"p(90)":0.05268360000000004,"p(95)":0.066408}},"http_req_waiting":{"type":"trend","contains":"time","values":{"med":9.272043,"max":202.747416,"p(90)":12.957220600000005,"p(95)":14.550383399999996,"avg":9.793100754980566,"min":2.296195}},"vus_max":{"values":{"value":25,"min":25,"max":25},"type":"gauge","contains":"default"},"http_req_blocked":{"type":"trend","contains":"time","values":{"min":0.000947,"med":0.002298,"max":2.096618,"p(90)":0.003134,"p(95)":0.00371,"avg":0.002896687161254445}},"checks":{"contains":"default","values":{"rate":1,"passes":149632,"fails":0},"type":"rate"}},"setup_data":{"card":{"active":true,"cardholder_name":"Vinicius Barbosa","expiration_month":8,"token":"0a77c728138647d59f8f0e0a897826c672df0125b42e4d1d9e1b3586e7a0c960","expiration_year":2027,"id":"e3801483-18a8-4ad5-99ab-af09e9ca44a5","is_credit":true,"is_debit":true,"masked_number":"3558********2109"}},"metadata":{"testConfig":{"name":"create-card-payment","vus":25,"duration":"1m","executedAt":"2022-08-11T19:52:39.285Z","id":"43631c23-72c8-4ce4-ae7d-b50cbb5e56e7"},"type":"GRPC"},"root_group":{"name":"","path":"","id":"d41d8cd98f00b204e9800998ecf8427e","groups":[{"id":"5c0f8025f7e0b6654089e5b00e950f1a","groups":[],"checks":[],"name":"setup","path":"::setup"}],"checks":[{"name":"is status 201","path":"::is status 201","id":"d8b97380f72868aef5b0eadc0ce32c21","passes":149632,"fails":0}]},"options":{"summaryTrendStats":["avg","min","med","max","p(90)","p(95)"],"summaryTimeUnit":"","noColor":false},"state":{"testRunDurationMs":60012.580212,"isStdOutTTY":true,"isStdErrTTY":true}}