{"state":{"isStdErrTTY":true,"testRunDurationMs":60005.481003,"isStdOutTTY":true},"metrics":{"iterations":{"type":"counter","contains":"default","values":{"count":250738,"rate":4178.584952722306}},"http_req_duration{expected_response:true}":{"contains":"time","values":{"avg":11.804041550032432,"min":1.222138,"med":10.4374345,"max":285.357555,"p(90)":20.101470400000004,"p(95)":23.168286249999998},"type":"trend"},"vus_max":{"type":"gauge","contains":"default","values":{"value":50,"min":50,"max":50}},"http_req_duration":{"type":"trend","contains":"time","values":{"p(90)":20.101470400000004,"p(95)":23.168286249999998,"avg":11.804041550032432,"min":1.222138,"med":10.4374345,"max":285.357555}},"data_sent":{"type":"counter","contains":"data","values":{"count":53407194,"rate":890038.5949298512}},"http_req_waiting":{"type":"trend","contains":"time","values":{"p(90)":20.030159000000005,"p(95)":23.087466749999997,"avg":11.738893281122369,"min":1.163056,"med":10.3746175,"max":285.31251}},"http_req_sending":{"type":"trend","contains":"time","values":{"avg":0.0190564421308295,"min":0.005082,"med":0.01276,"max":21.479753,"p(90)":0.019838300000000017,"p(95)":0.027284149999999993}},"vus":{"type":"gauge","contains":"default","values":{"value":50,"min":50,"max":50}},"iteration_duration":{"type":"trend","contains":"time","values":{"min":1.363543,"med":10.5838085,"max":285.479386,"p(90)":20.2560631,"p(95)":23.33169515,"avg":11.95353548203311}},"http_reqs":{"type":"counter","contains":"default","values":{"count":250738,"rate":4178.584952722306}},"http_req_blocked":{"type":"trend","contains":"time","values":{"min":0.000779,"med":0.002154,"max":7.379374,"p(90)":0.002998,"p(95)":0.003679,"avg":0.0033805817347192695}},"data_received":{"values":{"count":99793724,"rate":1663076.811183478},"type":"counter","contains":"data"},"http_req_receiving":{"contains":"time","values":{"avg":0.0460918267793471,"min":0.010179,"med":0.0273535,"max":16.618358,"p(90)":0.05099490000000005,"p(95)":0.08761704999999996},"type":"trend"},"http_req_connecting":{"type":"trend","contains":"time","values":{"avg":0.00033455316705086584,"min":0,"med":0,"max":4.010879,"p(90)":0,"p(95)":0}},"http_req_failed":{"type":"rate","contains":"default","values":{"fails":250738,"rate":0,"passes":0}},"http_req_tls_handshaking":{"type":"trend","contains":"time","values":{"avg":0,"min":0,"med":0,"max":0,"p(90)":0,"p(95)":0}},"checks":{"type":"rate","contains":"default","values":{"rate":1,"passes":250738,"fails":0}}},"metadata":{"testConfig":{"name":"create-card","vus":50,"duration":"1m","executedAt":"2022-08-11T17:47:39.506Z","id":"14db1832-359c-4226-a0e5-59ee9399888a"},"type":"REST"},"root_group":{"path":"","id":"d41d8cd98f00b204e9800998ecf8427e","groups":[],"checks":[{"name":"is status 201","path":"::is status 201","id":"d8b97380f72868aef5b0eadc0ce32c21","passes":250738,"fails":0}],"name":""},"options":{"summaryTrendStats":["avg","min","med","max","p(90)","p(95)"],"summaryTimeUnit":"","noColor":false}}