{"metrics":{"http_req_sending":{"type":"trend","contains":"time","values":{"avg":0.009760757572343287,"min":0.005945,"med":0.009172,"max":3.642234,"p(90)":0.012618,"p(95)":0.013528799999999988}},"checks":{"type":"rate","contains":"default","values":{"passes":53253,"fails":0,"rate":1}},"data_sent":{"type":"counter","contains":"data","values":{"count":11342889,"rate":189042.1119823405}},"iteration_duration":{"type":"trend","contains":"time","values":{"avg":1.1217645384673183,"min":0.855834,"med":1.025202,"max":66.911725,"p(90)":1.3811570000000002,"p(95)":1.5250695999999997}},"data_received":{"type":"counter","contains":"data","values":{"count":21194694,"rate":353233.61769470194}},"vus":{"contains":"default","values":{"value":1,"min":1,"max":1},"type":"gauge"},"http_req_connecting":{"type":"trend","contains":"time","values":{"avg":0.000001284678797438642,"min":0,"med":0,"max":0.068413,"p(90)":0,"p(95)":0}},"http_req_failed":{"contains":"default","values":{"rate":0,"passes":0,"fails":53253},"type":"rate"},"http_req_duration":{"type":"trend","contains":"time","values":{"avg":1.0506098234653423,"min":0.795682,"med":0.955793,"max":66.812485,"p(90)":1.3031088000000002,"p(95)":1.4455715999999998}},"http_req_blocked":{"type":"trend","contains":"time","values":{"avg":0.0014724545471616797,"min":0.00095,"med":0.001357,"max":0.164351,"p(90)":0.001842,"p(95)":0.002066}},"http_req_receiving":{"type":"trend","contains":"time","values":{"min":0.014333,"med":0.021503,"max":0.21197,"p(90)":0.02954240000000001,"p(95)":0.033406799999999987,"avg":0.02335011997446154}},"http_req_waiting":{"type":"trend","contains":"time","values":{"avg":1.0174989459185384,"min":0.757075,"med":0.924005,"max":66.757609,"p(90)":1.265937,"p(95)":1.4086245999999996}},"iterations":{"type":"counter","contains":"default","values":{"count":53253,"rate":887.5216524992511}},"http_reqs":{"type":"counter","contains":"default","values":{"count":53253,"rate":887.5216524992511}},"http_req_duration{expected_response:true}":{"values":{"p(90)":1.3031088000000002,"p(95)":1.4455715999999998,"avg":1.0506098234653423,"min":0.795682,"med":0.955793,"max":66.812485},"type":"trend","contains":"time"},"vus_max":{"type":"gauge","contains":"default","values":{"value":1,"min":1,"max":1}},"http_req_tls_handshaking":{"values":{"max":0,"p(90)":0,"p(95)":0,"avg":0,"min":0,"med":0},"type":"trend","contains":"time"}},"metadata":{"type":"REST","testConfig":{"id":"8244654e-51ff-481d-bd43-bbc86715a505","name":"create-card","vus":1,"duration":"1m","executedAt":"2022-08-11T17:30:40.042Z"}},"root_group":{"path":"","id":"d41d8cd98f00b204e9800998ecf8427e","groups":[],"checks":[{"name":"is status 201","path":"::is status 201","id":"d8b97380f72868aef5b0eadc0ce32c21","passes":53253,"fails":0}],"name":""},"options":{"summaryTrendStats":["avg","min","med","max","p(90)","p(95)"],"summaryTimeUnit":"","noColor":false},"state":{"isStdOutTTY":true,"isStdErrTTY":true,"testRunDurationMs":60001.916404}}