{"metrics":{"http_req_receiving":{"type":"trend","contains":"time","values":{"max":15.674375,"p(90)":0.052108600000000005,"p(95)":0.08996599999999995,"avg":0.04605548418323632,"min":0.012395,"med":0.027823}},"vus":{"type":"gauge","contains":"default","values":{"value":50,"min":50,"max":50}},"checks":{"type":"rate","contains":"default","values":{"rate":1,"passes":239145,"fails":0}},"data_received":{"type":"counter","contains":"data","values":{"count":95179710,"rate":1586080.5337554333}},"http_req_duration{expected_response:true}":{"type":"trend","contains":"time","values":{"avg":12.381519668263614,"min":1.271434,"med":10.873507,"max":499.810358,"p(90)":21.095605000000003,"p(95)":24.510503399999994}},"http_req_connecting":{"type":"trend","contains":"time","values":{"avg":0.00014464531142194064,"min":0,"med":0,"max":3.002152,"p(90)":0,"p(95)":0}},"iterations":{"type":"counter","contains":"default","values":{"count":239145,"rate":3985.126969234757}},"http_req_sending":{"type":"trend","contains":"time","values":{"med":0.013024,"max":14.39565,"p(90)":0.020232,"p(95)":0.027482799999999988,"avg":0.01903945230299632,"min":0.006058}},"http_reqs":{"values":{"count":239145,"rate":3985.126969234757},"type":"counter","contains":"default"},"http_req_duration":{"type":"trend","contains":"time","values":{"max":499.810358,"p(90)":21.095605000000003,"p(95)":24.510503399999994,"avg":12.381519668263614,"min":1.271434,"med":10.873507}},"iteration_duration":{"contains":"time","values":{"p(95)":24.6622908,"avg":12.533773515841938,"min":1.365965,"med":11.025149,"max":499.902049,"p(90)":21.2531978},"type":"trend"},"data_sent":{"type":"counter","contains":"data","values":{"count":50937885,"rate":848832.0444470032}},"vus_max":{"type":"gauge","contains":"default","values":{"value":50,"min":50,"max":50}},"http_req_blocked":{"type":"trend","contains":"time","values":{"med":0.002198,"max":4.514347,"p(90)":0.003044,"p(95)":0.003731,"avg":0.0031823120784461563,"min":0.000885}},"http_req_waiting":{"type":"trend","contains":"time","values":{"med":10.810698,"max":499.768132,"p(90)":21.0253748,"p(95)":24.441461599999997,"avg":12.316424731777822,"min":1.214756}},"http_req_failed":{"type":"rate","contains":"default","values":{"rate":0,"passes":0,"fails":239145}},"http_req_tls_handshaking":{"type":"trend","contains":"time","values":{"med":0,"max":0,"p(90)":0,"p(95)":0,"avg":0,"min":0}}},"metadata":{"type":"REST","testConfig":{"executedAt":"2022-08-11T17:48:40.839Z","id":"14db1832-359c-4226-a0e5-59ee9399888a","name":"create-card","vus":50,"duration":"1m"}},"root_group":{"groups":[],"checks":[{"name":"is status 201","path":"::is status 201","id":"d8b97380f72868aef5b0eadc0ce32c21","passes":239145,"fails":0}],"name":"","path":"","id":"d41d8cd98f00b204e9800998ecf8427e"},"options":{"summaryTrendStats":["avg","min","med","max","p(90)","p(95)"],"summaryTimeUnit":"","noColor":false},"state":{"isStdOutTTY":true,"isStdErrTTY":true,"testRunDurationMs":60009.38034}}