{"state":{"isStdOutTTY":true,"isStdErrTTY":true,"testRunDurationMs":60029.910962},"metrics":{"vus_max":{"type":"gauge","contains":"default","values":{"value":100,"min":100,"max":100}},"http_req_connecting":{"values":{"min":0,"med":0,"max":42.754956,"p(90)":0,"p(95)":0,"avg":0.0058476233967721825},"type":"trend","contains":"time"},"data_sent":{"type":"counter","contains":"data","values":{"rate":975582.040044539,"count":58564103}},"http_req_duration{expected_response:true}":{"contains":"time","values":{"avg":39.269365852821714,"min":2.215207,"med":37.54371,"max":572.564582,"p(90)":48.8759214,"p(95)":62.521476299999996},"type":"trend"},"data_received":{"type":"counter","contains":"data","values":{"count":52936070,"rate":881828.2278231175}},"http_req_sending":{"type":"trend","contains":"time","values":{"p(95)":0.023526,"avg":0.020128499082930584,"min":0.005954,"med":0.013554,"max":40.913236,"p(90)":0.020073600000000007}},"iterations":{"values":{"count":152114,"rate":2533.9701086062055},"type":"counter","contains":"default"},"vus":{"type":"gauge","contains":"default","values":{"value":100,"min":100,"max":100}},"http_req_blocked":{"type":"trend","contains":"time","values":{"avg":0.009244438168490184,"min":0.000837,"med":0.002221,"max":42.993228,"p(90)":0.003062600000000006,"p(95)":0.003625}},"http_req_waiting":{"type":"trend","contains":"time","values":{"min":2.170128,"med":37.482993,"max":572.532519,"p(90)":48.741267199999996,"p(95)":62.435416999999994,"avg":39.202482903099856}},"http_req_receiving":{"type":"trend","contains":"time","values":{"max":17.209401,"p(90)":0.05030320000000001,"p(95)":0.062811,"avg":0.0467544506393194,"min":0.011288,"med":0.030951}},"http_reqs":{"type":"counter","contains":"default","values":{"count":152115,"rate":2533.9867669684118}},"http_req_failed":{"type":"rate","contains":"default","values":{"rate":0,"passes":0,"fails":152115}},"iteration_duration":{"type":"trend","contains":"time","values":{"avg":39.43083593314281,"min":2.336061,"med":37.69365,"max":572.668338,"p(90)":49.078222800000006,"p(95)":62.724886799999986}},"checks":{"type":"rate","contains":"default","values":{"rate":1,"passes":152114,"fails":0}},"http_req_tls_handshaking":{"type":"trend","contains":"time","values":{"max":0,"p(90)":0,"p(95)":0,"avg":0,"min":0,"med":0}},"http_req_duration":{"type":"trend","contains":"time","values":{"avg":39.269365852821714,"min":2.215207,"med":37.54371,"max":572.564582,"p(90)":48.8759214,"p(95)":62.521476299999996}}},"setup_data":{"card":{"cardholder_name":"Vinicius Barbosa","expiration_month":8,"masked_number":"3538********3941","active":true,"expiration_year":2027,"id":"94c7127f-a86d-458b-8742-ec9414f58255","is_credit":true,"is_debit":true,"token":"e3d8b78b42ea485eb30ba104754f7569b4ba8592c1994df7b85b5edebb196bc6"}},"metadata":{"type":"GRPC","testConfig":{"name":"create-card-payment","vus":100,"duration":"1m","executedAt":"2022-08-11T20:08:42.819Z","id":"240a7dee-fed8-4fa0-b279-a79cdad6331d"}},"root_group":{"name":"","path":"","id":"d41d8cd98f00b204e9800998ecf8427e","groups":[{"groups":[],"checks":[],"name":"setup","path":"::setup","id":"5c0f8025f7e0b6654089e5b00e950f1a"}],"checks":[{"fails":0,"name":"is status 201","path":"::is status 201","id":"d8b97380f72868aef5b0eadc0ce32c21","passes":152114}]},"options":{"noColor":false,"summaryTrendStats":["avg","min","med","max","p(90)","p(95)"],"summaryTimeUnit":""}}