{"metrics":{"http_req_blocked":{"type":"trend","contains":"time","values":{"med":0.002483,"max":8.327659,"p(90)":0.003549,"p(95)":0.004194149999999994,"avg":0.0037411453036570366,"min":0.000912}},"http_req_failed":{"type":"rate","contains":"default","values":{"rate":0,"passes":0,"fails":115558}},"iteration_duration":{"type":"trend","contains":"time","values":{"avg":12.968920839716793,"min":2.955029,"med":11.929482499999999,"max":198.63587,"p(90)":19.2529624,"p(95)":22.311904949999995}},"http_reqs":{"type":"counter","contains":"default","values":{"count":115558,"rate":1925.289917858707}},"iterations":{"type":"counter","contains":"default","values":{"rate":1925.2732570483963,"count":115557}},"http_req_duration":{"contains":"time","values":{"avg":12.771762428122804,"min":2.830393,"med":11.7362635,"max":198.484826,"p(90)":19.0382265,"p(95)":22.09943829999998},"type":"trend"},"http_req_connecting":{"contains":"time","values":{"max":0.719726,"p(90)":0,"p(95)":0,"avg":0.00007462155800550373,"min":0,"med":0},"type":"trend"},"data_received":{"type":"counter","contains":"data","values":{"count":39983118,"rate":666151.1446196281}},"http_req_tls_handshaking":{"type":"trend","contains":"time","values":{"avg":0,"min":0,"med":0,"max":0,"p(90)":0,"p(95)":0}},"http_req_waiting":{"type":"trend","contains":"time","values":{"min":2.761373,"med":11.657875,"max":198.406894,"p(90)":18.933495000000004,"p(95)":21.98446794999999,"avg":12.690516863609522}},"http_req_receiving":{"type":"trend","contains":"time","values":{"min":0.012649,"med":0.033633,"max":14.476374,"p(90)":0.06901390000000002,"p(95)":0.12340229999999965,"avg":0.05781282165665698}},"vus_max":{"type":"gauge","contains":"default","values":{"value":25,"min":25,"max":25}},"http_req_sending":{"values":{"avg":0.023432742856401064,"min":0.006336,"med":0.015215,"max":15.916753,"p(90)":0.023476300000000002,"p(95)":0.03165189999999996},"type":"trend","contains":"time"},"checks":{"type":"rate","contains":"default","values":{"rate":1,"passes":115557,"fails":0}},"vus":{"type":"gauge","contains":"default","values":{"value":25,"min":25,"max":25}},"http_req_duration{expected_response:true}":{"type":"trend","contains":"time","values":{"avg":12.771762428122804,"min":2.830393,"med":11.7362635,"max":198.484826,"p(90)":19.0382265,"p(95)":22.09943829999998}},"data_sent":{"type":"counter","contains":"data","values":{"count":44489658,"rate":741233.7527162287}}},"setup_data":{"card":{"cardholder_name":"Vinicius Barbosa","is_credit":true,"masked_number":"3956******9136","token":"af7d3b0278e14dde9776bef7c9e0da2a0add2f4ed8ce4f1eadbf72dfb375f588","active":true,"expiration_month":8,"expiration_year":2027,"id":"1bab3dbc-dde2-4212-9836-0d97f1d4e360","is_debit":true}},"metadata":{"type":"REST","testConfig":{"id":"43631c23-72c8-4ce4-ae7d-b50cbb5e56e7","name":"create-card-payment","vus":25,"duration":"1m","executedAt":"2022-08-11T19:16:41.164Z"}},"root_group":{"groups":[{"name":"setup","path":"::setup","id":"5c0f8025f7e0b6654089e5b00e950f1a","groups":[],"checks":[]}],"checks":[{"id":"d8b97380f72868aef5b0eadc0ce32c21","passes":115557,"fails":0,"name":"is status 201","path":"::is status 201"}],"name":"","path":"","id":"d41d8cd98f00b204e9800998ecf8427e"},"options":{"summaryTrendStats":["avg","min","med","max","p(90)","p(95)"],"summaryTimeUnit":"","noColor":false},"state":{"isStdOutTTY":true,"isStdErrTTY":true,"testRunDurationMs":60021.090293}}