{"options":{"summaryTrendStats":["avg","min","med","max","p(90)","p(95)"],"summaryTimeUnit":"","noColor":false},"state":{"isStdOutTTY":true,"isStdErrTTY":true,"testRunDurationMs":60020.109486},"metrics":{"data_sent":{"type":"counter","contains":"data","values":{"count":54973593,"rate":915919.5721364499}},"vus":{"type":"gauge","contains":"default","values":{"min":50,"max":50,"value":50}},"http_req_tls_handshaking":{"type":"trend","contains":"time","values":{"avg":0,"min":0,"med":0,"max":0,"p(90)":0,"p(95)":0}},"http_req_waiting":{"type":"trend","contains":"time","values":{"p(95)":31.838511000000004,"avg":20.771917850751944,"min":2.315997,"med":19.345666,"max":806.012055,"p(90)":25.990995199999997}},"vus_max":{"values":{"value":50,"min":50,"max":50},"type":"gauge","contains":"default"},"http_req_receiving":{"type":"trend","contains":"time","values":{"avg":0.046846888779947464,"min":0.012747,"med":0.032279,"max":16.015917,"p(90)":0.053318,"p(95)":0.06786360000000007}},"data_received":{"values":{"rate":827899.5560911229,"count":49690622},"type":"counter","contains":"data"},"http_reqs":{"type":"counter","contains":"default","values":{"count":142789,"rate":2379.0193190718232}},"iteration_duration":{"type":"trend","contains":"time","values":{"max":806.552597,"p(90)":26.272880999999995,"p(95)":32.1407274,"avg":21.000381945051682,"min":2.46942,"med":19.564932}},"http_req_failed":{"contains":"default","values":{"rate":0,"passes":0,"fails":142789},"type":"rate"},"http_req_connecting":{"type":"trend","contains":"time","values":{"p(90)":0,"p(95)":0,"avg":0.0003592510557535944,"min":0,"med":0,"max":2.105306}},"http_req_sending":{"type":"trend","contains":"time","values":{"avg":0.019706502615747776,"min":0.006307,"med":0.0143,"max":20.312113,"p(90)":0.021226199999999997,"p(95)":0.02487220000000001}},"checks":{"type":"rate","contains":"default","values":{"rate":1,"passes":142788,"fails":0}},"http_req_duration":{"type":"trend","contains":"time","values":{"p(95)":31.93658300000001,"avg":20.83847124214776,"min":2.354457,"med":19.408193,"max":806.116101,"p(90)":26.0801714}},"http_req_duration{expected_response:true}":{"type":"trend","contains":"time","values":{"avg":20.83847124214776,"min":2.354457,"med":19.408193,"max":806.116101,"p(90)":26.0801714,"p(95)":31.93658300000001}},"iterations":{"values":{"count":142788,"rate":2379.0026579892533},"type":"counter","contains":"default"},"http_req_blocked":{"type":"trend","contains":"time","values":{"avg":0.003191604955563794,"min":0.000878,"med":0.00235,"max":2.154719,"p(90)":0.003195,"p(95)":0.003792}}},"setup_data":{"card":{"id":"2aad2310-684c-43c9-8b69-2a8f26abf154","masked_number":"3548********4809","token":"7a573522af74435ab4474dc432bc1dd5e44dea7b3b384275bcf7a4d6318de6f7","is_debit":true,"active":true,"cardholder_name":"Vinicius Barbosa","expiration_month":8,"expiration_year":2027,"is_credit":true}},"metadata":{"type":"GRPC","testConfig":{"id":"c4e77cc4-0103-4abc-ac9e-da0f78901f4e","name":"create-card-payment","vus":50,"duration":"1m","executedAt":"2022-08-11T20:04:41.353Z"}},"root_group":{"groups":[{"name":"setup","path":"::setup","id":"5c0f8025f7e0b6654089e5b00e950f1a","groups":[],"checks":[]}],"checks":[{"name":"is status 201","path":"::is status 201","id":"d8b97380f72868aef5b0eadc0ce32c21","passes":142788,"fails":0}],"name":"","path":"","id":"d41d8cd98f00b204e9800998ecf8427e"}}