{"metrics":{"data_received":{"type":"counter","contains":"data","values":{"count":45363590,"rate":755928.6149859462}},"http_req_sending":{"type":"trend","contains":"time","values":{"avg":0.018143510705381984,"min":0.00668,"med":0.014418,"max":6.498735,"p(90)":0.022379,"p(95)":0.026334599999999975}},"data_sent":{"type":"counter","contains":"data","values":{"count":50186503,"rate":836296.5476007969}},"http_req_connecting":{"type":"trend","contains":"time","values":{"p(95)":0,"avg":0.000006113436385255648,"min":0,"med":0,"max":0.161471,"p(90)":0}},"http_req_failed":{"type":"rate","contains":"default","values":{"rate":0,"passes":0,"fails":130355}},"iterations":{"type":"counter","contains":"default","values":{"rate":2172.189605758231,"count":130354}},"vus_max":{"type":"gauge","contains":"default","values":{"value":10,"min":10,"max":10}},"http_req_duration{expected_response:true}":{"type":"trend","contains":"time","values":{"max":281.922787,"p(90)":5.6330708000000005,"p(95)":6.624328899999999,"avg":4.432425911733345,"min":1.963268,"med":3.960293}},"http_req_tls_handshaking":{"values":{"avg":0,"min":0,"med":0,"max":0,"p(90)":0,"p(95)":0},"type":"trend","contains":"time"},"http_req_duration":{"type":"trend","contains":"time","values":{"p(95)":6.624328899999999,"avg":4.432425911733345,"min":1.963268,"med":3.960293,"max":281.922787,"p(90)":5.6330708000000005}},"iteration_duration":{"contains":"time","values":{"min":2.07251,"med":4.113672,"max":282.058366,"p(90)":5.800830800000001,"p(95)":6.805965999999993,"avg":4.5917087996394566},"type":"trend"},"checks":{"type":"rate","contains":"default","values":{"rate":1,"passes":130354,"fails":0}},"vus":{"type":"gauge","contains":"default","values":{"value":10,"min":10,"max":10}},"http_req_waiting":{"type":"trend","contains":"time","values":{"med":3.898071,"max":281.854733,"p(90)":5.56698,"p(95)":6.5496478,"avg":4.369271354869441,"min":1.915639}},"http_req_blocked":{"type":"trend","contains":"time","values":{"p(90)":0.003095,"p(95)":0.003704299999999988,"avg":0.0027028398296958414,"min":0.000887,"med":0.002271,"max":0.800713}},"http_req_receiving":{"type":"trend","contains":"time","values":{"max":6.96238,"p(90)":0.06011300000000003,"p(95)":0.08754949999999995,"avg":0.04501104615856628,"min":0.012312,"med":0.034141}},"http_reqs":{"type":"counter","contains":"default","values":{"count":130355,"rate":2172.206269532306}}},"setup_data":{"card":{"masked_number":"3548********2607","expiration_year":2027,"is_credit":true,"is_debit":true,"id":"89396d50-5f7c-4151-a0de-64b3b3ac9622","token":"2444fbf79d6c49ff854ca3b3e6e52764074aee6c6e06486fae4de1638638396c","active":true,"cardholder_name":"Vinicius Barbosa","expiration_month":8}},"metadata":{"type":"GRPC","testConfig":{"id":"8ad8795d-8995-4bc5-b526-1914eddaf994","name":"create-card-payment","vus":10,"duration":"1m","executedAt":"2022-08-11T19:47:17.024Z"}},"root_group":{"checks":[{"name":"is status 201","path":"::is status 201","id":"d8b97380f72868aef5b0eadc0ce32c21","passes":130354,"fails":0}],"name":"","path":"","id":"d41d8cd98f00b204e9800998ecf8427e","groups":[{"groups":[],"checks":[],"name":"setup","path":"::setup","id":"5c0f8025f7e0b6654089e5b00e950f1a"}]},"options":{"noColor":false,"summaryTrendStats":["avg","min","med","max","p(90)","p(95)"],"summaryTimeUnit":""},"state":{"isStdOutTTY":true,"isStdErrTTY":true,"testRunDurationMs":60010.415138}}