{"options":{"summaryTrendStats":["avg","min","med","max","p(90)","p(95)"],"summaryTimeUnit":"","noColor":false},"state":{"isStdOutTTY":true,"isStdErrTTY":true,"testRunDurationMs":60003.433728},"metrics":{"http_req_tls_handshaking":{"contains":"time","values":{"avg":0,"min":0,"med":0,"max":0,"p(90)":0,"p(95)":0},"type":"trend"},"http_req_failed":{"contains":"default","values":{"passes":0,"fails":365299,"rate":0},"type":"rate"},"iterations":{"type":"counter","contains":"default","values":{"count":365299,"rate":6087.968259548735}},"http_req_waiting":{"type":"trend","contains":"time","values":{"min":0.975495,"med":3.33804,"max":465.159402,"p(90)":4.9675552000000005,"p(95)":6.067985599999999,"avg":3.877554167550387}},"vus_max":{"type":"gauge","contains":"default","values":{"value":25,"min":25,"max":25}},"data_received":{"type":"counter","contains":"data","values":{"count":145389002,"rate":2423011.3673003963}},"http_req_blocked":{"type":"trend","contains":"time","values":{"p(95)":0.003707,"avg":0.0031326755972504055,"min":0.000837,"med":0.002116,"max":6.852641,"p(90)":0.00297}},"http_req_sending":{"type":"trend","contains":"time","values":{"avg":0.01866688720199099,"min":0.005957,"med":0.01251,"max":10.176195,"p(90)":0.018933,"p(95)":0.026778}},"http_req_duration":{"type":"trend","contains":"time","values":{"avg":3.9399457925889276,"min":1.022283,"med":3.39543,"max":465.187536,"p(90)":5.0375916,"p(95)":6.154224499999999}},"checks":{"values":{"fails":0,"rate":1,"passes":365299},"type":"rate","contains":"default"},"http_req_duration{expected_response:true}":{"type":"trend","contains":"time","values":{"p(95)":6.154224499999999,"avg":3.9399457925889276,"min":1.022283,"med":3.39543,"max":465.187536,"p(90)":5.0375916}},"http_reqs":{"contains":"default","values":{"count":365299,"rate":6087.968259548735},"type":"counter"},"http_req_receiving":{"type":"trend","contains":"time","values":{"avg":0.043724737836676374,"min":0.011738,"med":0.026546,"max":17.303295,"p(90)":0.050422200000000014,"p(95)":0.09857019999999948}},"data_sent":{"type":"counter","contains":"data","values":{"count":77808687,"rate":1296737.2392838805}},"vus":{"type":"gauge","contains":"default","values":{"value":25,"min":25,"max":25}},"http_req_connecting":{"type":"trend","contains":"time","values":{"p(90)":0,"p(95)":0,"avg":0.00001612026586440149,"min":0,"med":0,"max":1.330096}},"iteration_duration":{"contains":"time","values":{"med":3.543703,"max":465.274283,"p(90)":5.2117124,"p(95)":6.352471999999999,"avg":4.094447108174533,"min":1.123972},"type":"trend"}},"metadata":{"type":"GRPC","testConfig":{"vus":25,"duration":"1m","executedAt":"2022-08-11T18:18:55.663Z","id":"f31c8249-3080-4a20-9c51-1a8d4fd982c8","name":"create-card"}},"root_group":{"checks":[{"path":"::is status 201","id":"d8b97380f72868aef5b0eadc0ce32c21","passes":365299,"fails":0,"name":"is status 201"}],"name":"","path":"","id":"d41d8cd98f00b204e9800998ecf8427e","groups":[]}}