{"state":{"isStdOutTTY":true,"isStdErrTTY":true,"testRunDurationMs":60038.307471},"metrics":{"http_req_duration{expected_response:true}":{"type":"trend","contains":"time","values":{"max":365.756989,"p(90)":83.5755066,"p(95)":90.79327939999999,"avg":49.15238565328646,"min":2.296771,"med":47.236193}},"iteration_duration":{"type":"trend","contains":"time","values":{"min":2.432795,"med":47.390897,"max":365.89878,"p(90)":83.77502580000001,"p(95)":90.9658719,"avg":49.32914956891673}},"http_reqs":{"type":"counter","contains":"default","values":{"count":121619,"rate":2025.6900156411805}},"http_req_duration":{"contains":"time","values":{"min":2.296771,"med":47.236193,"max":365.756989,"p(90)":83.5755066,"p(95)":90.79327939999999,"avg":49.15238565328646},"type":"trend"},"http_req_sending":{"values":{"p(90)":0.021272,"p(95)":0.024894099999999992,"avg":0.020862293712331,"min":0.00673,"med":0.014275,"max":39.377656},"type":"trend","contains":"time"},"http_req_waiting":{"type":"trend","contains":"time","values":{"med":47.168906,"max":365.701506,"p(90)":83.49672279999999,"p(95)":90.70853729999997,"avg":49.076636298530765,"min":2.263154}},"http_req_failed":{"type":"rate","contains":"default","values":{"passes":0,"fails":121619,"rate":0}},"http_req_blocked":{"values":{"max":25.287823,"p(90)":0.00337,"p(95)":0.003916,"avg":0.015677875068861747,"min":0.000919,"med":0.002343},"type":"trend","contains":"time"},"data_sent":{"contains":"data","values":{"count":46823143,"rate":779887.7911842659},"type":"counter"},"checks":{"type":"rate","contains":"default","values":{"fails":0,"rate":1,"passes":121618}},"vus_max":{"type":"gauge","contains":"default","values":{"value":100,"min":100,"max":100}},"http_req_connecting":{"type":"trend","contains":"time","values":{"p(90)":0,"p(95)":0,"avg":0.012353767980332019,"min":0,"med":0,"max":25.249971}},"data_received":{"type":"counter","contains":"data","values":{"count":42080224,"rate":700889.5782134731}},"vus":{"contains":"default","values":{"max":100,"value":100,"min":100},"type":"gauge"},"http_req_tls_handshaking":{"values":{"min":0,"med":0,"max":0,"p(90)":0,"p(95)":0,"avg":0},"type":"trend","contains":"time"},"http_req_receiving":{"type":"trend","contains":"time","values":{"max":25.701119,"p(90)":0.056552399999999996,"p(95)":0.07366149999999996,"avg":0.05488706104309356,"min":0.012101,"med":0.032812}},"iterations":{"contains":"default","values":{"count":121618,"rate":2025.6733596086885},"type":"counter"}},"setup_data":{"card":{"active":true,"is_debit":true,"masked_number":"3960******3077","token":"363f6f9d3df847a99f925993d03192c0b6030e3bd55b4ca58a1f0f7fddc074c8","cardholder_name":"Vinicius Barbosa","expiration_month":8,"expiration_year":2027,"id":"ccba6b66-fcc3-4bde-b4da-fabeff827c8c","is_credit":true}},"metadata":{"type":"REST","testConfig":{"id":"240a7dee-fed8-4fa0-b279-a79cdad6331d","name":"create-card-payment","vus":100,"duration":"1m","executedAt":"2022-08-11T19:31:46.298Z"}},"root_group":{"name":"","path":"","id":"d41d8cd98f00b204e9800998ecf8427e","groups":[{"groups":[],"checks":[],"name":"setup","path":"::setup","id":"5c0f8025f7e0b6654089e5b00e950f1a"}],"checks":[{"name":"is status 201","path":"::is status 201","id":"d8b97380f72868aef5b0eadc0ce32c21","passes":121618,"fails":0}]},"options":{"summaryTrendStats":["avg","min","med","max","p(90)","p(95)"],"summaryTimeUnit":"","noColor":false}}