{"state":{"isStdOutTTY":true,"isStdErrTTY":true,"testRunDurationMs":60002.682527},"metrics":{"http_req_duration{expected_response:true}":{"type":"trend","contains":"time","values":{"max":95.9293,"p(90)":2.1552108,"p(95)":2.4838812000000003,"avg":1.828180139183421,"min":0.821948,"med":1.575028}},"data_sent":{"type":"counter","contains":"data","values":{"count":65260431,"rate":1087625.2235995303}},"http_req_failed":{"type":"rate","contains":"default","values":{"passes":0,"fails":306387,"rate":0}},"http_reqs":{"type":"counter","contains":"default","values":{"count":306387,"rate":5106.221707040048}},"data_received":{"type":"counter","contains":"data","values":{"count":121329252,"rate":2022063.7959878591}},"http_req_sending":{"type":"trend","contains":"time","values":{"avg":0.014648207880882624,"min":0.006002,"med":0.012256,"max":6.488746,"p(90)":0.018025,"p(95)":0.021343}},"http_req_connecting":{"type":"trend","contains":"time","values":{"p(95)":0,"avg":0.000005213971219405522,"min":0,"med":0,"max":0.489757,"p(90)":0}},"http_req_waiting":{"type":"trend","contains":"time","values":{"p(95)":2.4278497000000003,"avg":1.7794760151116074,"min":0.78749,"med":1.527638,"max":95.884148,"p(90)":2.1057050000000004}},"vus_max":{"contains":"default","values":{"max":10,"value":10,"min":10},"type":"gauge"},"http_req_tls_handshaking":{"values":{"max":0,"p(90)":0,"p(95)":0,"avg":0,"min":0,"med":0},"type":"trend","contains":"time"},"http_req_blocked":{"type":"trend","contains":"time","values":{"med":0.002042,"max":3.967052,"p(90)":0.0028,"p(95)":0.003454,"avg":0.0024352677789855844,"min":0.000845}},"vus":{"type":"gauge","contains":"default","values":{"value":10,"min":10,"max":10}},"checks":{"type":"rate","contains":"default","values":{"rate":1,"passes":306387,"fails":0}},"iteration_duration":{"type":"trend","contains":"time","values":{"max":96.047872,"p(90)":2.275047,"p(95)":2.6166881,"avg":1.94910805613815,"min":0.906666,"med":1.694505}},"iterations":{"type":"counter","contains":"default","values":{"count":306387,"rate":5106.221707040048}},"http_req_receiving":{"type":"trend","contains":"time","values":{"avg":0.03405591619096084,"min":0.009672,"med":0.026968,"max":6.250811,"p(90)":0.04360240000000003,"p(95)":0.05792670000000001}},"http_req_duration":{"type":"trend","contains":"time","values":{"avg":1.828180139183421,"min":0.821948,"med":1.575028,"max":95.9293,"p(90)":2.1552108,"p(95)":2.4838812000000003}}},"metadata":{"type":"GRPC","testConfig":{"id":"dfce9f52-4c55-4845-bbc2-5ec8279ccf6e","name":"create-card","vus":10,"duration":"1m","executedAt":"2022-08-11T18:13:12.089Z"}},"root_group":{"name":"","path":"","id":"d41d8cd98f00b204e9800998ecf8427e","groups":[],"checks":[{"fails":0,"name":"is status 201","path":"::is status 201","id":"d8b97380f72868aef5b0eadc0ce32c21","passes":306387}]},"options":{"summaryTrendStats":["avg","min","med","max","p(90)","p(95)"],"summaryTimeUnit":"","noColor":false}}