{"state":{"isStdErrTTY":true,"testRunDurationMs":60017.039287,"isStdOutTTY":true},"metrics":{"data_sent":{"type":"counter","contains":"data","values":{"count":53263845,"rate":887478.7165906936}},"data_received":{"type":"counter","contains":"data","values":{"count":99525870,"rate":1658293.5643337844}},"http_req_receiving":{"values":{"p(90)":0.050291,"p(95)":0.08895579999999993,"avg":0.04979786538300007,"min":0.011891,"med":0.026763,"max":22.840915},"type":"trend","contains":"time"},"http_req_duration":{"type":"trend","contains":"time","values":{"max":498.623991,"p(90)":38.398211200000006,"p(95)":43.70245899999998,"avg":23.824164791366556,"min":1.173543,"med":22.63681}},"iteration_duration":{"type":"trend","contains":"time","values":{"p(90)":38.55787540000001,"p(95)":43.881433799999975,"avg":23.982051858460736,"min":1.308246,"med":22.795898,"max":498.726982}},"vus_max":{"type":"gauge","contains":"default","values":{"value":100,"min":100,"max":100}},"http_req_connecting":{"contains":"time","values":{"avg":0.0011353945014296286,"min":0,"med":0,"max":34.080113,"p(90)":0,"p(95)":0},"type":"trend"},"http_reqs":{"type":"counter","contains":"default","values":{"count":250065,"rate":4166.566744557247}},"checks":{"type":"rate","contains":"default","values":{"rate":1,"passes":250065,"fails":0}},"vus":{"contains":"default","values":{"value":100,"min":100,"max":100},"type":"gauge"},"http_req_blocked":{"type":"trend","contains":"time","values":{"med":0.002165,"max":34.123165,"p(90)":0.003016,"p(95)":0.003684,"avg":0.004202459188611118,"min":0.000831}},"http_req_failed":{"type":"rate","contains":"default","values":{"rate":0,"passes":0,"fails":250065}},"http_req_duration{expected_response:true}":{"type":"trend","contains":"time","values":{"avg":23.824164791366556,"min":1.173543,"med":22.63681,"max":498.623991,"p(90)":38.398211200000006,"p(95)":43.70245899999998}},"http_req_tls_handshaking":{"type":"trend","contains":"time","values":{"p(95)":0,"avg":0,"min":0,"med":0,"max":0,"p(90)":0}},"iterations":{"type":"counter","contains":"default","values":{"count":250065,"rate":4166.566744557247}},"http_req_sending":{"type":"trend","contains":"time","values":{"max":17.965714,"p(90)":0.019799,"p(95)":0.027434,"avg":0.019382365440984786,"min":0.005988,"med":0.012738}},"http_req_waiting":{"type":"trend","contains":"time","values":{"p(95)":43.62035659999999,"avg":23.75498456054256,"min":1.135469,"med":22.573127,"max":498.590461,"p(90)":38.3066474}}},"metadata":{"type":"REST","testConfig":{"duration":"1m","executedAt":"2022-08-11T17:53:08.903Z","id":"f889ac39-6948-4782-afa0-93f678ad1a98","name":"create-card","vus":100}},"root_group":{"name":"","path":"","id":"d41d8cd98f00b204e9800998ecf8427e","groups":[],"checks":[{"path":"::is status 201","id":"d8b97380f72868aef5b0eadc0ce32c21","passes":250065,"fails":0,"name":"is status 201"}]},"options":{"summaryTrendStats":["avg","min","med","max","p(90)","p(95)"],"summaryTimeUnit":"","noColor":false}}