{"metrics":{"http_req_failed":{"type":"rate","contains":"default","values":{"rate":0,"passes":0,"fails":358229}},"iterations":{"type":"counter","contains":"default","values":{"count":358229,"rate":5754.513041288481}},"http_req_duration{expected_response:true}":{"type":"trend","contains":"time","values":{"avg":4.093184301427273,"min":1.035202,"med":3.426712,"max":2848.198946,"p(90)":5.107730200000001,"p(95)":6.401551999999996}},"http_req_connecting":{"contains":"time","values":{"p(90)":0,"p(95)":0,"avg":0.00001823493631168889,"min":0,"med":0,"max":1.092299},"type":"trend"},"data_received":{"type":"counter","contains":"data","values":{"count":142575142,"rate":2290296.1904328153}},"checks":{"values":{"rate":1,"passes":358229,"fails":0},"type":"rate","contains":"default"},"http_reqs":{"type":"counter","contains":"default","values":{"count":358229,"rate":5754.513041288481}},"http_req_blocked":{"type":"trend","contains":"time","values":{"avg":0.003034517473459829,"min":0.000896,"med":0.00213,"max":2.659612,"p(90)":0.003006,"p(95)":0.003725}},"vus":{"type":"gauge","contains":"default","values":{"value":4,"min":4,"max":25}},"http_req_duration":{"contains":"time","values":{"avg":4.093184301427273,"min":1.035202,"med":3.426712,"max":2848.198946,"p(90)":5.107730200000001,"p(95)":6.401551999999996},"type":"trend"},"http_req_waiting":{"type":"trend","contains":"time","values":{"avg":4.031145930692283,"min":1.00011,"med":3.368837,"max":2848.144384,"p(90)":5.0372096000000015,"p(95)":6.307268999999997}},"vus_max":{"type":"gauge","contains":"default","values":{"value":25,"min":25,"max":25}},"http_req_sending":{"type":"trend","contains":"time","values":{"min":0.005561,"med":0.012503,"max":11.681837,"p(90)":0.018769200000000014,"p(95)":0.026240599999999975,"avg":0.01828228741950011}},"data_sent":{"type":"counter","contains":"data","values":{"count":76302777,"rate":1225711.2777944466}},"http_req_receiving":{"values":{"avg":0.043756083315421024,"min":0.011296,"med":0.026556,"max":12.647352,"p(90)":0.050042,"p(95)":0.09464959999999997},"type":"trend","contains":"time"},"iteration_duration":{"type":"trend","contains":"time","values":{"p(95)":6.591239399999998,"avg":4.245368499942846,"min":1.135775,"med":3.573013,"max":2848.30727,"p(90)":5.278378}},"http_req_tls_handshaking":{"type":"trend","contains":"time","values":{"p(90)":0,"p(95)":0,"avg":0,"min":0,"med":0,"max":0}}},"metadata":{"type":"GRPC","testConfig":{"id":"f31c8249-3080-4a20-9c51-1a8d4fd982c8","name":"create-card","vus":25,"duration":"1m","executedAt":"2022-08-11T18:19:59.176Z"}},"root_group":{"checks":[{"name":"is status 201","path":"::is status 201","id":"d8b97380f72868aef5b0eadc0ce32c21","passes":358229,"fails":0}],"name":"","path":"","id":"d41d8cd98f00b204e9800998ecf8427e","groups":[]},"options":{"summaryTrendStats":["avg","min","med","max","p(90)","p(95)"],"summaryTimeUnit":"","noColor":false},"state":{"isStdOutTTY":true,"isStdErrTTY":true,"testRunDurationMs":62251.835634}}