{"state":{"isStdOutTTY":true,"isStdErrTTY":true,"testRunDurationMs":60017.962811},"metrics":{"checks":{"type":"rate","contains":"default","values":{"fails":0,"rate":1,"passes":159317}},"http_req_duration{expected_response:true}":{"type":"trend","contains":"time","values":{"avg":18.673247619748075,"min":2.170887,"med":18.1151025,"max":154.546549,"p(90)":23.395114700000004,"p(95)":27.56318485}},"vus_max":{"values":{"value":50,"min":50,"max":50},"type":"gauge","contains":"default"},"http_req_receiving":{"type":"trend","contains":"time","values":{"avg":0.04217415200416731,"min":0.011548,"med":0.030429,"max":15.653798,"p(90)":0.049712,"p(95)":0.06141215}},"data_sent":{"type":"counter","contains":"data","values":{"rate":1021981.672272925,"count":61337258}},"http_reqs":{"type":"counter","contains":"default","values":{"count":159318,"rate":2654.5052937185073}},"http_req_connecting":{"type":"trend","contains":"time","values":{"med":0,"max":2.989019,"p(90)":0,"p(95)":0,"avg":0.0003177467643329693,"min":0}},"iterations":{"type":"counter","contains":"default","values":{"count":159317,"rate":2654.488632040017}},"http_req_tls_handshaking":{"type":"trend","contains":"time","values":{"avg":0,"min":0,"med":0,"max":0,"p(90)":0,"p(95)":0}},"data_received":{"contains":"data","values":{"count":55442714,"rate":923768.6752979651},"type":"counter"},"http_req_duration":{"type":"trend","contains":"time","values":{"max":154.546549,"p(90)":23.395114700000004,"p(95)":27.56318485,"avg":18.673247619748075,"min":2.170887,"med":18.1151025}},"http_req_waiting":{"type":"trend","contains":"time","values":{"min":2.131271,"med":18.058028,"max":154.509991,"p(90)":23.322360400000004,"p(95)":27.483279999999997,"avg":18.61320158886017}},"vus":{"type":"gauge","contains":"default","values":{"value":50,"min":50,"max":50}},"http_req_failed":{"type":"rate","contains":"default","values":{"fails":159318,"rate":0,"passes":0}},"http_req_sending":{"values":{"max":16.913745,"p(90)":0.019925300000000017,"p(95)":0.023348149999999995,"avg":0.017871878883741914,"min":0.006035,"med":0.013496},"type":"trend","contains":"time"},"http_req_blocked":{"type":"trend","contains":"time","values":{"avg":0.0029853334400381354,"min":0.000889,"med":0.002203,"max":6.692762,"p(90)":0.003021,"p(95)":0.003575}},"iteration_duration":{"contains":"time","values":{"p(90)":23.5567445,"p(95)":27.742071999999997,"avg":18.821636641452944,"min":2.291746,"med":18.2616815,"max":154.657544},"type":"trend"}},"setup_data":{"card":{"expiration_month":8,"id":"b625adb5-864a-47d7-b643-a8b23b90daff","is_credit":true,"masked_number":"3568********7094","token":"5d68e468d4984ae0a81eca0d31a09ac37483a5a48cad437bbaebbd82c143d4e8","active":true,"cardholder_name":"Vinicius Barbosa","expiration_year":2027,"is_debit":true}},"metadata":{"type":"GRPC","testConfig":{"id":"c4e77cc4-0103-4abc-ac9e-da0f78901f4e","name":"create-card-payment","vus":50,"duration":"1m","executedAt":"2022-08-11T20:00:37.138Z"}},"root_group":{"id":"d41d8cd98f00b204e9800998ecf8427e","groups":[{"id":"5c0f8025f7e0b6654089e5b00e950f1a","groups":[],"checks":[],"name":"setup","path":"::setup"}],"checks":[{"id":"d8b97380f72868aef5b0eadc0ce32c21","passes":159317,"fails":0,"name":"is status 201","path":"::is status 201"}],"name":"","path":""},"options":{"summaryTrendStats":["avg","min","med","max","p(90)","p(95)"],"summaryTimeUnit":"","noColor":false}}