{"state":{"isStdOutTTY":true,"isStdErrTTY":true,"testRunDurationMs":60013.311868},"metrics":{"vus":{"contains":"default","values":{"min":25,"max":25,"value":25},"type":"gauge"},"http_req_waiting":{"type":"trend","contains":"time","values":{"avg":10.408972303279851,"min":2.337046,"med":9.149826,"max":408.367883,"p(90)":13.440741000000001,"p(95)":16.664087499999994}},"iteration_duration":{"contains":"time","values":{"avg":10.626838509272012,"min":2.466353,"med":9.35869,"max":408.593742,"p(90)":13.682219000000003,"p(95)":16.981314799999993},"type":"trend"},"http_req_duration":{"type":"trend","contains":"time","values":{"min":2.371783,"med":9.20793,"max":408.402484,"p(90)":13.5112292,"p(95)":16.77477849999998,"avg":10.470944729312388}},"http_req_duration{expected_response:true}":{"type":"trend","contains":"time","values":{"avg":10.470944729312388,"min":2.371783,"med":9.20793,"max":408.402484,"p(90)":13.5112292,"p(95)":16.77477849999998}},"iterations":{"type":"counter","contains":"default","values":{"count":141014,"rate":2349.712015730143}},"data_sent":{"contains":"data","values":{"count":54290603,"rate":904642.6752686609},"type":"counter"},"http_reqs":{"type":"counter","contains":"default","values":{"count":141015,"rate":2349.728678699889}},"http_req_connecting":{"type":"trend","contains":"time","values":{"min":0,"med":0,"max":4.613032,"p(90)":0,"p(95)":0,"avg":0.0006947349289082722}},"http_req_tls_handshaking":{"values":{"max":0,"p(90)":0,"p(95)":0,"avg":0,"min":0,"med":0},"type":"trend","contains":"time"},"checks":{"type":"rate","contains":"default","values":{"rate":1,"passes":141014,"fails":0}},"http_req_blocked":{"type":"trend","contains":"time","values":{"med":0.002258,"max":5.292239,"p(90)":0.003137,"p(95)":0.003725,"avg":0.0035199143069885312,"min":0.000878}},"http_req_sending":{"contains":"time","values":{"max":11.700927,"p(90)":0.0206,"p(95)":0.024307,"avg":0.01845054457327249,"min":0.006097,"med":0.013829},"type":"trend"},"http_req_receiving":{"contains":"time","values":{"p(95)":0.06697949999999994,"avg":0.04352188145941856,"min":0.01166,"med":0.031284,"max":10.783002,"p(90)":0.052698600000000005},"type":"trend"},"http_req_failed":{"values":{"rate":0,"passes":0,"fails":141015},"type":"rate","contains":"default"},"data_received":{"type":"counter","contains":"data","values":{"count":49073270,"rate":817706.4133360486}},"vus_max":{"type":"gauge","contains":"default","values":{"value":25,"min":25,"max":25}}},"setup_data":{"card":{"active":true,"expiration_month":8,"is_credit":true,"is_debit":true,"token":"246c692bcea745d1b659e1a19a692e97c327088a4f6843ff99e0ac2ec0e31387","cardholder_name":"Vinicius Barbosa","expiration_year":2027,"id":"b653813a-c43d-444c-928a-4dfe7f79ac77","masked_number":"3588********0302"}},"metadata":{"type":"GRPC","testConfig":{"id":"43631c23-72c8-4ce4-ae7d-b50cbb5e56e7","name":"create-card-payment","vus":25,"duration":"1m","executedAt":"2022-08-11T19:51:38.025Z"}},"root_group":{"name":"","path":"","id":"d41d8cd98f00b204e9800998ecf8427e","groups":[{"groups":[],"checks":[],"name":"setup","path":"::setup","id":"5c0f8025f7e0b6654089e5b00e950f1a"}],"checks":[{"name":"is status 201","path":"::is status 201","id":"d8b97380f72868aef5b0eadc0ce32c21","passes":141014,"fails":0}]},"options":{"summaryTrendStats":["avg","min","med","max","p(90)","p(95)"],"summaryTimeUnit":"","noColor":false}}