{"state":{"isStdOutTTY":true,"isStdErrTTY":true,"testRunDurationMs":60025.208629},"metrics":{"http_req_failed":{"contains":"default","values":{"rate":0,"passes":0,"fails":121945},"type":"rate"},"data_sent":{"values":{"count":46948653,"rate":782148.9349612637},"type":"counter","contains":"data"},"http_req_duration{expected_response:true}":{"type":"trend","contains":"time","values":{"max":417.262642,"p(90)":84.88572840000002,"p(95)":93.34804259999996,"avg":48.98970340493702,"min":1.830206,"med":47.627464}},"http_req_waiting":{"type":"trend","contains":"time","values":{"p(95)":93.2341108,"avg":48.905978461265015,"min":1.686877,"med":47.549969,"max":417.224638,"p(90)":84.7952018}},"http_req_connecting":{"contains":"time","values":{"p(90)":0,"p(95)":0,"avg":0.002554871638853582,"min":0,"med":0,"max":27.985489},"type":"trend"},"iterations":{"type":"counter","contains":"default","values":{"count":121944,"rate":2031.546458317267}},"http_req_receiving":{"type":"trend","contains":"time","values":{"avg":0.059887498077002825,"min":0.012751,"med":0.033205,"max":30.748027,"p(90)":0.06452620000000005,"p(95)":0.11271259999999991}},"http_req_sending":{"type":"trend","contains":"time","values":{"max":25.246226,"p(90)":0.022764,"p(95)":0.029442399999999966,"avg":0.02383744559432544,"min":0.007238,"med":0.014897}},"http_req_tls_handshaking":{"type":"trend","contains":"time","values":{"avg":0,"min":0,"med":0,"max":0,"p(90)":0,"p(95)":0}},"vus":{"type":"gauge","contains":"default","values":{"value":100,"min":100,"max":100}},"http_reqs":{"type":"counter","contains":"default","values":{"count":121945,"rate":2031.5631179844775}},"vus_max":{"type":"gauge","contains":"default","values":{"value":100,"min":100,"max":100}},"data_received":{"values":{"count":42193020,"rate":702921.6718059897},"type":"counter","contains":"data"},"http_req_blocked":{"contains":"time","values":{"p(95)":0.004155,"avg":0.006193424183033415,"min":0.001057,"med":0.002445,"max":28.039918,"p(90)":0.003504},"type":"trend"},"iteration_duration":{"type":"trend","contains":"time","values":{"p(90)":85.08460840000001,"p(95)":93.55808979999999,"avg":49.188389630292576,"min":2.244227,"med":47.820836,"max":417.384176}},"checks":{"contains":"default","values":{"fails":0,"rate":1,"passes":121944},"type":"rate"},"http_req_duration":{"contains":"time","values":{"max":417.262642,"p(90)":84.88572840000002,"p(95)":93.34804259999996,"avg":48.98970340493702,"min":1.830206,"med":47.627464},"type":"trend"}},"setup_data":{"card":{"active":true,"expiration_year":2027,"is_credit":true,"is_debit":true,"token":"5c8bbcad5e41434088bf82b827a187e0583087008b8244bfa6e2e142e2bcf8fa","cardholder_name":"Vinicius Barbosa","expiration_month":8,"id":"35f398d4-1375-4338-95ec-b56d450bd8a4","masked_number":"3912******2956"}},"metadata":{"type":"REST","testConfig":{"id":"240a7dee-fed8-4fa0-b279-a79cdad6331d","name":"create-card-payment","vus":100,"duration":"1m","executedAt":"2022-08-11T19:34:50.308Z"}},"root_group":{"name":"","path":"","id":"d41d8cd98f00b204e9800998ecf8427e","groups":[{"checks":[],"name":"setup","path":"::setup","id":"5c0f8025f7e0b6654089e5b00e950f1a","groups":[]}],"checks":[{"id":"d8b97380f72868aef5b0eadc0ce32c21","passes":121944,"fails":0,"name":"is status 201","path":"::is status 201"}]},"options":{"summaryTrendStats":["avg","min","med","max","p(90)","p(95)"],"summaryTimeUnit":"","noColor":false}}