{"state":{"isStdErrTTY":true,"testRunDurationMs":60015.119164,"isStdOutTTY":true},"metrics":{"http_req_connecting":{"type":"trend","contains":"time","values":{"min":0,"med":0,"max":24.337933,"p(90)":0,"p(95)":0,"avg":0.0006045553616052501}},"http_req_duration{expected_response:true}":{"type":"trend","contains":"time","values":{"p(95)":45.094862799999994,"avg":24.52218485414764,"min":1.363793,"med":23.116273,"max":515.991724,"p(90)":39.2899886}},"vus_max":{"type":"gauge","contains":"default","values":{"value":100,"min":100,"max":100}},"http_req_duration":{"type":"trend","contains":"time","values":{"p(90)":39.2899886,"p(95)":45.094862799999994,"avg":24.52218485414764,"min":1.363793,"med":23.116273,"max":515.991724}},"data_sent":{"type":"counter","contains":"data","values":{"rate":862088.4157310011,"count":51738339}},"http_req_failed":{"values":{"rate":0,"passes":0,"fails":242903},"type":"rate","contains":"default"},"iterations":{"type":"counter","contains":"default","values":{"count":242903,"rate":4047.3634541361553}},"http_req_receiving":{"type":"trend","contains":"time","values":{"avg":0.05315856078764019,"min":0.011452,"med":0.027338,"max":17.563115,"p(90)":0.05171380000000002,"p(95)":0.09169099999999988}},"data_received":{"contains":"data","values":{"count":96675394,"rate":1610850.6547461897},"type":"counter"},"vus":{"type":"gauge","contains":"default","values":{"value":100,"min":100,"max":100}},"http_req_blocked":{"type":"trend","contains":"time","values":{"max":26.094071,"p(90)":0.003106,"p(95)":0.003779,"avg":0.004566319460854711,"min":0.000852,"med":0.002226}},"http_req_sending":{"type":"trend","contains":"time","values":{"avg":0.023090454267752386,"min":0.00572,"med":0.013056,"max":27.196003,"p(90)":0.020359,"p(95)":0.028261899999999993}},"http_req_waiting":{"type":"trend","contains":"time","values":{"p(90)":39.1909556,"p(95)":44.97287669999999,"avg":24.4459358390918,"min":1.32616,"med":23.043908,"max":515.958741}},"http_reqs":{"type":"counter","contains":"default","values":{"count":242903,"rate":4047.3634541361553}},"iteration_duration":{"type":"trend","contains":"time","values":{"p(95)":45.264236999999994,"avg":24.687507141406094,"min":1.44631,"med":23.28732,"max":516.170044,"p(90)":39.464947800000004}},"http_req_tls_handshaking":{"type":"trend","contains":"time","values":{"avg":0,"min":0,"med":0,"max":0,"p(90)":0,"p(95)":0}},"checks":{"type":"rate","contains":"default","values":{"fails":0,"rate":1,"passes":242903}}},"metadata":{"type":"REST","testConfig":{"name":"create-card","vus":100,"duration":"1m","executedAt":"2022-08-11T17:56:12.855Z","id":"f889ac39-6948-4782-afa0-93f678ad1a98"}},"root_group":{"name":"","path":"","id":"d41d8cd98f00b204e9800998ecf8427e","groups":[],"checks":[{"passes":242903,"fails":0,"name":"is status 201","path":"::is status 201","id":"d8b97380f72868aef5b0eadc0ce32c21"}]},"options":{"summaryTrendStats":["avg","min","med","max","p(90)","p(95)"],"summaryTimeUnit":"","noColor":false}}