{"metrics":{"http_req_sending":{"type":"trend","contains":"time","values":{"max":17.931242,"p(90)":0.021218,"p(95)":0.024902149999999994,"avg":0.019118996413599192,"min":0.005434,"med":0.014352}},"iterations":{"values":{"count":143597,"rate":2392.568033289717},"type":"counter","contains":"default"},"http_req_connecting":{"type":"trend","contains":"time","values":{"min":0,"med":0,"max":1.41711,"p(90)":0,"p(95)":0,"avg":0.0002656976698839817}},"vus_max":{"type":"gauge","contains":"default","values":{"min":50,"max":50,"value":50}},"data_sent":{"type":"counter","contains":"data","values":{"rate":921142.2417555236,"count":55285058}},"http_req_duration{expected_response:true}":{"type":"trend","contains":"time","values":{"max":465.604269,"p(90)":26.805081100000002,"p(95)":31.826452749999998,"avg":20.720177730803943,"min":2.471407,"med":19.574695}},"http_reqs":{"type":"counter","contains":"default","values":{"count":143598,"rate":2392.584694975081}},"data_received":{"contains":"data","values":{"count":49972154,"rate":832620.3069355965},"type":"counter"},"http_req_blocked":{"type":"trend","contains":"time","values":{"med":0.002344,"max":5.508362,"p(90)":0.003181,"p(95)":0.003804,"avg":0.0031000667975876932,"min":0.000811}},"http_req_failed":{"type":"rate","contains":"default","values":{"rate":0,"passes":0,"fails":143598}},"iteration_duration":{"contains":"time","values":{"med":19.731400999999998,"max":465.750776,"p(90)":26.9924018,"p(95)":32.00303455,"avg":20.882149413257668,"min":2.708688},"type":"trend"},"http_req_duration":{"type":"trend","contains":"time","values":{"min":2.471407,"med":19.574695,"max":465.604269,"p(90)":26.805081100000002,"p(95)":31.826452749999998,"avg":20.720177730803943}},"http_req_waiting":{"type":"trend","contains":"time","values":{"avg":20.65445733013014,"min":2.427203,"med":19.512839,"max":465.564382,"p(90)":26.710940300000004,"p(95)":31.742032049999995}},"http_req_tls_handshaking":{"type":"trend","contains":"time","values":{"min":0,"med":0,"max":0,"p(90)":0,"p(95)":0,"avg":0}},"http_req_receiving":{"values":{"min":0.010747,"med":0.032368,"max":18.313388,"p(90)":0.053344,"p(95)":0.06783674999999996,"avg":0.04660140426050468},"type":"trend","contains":"time"},"checks":{"type":"rate","contains":"default","values":{"passes":143597,"fails":0,"rate":1}},"vus":{"type":"gauge","contains":"default","values":{"max":50,"value":50,"min":50}}},"setup_data":{"card":{"is_debit":true,"masked_number":"3568********9687","expiration_month":8,"expiration_year":2027,"id":"a572452f-13a9-4ee7-8e17-516f09f0147e","is_credit":true,"active":true,"cardholder_name":"Vinicius Barbosa","token":"b56fd41066e746988ec95835c6891222416ef888b0e7477f9335032ec45f0b53"}},"metadata":{"type":"GRPC","testConfig":{"id":"c4e77cc4-0103-4abc-ac9e-da0f78901f4e","name":"create-card-payment","vus":50,"duration":"1m","executedAt":"2022-08-11T20:03:40.313Z"}},"root_group":{"id":"d41d8cd98f00b204e9800998ecf8427e","groups":[{"checks":[],"name":"setup","path":"::setup","id":"5c0f8025f7e0b6654089e5b00e950f1a","groups":[]}],"checks":[{"name":"is status 201","path":"::is status 201","id":"d8b97380f72868aef5b0eadc0ce32c21","passes":143597,"fails":0}],"name":"","path":""},"options":{"summaryTrendStats":["avg","min","med","max","p(90)","p(95)"],"summaryTimeUnit":"","noColor":false},"state":{"testRunDurationMs":60017.938049,"isStdOutTTY":true,"isStdErrTTY":true}}