{"options":{"summaryTrendStats":["avg","min","med","max","p(90)","p(95)"],"summaryTimeUnit":"","noColor":false},"state":{"isStdErrTTY":true,"testRunDurationMs":60033.241343,"isStdOutTTY":true},"metrics":{"http_req_blocked":{"type":"trend","contains":"time","values":{"min":0.000922,"med":0.002373,"max":30.76762,"p(90)":0.00324,"p(95)":0.003846,"avg":0.004870490541831545}},"http_reqs":{"contains":"default","values":{"count":146540,"rate":2440.980975235762},"type":"counter"},"http_req_sending":{"type":"trend","contains":"time","values":{"avg":0.01931979625358256,"min":0.006491,"med":0.014381,"max":23.378568,"p(90)":0.021315,"p(95)":0.025073}},"checks":{"type":"rate","contains":"default","values":{"passes":146539,"fails":0,"rate":1}},"vus":{"values":{"value":100,"min":100,"max":100},"type":"gauge","contains":"default"},"http_req_duration":{"type":"trend","contains":"time","values":{"avg":40.76617674494993,"min":2.688858,"med":39.884799,"max":239.420471,"p(90)":48.1304333,"p(95)":59.767822249999995}},"vus_max":{"type":"gauge","contains":"default","values":{"max":100,"value":100,"min":100}},"http_req_duration{expected_response:true}":{"type":"trend","contains":"time","values":{"min":2.688858,"med":39.884799,"max":239.420471,"p(90)":48.1304333,"p(95)":59.767822249999995,"avg":40.76617674494993}},"iteration_duration":{"type":"trend","contains":"time","values":{"avg":40.93360800490648,"min":2.850238,"med":40.046209000000005,"max":239.577481,"p(90)":48.3310428,"p(95)":59.940289499999956}},"http_req_connecting":{"type":"trend","contains":"time","values":{"p(95)":0,"avg":0.0017776969632864752,"min":0,"med":0,"max":30.727892,"p(90)":0}},"http_req_tls_handshaking":{"contains":"time","values":{"p(90)":0,"p(95)":0,"avg":0,"min":0,"med":0,"max":0},"type":"trend"},"http_req_waiting":{"type":"trend","contains":"time","values":{"max":239.371114,"p(90)":48.020249200000016,"p(95)":59.650647199999995,"avg":40.69657898557387,"min":2.601049,"med":39.8253955}},"iterations":{"contains":"default","values":{"count":146539,"rate":2440.9643177976886},"type":"counter"},"data_received":{"type":"counter","contains":"data","values":{"count":50995970,"rate":849462.2122539488}},"data_sent":{"values":{"count":56417728,"rate":939774.8103864198},"type":"counter","contains":"data"},"http_req_failed":{"type":"rate","contains":"default","values":{"rate":0,"passes":0,"fails":146540}},"http_req_receiving":{"values":{"avg":0.05027796312269624,"min":0.01268,"med":0.032526,"max":16.905294,"p(90)":0.053913,"p(95)":0.06919374999999983},"type":"trend","contains":"time"}},"setup_data":{"card":{"token":"d961304b5ae34906ac3b39ddc83758aef078aeecf9b442bbb5ab5ef8ce3b95b1","active":true,"cardholder_name":"Vinicius Barbosa","expiration_month":8,"expiration_year":2027,"id":"c4c25cd6-1311-45e6-828d-eb81eafb162c","is_credit":true,"is_debit":true,"masked_number":"3568********1162"}},"metadata":{"type":"GRPC","testConfig":{"duration":"1m","executedAt":"2022-08-11T20:12:47.343Z","id":"240a7dee-fed8-4fa0-b279-a79cdad6331d","name":"create-card-payment","vus":100}},"root_group":{"checks":[{"name":"is status 201","path":"::is status 201","id":"d8b97380f72868aef5b0eadc0ce32c21","passes":146539,"fails":0}],"name":"","path":"","id":"d41d8cd98f00b204e9800998ecf8427e","groups":[{"path":"::setup","id":"5c0f8025f7e0b6654089e5b00e950f1a","groups":[],"checks":[],"name":"setup"}]}}