{"options":{"summaryTrendStats":["avg","min","med","max","p(90)","p(95)"],"summaryTimeUnit":"","noColor":false},"state":{"isStdOutTTY":true,"isStdErrTTY":true,"testRunDurationMs":60029.273046},"metrics":{"checks":{"values":{"rate":1,"passes":149817,"fails":0},"type":"rate","contains":"default"},"http_req_blocked":{"type":"trend","contains":"time","values":{"avg":0.0058769112723438925,"min":0.000899,"med":0.002358,"max":34.425035,"p(90)":0.003203,"p(95)":0.003797}},"vus":{"type":"gauge","contains":"default","values":{"min":100,"max":100,"value":100}},"http_req_waiting":{"values":{"p(90)":46.683168500000036,"p(95)":55.17035044999998,"avg":39.79629934534521,"min":2.477138,"med":39.0739995,"max":198.082768},"type":"trend","contains":"time"},"http_req_duration{expected_response:true}":{"values":{"avg":39.871378554086014,"min":2.524289,"med":39.136555,"max":198.117925,"p(90)":46.785043800000004,"p(95)":55.369630499999985},"type":"trend","contains":"time"},"http_req_connecting":{"type":"trend","contains":"time","values":{"avg":0.0027059244216315784,"min":0,"med":0,"max":33.62839,"p(90)":0,"p(95)":0}},"http_req_receiving":{"type":"trend","contains":"time","values":{"avg":0.05528444682881846,"min":0.012139,"med":0.03252,"max":36.892435,"p(90)":0.05276230000000002,"p(95)":0.06594134999999994}},"iterations":{"type":"counter","contains":"default","values":{"count":149817,"rate":2495.732371857915}},"vus_max":{"type":"gauge","contains":"default","values":{"value":100,"min":100,"max":100}},"http_req_tls_handshaking":{"type":"trend","contains":"time","values":{"max":0,"p(90)":0,"p(95)":0,"avg":0,"min":0,"med":0}},"iteration_duration":{"type":"trend","contains":"time","values":{"max":198.234473,"p(90)":46.98062560000001,"p(95)":55.61379009999995,"avg":40.03640664551059,"min":2.653281,"med":39.291133}},"http_req_failed":{"type":"rate","contains":"default","values":{"rate":0,"passes":0,"fails":149818}},"data_received":{"values":{"count":52136714,"rate":868521.4955051681},"type":"counter","contains":"data"},"http_req_duration":{"contains":"time","values":{"med":39.136555,"max":198.117925,"p(90)":46.785043800000004,"p(95)":55.369630499999985,"avg":39.871378554086014,"min":2.524289},"type":"trend"},"http_req_sending":{"contains":"time","values":{"p(95)":0.02462,"avg":0.019794761911118577,"min":0.006104,"med":0.014273,"max":32.899658,"p(90)":0.021069},"type":"trend"},"http_reqs":{"type":"counter","contains":"default","values":{"count":149818,"rate":2495.7490303971454}},"data_sent":{"type":"counter","contains":"data","values":{"count":57679758,"rate":960860.5114341534}}},"setup_data":{"card":{"expiration_month":8,"id":"20247cba-a9a6-4d63-b9b2-7a46c6be55ec","is_credit":true,"is_debit":true,"token":"b77f075ebb024efb9895306ed5a3316061b5967912a44eaa9db464467005d767","cardholder_name":"Vinicius Barbosa","expiration_year":2027,"masked_number":"3528********3438","active":true}},"metadata":{"type":"GRPC","testConfig":{"id":"240a7dee-fed8-4fa0-b279-a79cdad6331d","name":"create-card-payment","vus":100,"duration":"1m","executedAt":"2022-08-11T20:10:45.008Z"}},"root_group":{"name":"","path":"","id":"d41d8cd98f00b204e9800998ecf8427e","groups":[{"name":"setup","path":"::setup","id":"5c0f8025f7e0b6654089e5b00e950f1a","groups":[],"checks":[]}],"checks":[{"name":"is status 201","path":"::is status 201","id":"d8b97380f72868aef5b0eadc0ce32c21","passes":149817,"fails":0}]}}