{"options":{"summaryTrendStats":["avg","min","med","max","p(90)","p(95)"],"summaryTimeUnit":"","noColor":false},"state":{"testRunDurationMs":60002.598296,"isStdOutTTY":true,"isStdErrTTY":true},"metrics":{"iteration_duration":{"type":"trend","contains":"time","values":{"avg":1.9867949602604844,"min":0.908321,"med":1.673017,"max":578.0102,"p(90)":2.2404808999999997,"p(95)":2.5452064999999986}},"http_req_waiting":{"type":"trend","contains":"time","values":{"p(90)":2.0757283999999996,"p(95)":2.3632733499999987,"avg":1.8229545893174188,"min":0.789865,"med":1.5114245,"max":577.856668}},"http_req_receiving":{"type":"trend","contains":"time","values":{"avg":0.0326335315275162,"min":0.011502,"med":0.026148,"max":7.200585,"p(90)":0.04185229999999999,"p(95)":0.054479}},"http_reqs":{"values":{"count":300658,"rate":5010.749676485976},"type":"counter","contains":"default"},"data_sent":{"values":{"count":64040154,"rate":1067289.681091513},"type":"counter","contains":"data"},"iterations":{"type":"counter","contains":"default","values":{"count":300658,"rate":5010.749676485976}},"http_req_tls_handshaking":{"type":"trend","contains":"time","values":{"avg":0,"min":0,"med":0,"max":0,"p(90)":0,"p(95)":0}},"data_received":{"type":"counter","contains":"data","values":{"count":119060568,"rate":1984256.8718884466}},"http_req_connecting":{"type":"trend","contains":"time","values":{"avg":0.000008577939053675603,"min":0,"med":0,"max":0.354474,"p(90)":0,"p(95)":0}},"http_req_duration":{"type":"trend","contains":"time","values":{"p(95)":2.4161135499999986,"avg":1.8699603863193575,"min":0.829706,"med":1.5576455,"max":577.894803,"p(90)":2.1237816}},"vus_max":{"type":"gauge","contains":"default","values":{"value":10,"min":10,"max":10}},"http_req_duration{expected_response:true}":{"type":"trend","contains":"time","values":{"max":577.894803,"p(90)":2.1237816,"p(95)":2.4161135499999986,"avg":1.8699603863193575,"min":0.829706,"med":1.5576455}},"http_req_failed":{"type":"rate","contains":"default","values":{"passes":0,"fails":300658,"rate":0}},"vus":{"type":"gauge","contains":"default","values":{"min":10,"max":10,"value":10}},"http_req_blocked":{"type":"trend","contains":"time","values":{"max":7.794204,"p(90)":0.002731,"p(95)":0.003381,"avg":0.0023970843583075697,"min":0.000859,"med":0.001985}},"checks":{"contains":"default","values":{"fails":0,"rate":1,"passes":300658},"type":"rate"},"http_req_sending":{"contains":"time","values":{"avg":0.014372265474392772,"min":0.00557,"med":0.012048,"max":5.813566,"p(90)":0.017738,"p(95)":0.021041149999999967},"type":"trend"}},"metadata":{"type":"GRPC","testConfig":{"duration":"1m","executedAt":"2022-08-11T18:11:09.984Z","id":"dfce9f52-4c55-4845-bbc2-5ec8279ccf6e","name":"create-card","vus":10}},"root_group":{"name":"","path":"","id":"d41d8cd98f00b204e9800998ecf8427e","groups":[],"checks":[{"id":"d8b97380f72868aef5b0eadc0ce32c21","passes":300658,"fails":0,"name":"is status 201","path":"::is status 201"}]}}