{"metrics":{"data_sent":{"type":"counter","contains":"data","values":{"count":125877888,"rate":2097705.3461883003}},"http_req_receiving":{"contains":"time","values":{"p(99)":0.19384425000000005,"min":0.011611,"med":0.023332,"avg":0.033436210682783,"max":11.765684,"p(90)":0.038745,"p(95)":0.04667175},"type":"trend"},"iteration_duration":{"type":"trend","contains":"time","values":{"max":104.644565,"p(90)":13.27667,"p(95)":14.87274275,"p(99)":18.403172300000005,"min":1.494382,"med":8.7094895,"avg":9.166422572545018}},"iterations":{"values":{"count":326955,"rate":5448.5760951359125},"type":"counter","contains":"default"},"vus_max":{"type":"gauge","contains":"default","values":{"value":50,"min":50,"max":50}},"http_req_duration":{"type":"trend","contains":"time","values":{"min":1.364975,"med":8.591223,"avg":9.041389502706878,"max":104.300114,"p(90)":13.143255499999999,"p(95)":14.728673749999999,"p(99)":18.173083900000005}},"checks":{"type":"rate","contains":"default","values":{"rate":1,"passes":326955,"fails":0},"thresholds":{"rate>0.99":{"ok":true}}},"http_reqs":{"type":"counter","contains":"default","values":{"count":326956,"rate":5448.592759741425}},"http_req_duration{expected_response:true}":{"type":"trend","contains":"time","values":{"min":1.364975,"med":8.591223,"avg":9.041389502706878,"max":104.300114,"p(90)":13.143255499999999,"p(95)":14.728673749999999,"p(99)":18.173083900000005}},"http_req_failed":{"type":"rate","contains":"default","values":{"rate":0,"passes":0,"fails":326956}},"http_req_connecting":{"type":"trend","contains":"time","values":{"p(95)":0,"p(99)":0,"min":0,"med":0,"avg":0.0001645162437759209,"max":2.357216,"p(90)":0}},"http_req_tls_handshaking":{"contains":"time","values":{"p(99)":0,"min":0,"med":0,"avg":0,"max":0,"p(90)":0,"p(95)":0},"type":"trend"},"http_req_waiting":{"type":"trend","contains":"time","values":{"p(95)":14.6555735,"p(99)":18.05484955000001,"min":1.320825,"med":8.548019499999999,"avg":8.993066720815888,"max":104.21009,"p(90)":13.0857635}},"data_received":{"type":"counter","contains":"data","values":{"rate":1896111.1302848968,"count":113780739}},"http_req_blocked":{"contains":"time","values":{"max":8.151257,"p(90)":0.002872,"p(95)":0.003231,"p(99)":0.004767450000000012,"min":0.000932,"med":0.002086,"avg":0.0025243165747074175},"type":"trend"},"http_req_sending":{"type":"trend","contains":"time","values":{"med":0.012185,"avg":0.014886571208358419,"max":12.77483,"p(90)":0.016627,"p(95)":0.019002,"p(99)":0.03271345000000001,"min":0.005829}},"vus":{"type":"gauge","contains":"default","values":{"value":50,"min":50,"max":50}}},"setup_data":{"card":{"is_credit":true,"is_debit":true,"masked_number":"6011********3728","token":"37adb57d34ae4bc687732c60cba013a8b9f35a82555543488fb7210f1faea8f4","active":true,"expiration_month":10,"expiration_year":2027,"id":"7d72f4b4-1038-46b9-a1ed-59e9d429a63a","cardholder_name":"Vinicius Barbosa"}},"metadata":{"type":"GRPC","testConfig":{"id":"c4e77cc4-0103-4abc-ac9e-da0f78901f4e","name":"create-card-payment","vus":50,"duration":"1m","executedAt":"2022-10-31T15:29:11.606Z"},"useDatabase":false},"root_group":{"groups":[{"path":"::setup","id":"5c0f8025f7e0b6654089e5b00e950f1a","groups":[],"checks":[],"name":"setup"}],"checks":[{"passes":326955,"fails":0,"name":"is status 201","path":"::is status 201","id":"d8b97380f72868aef5b0eadc0ce32c21"}],"name":"","path":"","id":"d41d8cd98f00b204e9800998ecf8427e"},"options":{"noColor":false,"summaryTrendStats":["min","med","avg","max","p(90)","p(95)","p(99)"],"summaryTimeUnit":""},"state":{"isStdOutTTY":true,"isStdErrTTY":true,"testRunDurationMs":60007.421075}}