{"metrics":{"http_req_connecting":{"type":"trend","contains":"time","values":{"p(95)":0,"p(99)":0,"min":0,"med":0,"avg":0.000011197196726943814,"max":0.098773,"p(90)":0}},"vus":{"type":"gauge","contains":"default","values":{"value":25,"min":25,"max":25}},"http_req_duration{expected_response:true}":{"values":{"p(99)":20.379517620000016,"min":2.126098,"med":9.931392,"avg":10.366018140591496,"max":60.071151,"p(90)":14.9383924,"p(95)":16.6831201},"type":"trend","contains":"time"},"iteration_duration":{"type":"trend","contains":"time","values":{"p(95)":16.836809300000002,"p(99)":20.566008240000002,"min":2.394233,"med":10.067003,"avg":10.507583406572937,"max":60.26953,"p(90)":15.088122199999999}},"http_reqs":{"contains":"default","values":{"rate":2376.6552869313955,"count":142619},"type":"counter"},"data_sent":{"type":"counter","contains":"data","values":{"count":54908143,"rate":915009.4191975481}},"data_received":{"type":"counter","contains":"data","values":{"rate":827076.8897348176,"count":49631463}},"vus_max":{"contains":"default","values":{"value":25,"min":25,"max":25},"type":"gauge"},"http_req_failed":{"type":"rate","contains":"default","values":{"rate":0,"passes":0,"fails":142619}},"http_req_tls_handshaking":{"type":"trend","contains":"time","values":{"p(99)":0,"min":0,"med":0,"avg":0,"max":0,"p(90)":0,"p(95)":0}},"http_req_receiving":{"values":{"min":0.013294,"med":0.031222,"avg":0.03969462035212609,"max":11.622523,"p(90)":0.053525,"p(95)":0.062279200000000014,"p(99)":0.1885773200000002},"type":"trend","contains":"time"},"checks":{"values":{"rate":1,"passes":142618,"fails":0},"thresholds":{"rate>0.99":{"ok":true}},"type":"rate","contains":"default"},"http_req_blocked":{"type":"trend","contains":"time","values":{"avg":0.002790669483028251,"max":8.195065,"p(90)":0.003306,"p(95)":0.003733100000000006,"p(99)":0.005342,"min":0.001096,"med":0.002441}},"http_req_sending":{"type":"trend","contains":"time","values":{"p(95)":0.024789,"p(99)":0.03458946000000002,"min":0.006868,"med":0.014296,"avg":0.01767240746324136,"max":13.771562,"p(90)":0.021549}},"iterations":{"contains":"default","values":{"count":142618,"rate":2376.638622564888},"type":"counter"},"http_req_duration":{"type":"trend","contains":"time","values":{"max":60.071151,"p(90)":14.9383924,"p(95)":16.6831201,"p(99)":20.379517620000016,"min":2.126098,"med":9.931392,"avg":10.366018140591496}},"http_req_waiting":{"contains":"time","values":{"avg":10.308651112776037,"max":60.013695,"p(90)":14.8783104,"p(95)":16.6124656,"p(99)":20.283402119999998,"min":2.02901,"med":9.875584},"type":"trend"}},"setup_data":{"card":{"token":"91de2241f54e43d8bdd68511742f7f4875c3c6b0f479421d8c7961839ae9bc93","cardholder_name":"Vinicius Barbosa","expiration_year":2027,"id":"e40fd918-823c-4f12-8ec3-2f439fdc1401","is_debit":true,"masked_number":"5193********4742","active":true,"expiration_month":10,"is_credit":true}},"metadata":{"type":"REST","testConfig":{"duration":"1m","executedAt":"2022-10-31T15:21:11.510Z","id":"43631c23-72c8-4ce4-ae7d-b50cbb5e56e7","name":"create-card-payment","vus":25},"useDatabase":false},"root_group":{"id":"d41d8cd98f00b204e9800998ecf8427e","groups":[{"name":"setup","path":"::setup","id":"5c0f8025f7e0b6654089e5b00e950f1a","groups":[],"checks":[]}],"checks":[{"path":"::is status 201","id":"d8b97380f72868aef5b0eadc0ce32c21","passes":142618,"fails":0,"name":"is status 201"}],"name":"","path":""},"options":{"summaryTrendStats":["min","med","avg","max","p(90)","p(95)","p(99)"],"summaryTimeUnit":"","noColor":false},"state":{"isStdOutTTY":true,"isStdErrTTY":true,"testRunDurationMs":60008.281716}}