{"root_group":{"groups":[{"name":"setup","path":"::setup","id":"5c0f8025f7e0b6654089e5b00e950f1a","groups":[],"checks":[]}],"checks":[{"name":"is status 201","path":"::is status 201","id":"d8b97380f72868aef5b0eadc0ce32c21","passes":292694,"fails":0}],"name":"","path":"","id":"d41d8cd98f00b204e9800998ecf8427e"},"options":{"summaryTimeUnit":"","noColor":false,"summaryTrendStats":["min","med","avg","max","p(90)","p(95)","p(99)"]},"state":{"isStdOutTTY":true,"isStdErrTTY":true,"testRunDurationMs":60005.499908},"metrics":{"http_req_tls_handshaking":{"values":{"max":0,"p(90)":0,"p(95)":0,"p(99)":0,"min":0,"med":0,"avg":0},"type":"trend","contains":"time"},"http_reqs":{"type":"counter","contains":"default","values":{"count":292695,"rate":4877.8028755490395}},"vus_max":{"type":"gauge","contains":"default","values":{"min":25,"max":25,"value":25}},"http_req_waiting":{"type":"trend","contains":"time","values":{"avg":4.941022944225125,"max":66.881999,"p(90)":7.209420800000004,"p(95)":8.175753199999999,"p(99)":10.35811582,"min":1.052329,"med":4.603497}},"http_req_receiving":{"type":"trend","contains":"time","values":{"max":8.861372,"p(90)":0.04040260000000004,"p(95)":0.046821,"p(99)":0.17926106,"min":0.013363,"med":0.025617,"avg":0.032470897514478174}},"vus":{"type":"gauge","contains":"default","values":{"value":25,"min":25,"max":25}},"http_req_duration{expected_response:true}":{"type":"trend","contains":"time","values":{"max":66.963016,"p(90)":7.2605604,"p(95)":8.231271399999999,"p(99)":10.45328224,"min":1.082753,"med":4.647664,"avg":4.98858199126038}},"http_req_blocked":{"values":{"p(90)":0.002904,"p(95)":0.003246,"p(99)":0.004696,"min":0.000886,"med":0.002224,"avg":0.002540895772049496,"max":4.540299},"type":"trend","contains":"time"},"checks":{"type":"rate","contains":"default","values":{"passes":292694,"fails":0,"rate":1},"thresholds":{"rate>0.99":{"ok":true}}},"http_req_sending":{"type":"trend","contains":"time","values":{"min":0.005354,"med":0.012957,"avg":0.015088149520832678,"max":9.706847,"p(90)":0.016945,"p(95)":0.019328,"p(99)":0.028500059999999997}},"http_req_duration":{"type":"trend","contains":"time","values":{"p(99)":10.45328224,"min":1.082753,"med":4.647664,"avg":4.98858199126038,"max":66.963016,"p(90)":7.2605604,"p(95)":8.231271399999999}},"iteration_duration":{"type":"trend","contains":"time","values":{"min":1.180528,"med":4.768493,"avg":5.115654676188665,"max":67.598265,"p(90)":7.394867400000001,"p(95)":8.3808595,"p(99)":10.671095579999998}},"data_received":{"type":"counter","contains":"data","values":{"count":101857911,"rate":1697476.2506131574}},"data_sent":{"contains":"data","values":{"count":112687403,"rate":1877951.2406824627},"type":"counter"},"iterations":{"contains":"default","values":{"rate":4877.786210409985,"count":292694},"type":"counter"},"http_req_connecting":{"type":"trend","contains":"time","values":{"p(90)":0,"p(95)":0,"p(99)":0,"min":0,"med":0,"avg":0.00006765311330907597,"max":1.174361}},"http_req_failed":{"type":"rate","contains":"default","values":{"passes":0,"fails":292695,"rate":0}}},"setup_data":{"card":{"cardholder_name":"Vinicius Barbosa","expiration_month":10,"id":"3048b842-b509-45be-83a6-16446b77f244","is_credit":true,"is_debit":true,"token":"8d75f1b86fe7436aa8bfbb0357b617c861e5e84c222d46f6bb9d588695de95bf","active":true,"expiration_year":2027,"masked_number":"5197********9495"}},"metadata":{"type":"GRPC","testConfig":{"name":"create-card-payment","vus":25,"duration":"1m","executedAt":"2022-10-31T15:27:52.312Z","id":"43631c23-72c8-4ce4-ae7d-b50cbb5e56e7"},"useDatabase":false}}