{"state":{"isStdOutTTY":true,"isStdErrTTY":true,"testRunDurationMs":60009.261911},"metrics":{"http_req_sending":{"type":"trend","contains":"time","values":{"min":0.00752,"med":0.015053,"avg":0.017336959427690677,"max":7.558116,"p(90)":0.022045,"p(95)":0.024308849999999993,"p(99)":0.029851339999999997}},"http_req_failed":{"type":"rate","contains":"default","values":{"rate":0,"passes":0,"fails":128462}},"vus_max":{"type":"gauge","contains":"default","values":{"max":10,"value":10,"min":10}},"checks":{"thresholds":{"rate>0.99":{"ok":true}},"type":"rate","contains":"default","values":{"rate":1,"passes":128461,"fails":0}},"http_req_receiving":{"type":"trend","contains":"time","values":{"max":7.400549,"p(90)":0.054453,"p(95)":0.0613089,"p(99)":0.08131884999999998,"min":0.014706,"med":0.035607,"avg":0.039787953363640494}},"data_sent":{"type":"counter","contains":"data","values":{"count":49457698,"rate":824167.743861788}},"vus":{"values":{"value":10,"min":10,"max":10},"type":"gauge","contains":"default"},"http_reqs":{"type":"counter","contains":"default","values":{"rate":2140.702883340284,"count":128462}},"http_req_duration{expected_response:true}":{"type":"trend","contains":"time","values":{"med":4.2525010000000005,"avg":4.521778095148687,"max":50.070617,"p(90)":6.273972500000005,"p(95)":7.04224655,"p(99)":8.8795168,"min":1.828406}},"http_req_blocked":{"contains":"time","values":{"min":0.001149,"med":0.0025365,"avg":0.002793012532889072,"max":4.456352,"p(90)":0.003345,"p(95)":0.003784,"p(99)":0.004976},"type":"trend"},"iteration_duration":{"type":"trend","contains":"time","values":{"med":4.3860244999999995,"avg":4.660415737042881,"max":50.292401,"p(90)":6.416802900000002,"p(95)":7.1943717,"p(99)":9.08943695,"min":1.971389}},"http_req_connecting":{"type":"trend","contains":"time","values":{"med":0,"avg":0.000005860129843844873,"max":0.10321,"p(90)":0,"p(95)":0,"p(99)":0,"min":0}},"http_req_tls_handshaking":{"type":"trend","contains":"time","values":{"avg":0,"max":0,"p(90)":0,"p(95)":0,"p(99)":0,"min":0,"med":0}},"data_received":{"contains":"data","values":{"count":44704827,"rate":744965.4532712287},"type":"counter"},"iterations":{"type":"counter","contains":"default","values":{"count":128461,"rate":2140.6862192459735}},"http_req_waiting":{"type":"trend","contains":"time","values":{"p(95)":6.980839249999999,"p(99)":8.78192205,"min":1.787166,"med":4.1969525,"avg":4.464653182357429,"max":50.014094,"p(90)":6.2146094000000005}},"http_req_duration":{"type":"trend","contains":"time","values":{"min":1.828406,"med":4.2525010000000005,"avg":4.521778095148687,"max":50.070617,"p(90)":6.273972500000005,"p(95)":7.04224655,"p(99)":8.8795168}}},"setup_data":{"card":{"is_credit":true,"active":true,"cardholder_name":"Vinicius Barbosa","expiration_month":10,"id":"08e0424e-44b0-4679-a61a-daecba42d1ca","expiration_year":2027,"is_debit":true,"masked_number":"3588********0106","token":"00fa7b68a3664895b7f0a91c2c9a758b427f98aecac44ecf81586232683d01aa"}},"metadata":{"useDatabase":false,"type":"REST","testConfig":{"executedAt":"2022-10-31T15:19:50.030Z","id":"8ad8795d-8995-4bc5-b526-1914eddaf994","name":"create-card-payment","vus":10,"duration":"1m"}},"root_group":{"name":"","path":"","id":"d41d8cd98f00b204e9800998ecf8427e","groups":[{"name":"setup","path":"::setup","id":"5c0f8025f7e0b6654089e5b00e950f1a","groups":[],"checks":[]}],"checks":[{"path":"::is status 201","id":"d8b97380f72868aef5b0eadc0ce32c21","passes":128461,"fails":0,"name":"is status 201"}]},"options":{"summaryTrendStats":["min","med","avg","max","p(90)","p(95)","p(99)"],"summaryTimeUnit":"","noColor":false}}