{"root_group":{"path":"","id":"d41d8cd98f00b204e9800998ecf8427e","groups":[{"checks":[],"name":"setup","path":"::setup","id":"5c0f8025f7e0b6654089e5b00e950f1a","groups":[]}],"checks":[{"name":"is status 201","path":"::is status 201","id":"d8b97380f72868aef5b0eadc0ce32c21","passes":148017,"fails":0}],"name":""},"options":{"summaryTrendStats":["min","med","avg","max","p(90)","p(95)","p(99)"],"summaryTimeUnit":"","noColor":false},"state":{"isStdErrTTY":true,"testRunDurationMs":60017.767837,"isStdOutTTY":true},"metrics":{"http_req_receiving":{"type":"trend","contains":"time","values":{"p(99)":0.22737317999999943,"min":0.011911,"med":0.02818,"avg":0.04258268463295021,"max":13.32316,"p(90)":0.052449,"p(95)":0.0628873}},"http_req_duration{expected_response:true}":{"type":"trend","contains":"time","values":{"med":19.301880500000003,"avg":20.116392251733107,"max":158.160827,"p(90)":29.77111650000001,"p(95)":33.22556625,"p(99)":40.54893368999999,"min":1.533685}},"http_req_connecting":{"type":"trend","contains":"time","values":{"min":0,"med":0,"avg":0.00011446270048237377,"max":1.225009,"p(90)":0,"p(95)":0,"p(99)":0}},"http_req_sending":{"type":"trend","contains":"time","values":{"min":0.006162,"med":0.013724,"avg":0.01704005379075515,"max":17.745056,"p(90)":0.021115300000000017,"p(95)":0.024869,"p(99)":0.03752468999999945}},"vus_max":{"type":"gauge","contains":"default","values":{"value":50,"min":50,"max":50}},"http_req_failed":{"contains":"default","values":{"rate":0,"passes":0,"fails":148018},"type":"rate"},"iteration_duration":{"type":"trend","contains":"time","values":{"p(99)":40.68590104999999,"min":1.830373,"med":19.4466415,"avg":20.259810157656357,"max":159.666126,"p(90)":29.91213580000001,"p(95)":33.3819763}},"http_req_blocked":{"values":{"max":1.272958,"p(90)":0.003293,"p(95)":0.003739,"p(99)":0.005913829999999987,"min":0.001007,"med":0.002363,"avg":0.0027536278763393763},"type":"trend","contains":"time"},"http_req_waiting":{"type":"trend","contains":"time","values":{"med":19.2476205,"avg":20.05676951330932,"max":158.073059,"p(90)":29.7062411,"p(95)":33.153201899999985,"p(99)":40.44382223999999,"min":1.432238}},"vus":{"values":{"value":50,"min":50,"max":50},"type":"gauge","contains":"default"},"http_req_duration":{"type":"trend","contains":"time","values":{"med":19.301880500000003,"avg":20.116392251733107,"max":158.160827,"p(90)":29.77111650000001,"p(95)":33.22556625,"p(99)":40.54893368999999,"min":1.533685}},"http_req_tls_handshaking":{"type":"trend","contains":"time","values":{"p(95)":0,"p(99)":0,"min":0,"med":0,"avg":0,"max":0,"p(90)":0}},"http_reqs":{"type":"counter","contains":"default","values":{"count":148018,"rate":2466.2363385788776}},"checks":{"type":"rate","contains":"default","values":{"rate":1,"passes":148017,"fails":0},"thresholds":{"rate>0.99":{"ok":true}}},"data_received":{"type":"counter","contains":"data","values":{"count":51510315,"rate":858251.0955738128}},"iterations":{"type":"counter","contains":"default","values":{"count":148017,"rate":2466.21967684626}},"data_sent":{"values":{"count":56986758,"rate":949498.1245348577},"type":"counter","contains":"data"}},"setup_data":{"card":{"expiration_year":2027,"id":"91b7a051-ce8c-47f1-9fd5-4149c33fa5a1","is_debit":true,"token":"610f24f3138741eba569d2d8aaeeb435f45a9ce4e8e14eddbf1e1f681ef6ff11","expiration_month":10,"cardholder_name":"Vinicius Barbosa","is_credit":true,"masked_number":"3588********4179","active":true}},"metadata":{"type":"REST","testConfig":{"id":"c4e77cc4-0103-4abc-ac9e-da0f78901f4e","name":"create-card-payment","vus":50,"duration":"1m","executedAt":"2022-10-31T15:22:31.812Z"},"useDatabase":false}}