{"state":{"isStdOutTTY":true,"isStdErrTTY":true,"testRunDurationMs":60008.077256},"metrics":{"data_sent":{"type":"counter","contains":"data","values":{"count":16418923,"rate":273611.8827796358}},"http_reqs":{"type":"counter","contains":"default","values":{"count":42647,"rate":710.6876598972494}},"iterations":{"type":"counter","contains":"default","values":{"count":42646,"rate":710.670995473963}},"http_req_sending":{"type":"trend","contains":"time","values":{"med":0.011573,"avg":0.01166643029990388,"max":0.406727,"p(90)":0.0142824,"p(95)":0.015483,"p(99)":0.018621100000000012,"min":0.00705}},"checks":{"values":{"rate":1,"passes":42646,"fails":0},"thresholds":{"rate>0.99":{"ok":true}},"type":"rate","contains":"default"},"http_req_duration{expected_response:true}":{"type":"trend","contains":"time","values":{"p(90)":1.5578534000000002,"p(95)":1.7306137999999995,"p(99)":1.9753362200000009,"min":1.090632,"med":1.244581,"avg":1.3084585339414232,"max":21.550459}},"iteration_duration":{"type":"trend","contains":"time","values":{"med":1.333204,"avg":1.4006523961591724,"max":21.656143,"p(90)":1.6708349999999998,"p(95)":1.8396375,"p(99)":2.08414158,"min":1.175806}},"vus":{"values":{"min":1,"max":1,"value":1},"type":"gauge","contains":"default"},"vus_max":{"values":{"value":1,"min":1,"max":1},"type":"gauge","contains":"default"},"http_req_connecting":{"type":"trend","contains":"time","values":{"p(90)":0,"p(95)":0,"p(99)":0,"min":0,"med":0,"avg":0.0000049460454428213,"max":0.147745}},"http_req_blocked":{"type":"trend","contains":"time","values":{"min":0.001205,"med":0.001613,"avg":0.0017534402419865332,"max":0.484753,"p(90)":0.002134,"p(95)":0.0024,"p(99)":0.003084}},"data_received":{"type":"counter","contains":"data","values":{"count":14841207,"rate":247320.15552983043}},"http_req_tls_handshaking":{"type":"trend","contains":"time","values":{"min":0,"med":0,"avg":0,"max":0,"p(90)":0,"p(95)":0,"p(99)":0}},"http_req_waiting":{"type":"trend","contains":"time","values":{"max":21.509405,"p(90)":1.5019246000000002,"p(95)":1.6779636999999998,"p(99)":1.9230646600000003,"min":1.059387,"med":1.207301,"avg":1.2688662945811018}},"http_req_receiving":{"type":"trend","contains":"time","values":{"avg":0.027925809060426375,"max":0.194724,"p(90)":0.036198400000000006,"p(95)":0.04382189999999998,"p(99)":0.0538017,"min":0.018009,"med":0.02575}},"http_req_failed":{"type":"rate","contains":"default","values":{"rate":0,"passes":0,"fails":42647}},"http_req_duration":{"type":"trend","contains":"time","values":{"p(90)":1.5578534000000002,"p(95)":1.7306137999999995,"p(99)":1.9753362200000009,"min":1.090632,"med":1.244581,"avg":1.3084585339414232,"max":21.550459}}},"setup_data":{"card":{"is_debit":true,"cardholder_name":"Vinicius Barbosa","expiration_month":10,"is_credit":true,"masked_number":"4532********0433","token":"d0baf728f97642619ffd73848589456aa9575283926446caa7d262e257f99c3c","active":true,"expiration_year":2027,"id":"d37e3c4c-c229-4f1c-bc7d-c5667bd3c51d"}},"metadata":{"type":"REST","testConfig":{"name":"create-card-payment","vus":1,"duration":"1m","executedAt":"2022-10-31T15:18:30.780Z","id":"dad9c90f-2411-4200-9356-eeb9588680e0"},"useDatabase":false},"root_group":{"path":"","id":"d41d8cd98f00b204e9800998ecf8427e","groups":[{"name":"setup","path":"::setup","id":"5c0f8025f7e0b6654089e5b00e950f1a","groups":[],"checks":[]}],"checks":[{"id":"d8b97380f72868aef5b0eadc0ce32c21","passes":42646,"fails":0,"name":"is status 201","path":"::is status 201"}],"name":""},"options":{"summaryTrendStats":["min","med","avg","max","p(90)","p(95)","p(99)"],"summaryTimeUnit":"","noColor":false}}