{"state":{"isStdOutTTY":true,"isStdErrTTY":true,"testRunDurationMs":60009.979332},"metrics":{"iteration_duration":{"values":{"min":1.619528,"med":16.189772,"avg":16.954546749749277,"max":133.180037,"p(90)":24.599557,"p(95)":27.327166,"p(99)":33.206735800000004},"type":"trend","contains":"time"},"vus":{"values":{"value":100,"min":100,"max":100},"type":"gauge","contains":"default"},"http_req_receiving":{"type":"trend","contains":"time","values":{"p(95)":0.0472,"p(99)":0.20201340000000015,"min":0.011779,"med":0.022063,"avg":0.037597112239560214,"max":20.402297,"p(90)":0.036838}},"data_sent":{"type":"counter","contains":"data","values":{"count":136167013,"rate":2269072.81948337}},"iterations":{"type":"counter","contains":"default","values":{"rate":5893.686415775885,"count":353680}},"http_req_waiting":{"type":"trend","contains":"time","values":{"avg":16.771789835473044,"max":111.843029,"p(90)":24.392174,"p(95)":27.092506,"p(99)":32.85417480000001,"min":1.120809,"med":16.02819}},"http_req_tls_handshaking":{"type":"trend","contains":"time","values":{"p(99)":0,"min":0,"med":0,"avg":0,"max":0,"p(90)":0,"p(95)":0}},"vus_max":{"values":{"value":100,"min":100,"max":100},"type":"gauge","contains":"default"},"http_req_blocked":{"type":"trend","contains":"time","values":{"p(99)":0.004773200000000012,"min":0.000856,"med":0.001993,"avg":0.006308616032525789,"max":22.96069,"p(90)":0.002841,"p(95)":0.003222}},"http_req_sending":{"contains":"time","values":{"max":29.97133,"p(90)":0.01664,"p(95)":0.019444,"p(99)":0.07902540000000002,"min":0.005992,"med":0.011692,"avg":0.015744888221306683},"type":"trend"},"http_reqs":{"type":"counter","contains":"default","values":{"count":353681,"rate":5893.703079670976}},"data_received":{"type":"counter","contains":"data","values":{"rate":2051009.488256359,"count":123081037}},"http_req_duration":{"type":"trend","contains":"time","values":{"max":112.091318,"p(90)":24.463787,"p(95)":27.175543,"p(99)":33.00129900000002,"min":1.242581,"med":16.071997,"avg":16.825131835934027}},"http_req_duration{expected_response:true}":{"contains":"time","values":{"p(90)":24.463787,"p(95)":27.175543,"p(99)":33.00129900000002,"min":1.242581,"med":16.071997,"avg":16.825131835934027,"max":112.091318},"type":"trend"},"http_req_connecting":{"type":"trend","contains":"time","values":{"p(90)":0,"p(95)":0,"p(99)":0,"min":0,"med":0,"avg":0.0038792099603880328,"max":22.921052}},"http_req_failed":{"values":{"rate":0,"passes":0,"fails":353681},"type":"rate","contains":"default"},"checks":{"type":"rate","contains":"default","values":{"rate":1,"passes":353680,"fails":0},"thresholds":{"rate>0.99":{"ok":true}}}},"setup_data":{"card":{"active":true,"expiration_month":10,"expiration_year":2027,"id":"66c58f9a-b69d-4f92-bebd-a7c5cbb3d8d3","is_credit":true,"token":"ea1f04bdd0c24131884d14dbcb318f2fdcbc7c7cda074f31aab6e9b37645ab42","cardholder_name":"Vinicius Barbosa","is_debit":true,"masked_number":"3607******1465"}},"metadata":{"type":"GRPC","testConfig":{"id":"240a7dee-fed8-4fa0-b279-a79cdad6331d","name":"create-card-payment","vus":100,"duration":"1m","executedAt":"2022-10-31T15:30:30.455Z"},"useDatabase":false},"root_group":{"id":"d41d8cd98f00b204e9800998ecf8427e","groups":[{"path":"::setup","id":"5c0f8025f7e0b6654089e5b00e950f1a","groups":[],"checks":[],"name":"setup"}],"checks":[{"path":"::is status 201","id":"d8b97380f72868aef5b0eadc0ce32c21","passes":353680,"fails":0,"name":"is status 201"}],"name":"","path":""},"options":{"summaryTrendStats":["min","med","avg","max","p(90)","p(95)","p(99)"],"summaryTimeUnit":"","noColor":false}}