{"metrics":{"iteration_duration":{"contains":"time","values":{"p(90)":2.9108492000000004,"p(95)":3.3877816999999997,"p(99)":5.044186500000002,"min":0.762882,"med":1.912527,"avg":2.086017741194971,"max":35.521953},"type":"trend"},"vus":{"type":"gauge","contains":"default","values":{"value":10,"min":10,"max":10}},"checks":{"type":"rate","contains":"default","values":{"rate":1,"passes":286455,"fails":0},"thresholds":{"rate>0.99":{"ok":true}}},"http_req_duration":{"type":"trend","contains":"time","values":{"min":0.676728,"med":1.809919,"avg":1.9797198404426264,"max":35.146067,"p(90)":2.8024092,"p(95)":3.2734300999999997,"p(99)":4.86687238000003}},"data_received":{"type":"counter","contains":"data","values":{"count":114295545,"rate":1904802.715808395}},"http_reqs":{"values":{"count":286455,"rate":4773.941643630063},"type":"counter","contains":"default"},"http_req_sending":{"type":"trend","contains":"time","values":{"p(99)":0.02498392000000004,"min":0.006483,"med":0.012854,"avg":0.014289642055471206,"max":8.688511,"p(90)":0.018081,"p(95)":0.020011}},"http_req_waiting":{"type":"trend","contains":"time","values":{"max":35.046912,"p(90)":2.7591680000000003,"p(95)":3.229544,"p(99)":4.7973258,"min":0.639256,"med":1.770481,"avg":1.9385043526243968}},"data_sent":{"type":"counter","contains":"data","values":{"count":61014915,"rate":1016849.5700932033}},"http_req_connecting":{"type":"trend","contains":"time","values":{"avg":0.0000034505035694960813,"max":0.179061,"p(90)":0,"p(95)":0,"p(99)":0,"min":0,"med":0}},"vus_max":{"type":"gauge","contains":"default","values":{"min":10,"max":10,"value":10}},"http_req_duration{expected_response:true}":{"type":"trend","contains":"time","values":{"min":0.676728,"med":1.809919,"avg":1.9797198404426264,"max":35.146067,"p(90)":2.8024092,"p(95)":3.2734300999999997,"p(99)":4.86687238000003}},"http_req_receiving":{"values":{"p(90)":0.035219,"p(95)":0.039256,"p(99)":0.055798300000000106,"min":0.010799,"med":0.02395,"avg":0.02692584576285975,"max":7.038363},"type":"trend","contains":"time"},"http_req_tls_handshaking":{"contains":"time","values":{"p(90)":0,"p(95)":0,"p(99)":0,"min":0,"med":0,"avg":0,"max":0},"type":"trend"},"iterations":{"values":{"count":286455,"rate":4773.941643630063},"type":"counter","contains":"default"},"http_req_blocked":{"contains":"time","values":{"max":1.708657,"p(90)":0.00269,"p(95)":0.003049,"p(99)":0.004273,"min":0.000986,"med":0.002156,"avg":0.0023083532945838065},"type":"trend"},"http_req_failed":{"type":"rate","contains":"default","values":{"fails":286455,"rate":0,"passes":0}}},"metadata":{"type":"REST","testConfig":{"executedAt":"2022-10-28T16:37:14.207Z","id":"dfce9f52-4c55-4845-bbc2-5ec8279ccf6e","name":"create-card","vus":10,"duration":"1m"},"useDatabase":false},"root_group":{"groups":[],"checks":[{"name":"is status 201","path":"::is status 201","id":"d8b97380f72868aef5b0eadc0ce32c21","passes":286455,"fails":0}],"name":"","path":"","id":"d41d8cd98f00b204e9800998ecf8427e"},"options":{"summaryTimeUnit":"","noColor":false,"summaryTrendStats":["min","med","avg","max","p(90)","p(95)","p(99)"]},"state":{"isStdErrTTY":true,"testRunDurationMs":60003.875494,"isStdOutTTY":true}}