{"state":{"isStdErrTTY":true,"testRunDurationMs":60011.711896,"isStdOutTTY":true},"metrics":{"data_sent":{"type":"counter","contains":"data","values":{"count":82641657,"rate":1377092.1440004508}},"http_req_waiting":{"contains":"time","values":{"p(95)":25.911846199999996,"p(99)":32.48801584,"min":0.949652,"med":14.542643,"avg":15.288360796256569,"max":135.504824,"p(90)":22.9880548},"type":"trend"},"data_received":{"contains":"data","values":{"count":154807611,"rate":2579623.3120008446},"type":"counter"},"http_req_duration{expected_response:true}":{"contains":"time","values":{"min":1.000267,"med":14.584569,"avg":15.339282114605943,"max":136.152021,"p(90)":23.0596436,"p(95)":26.005398,"p(99)":32.69579127999999},"type":"trend"},"http_req_connecting":{"type":"trend","contains":"time","values":{"min":0,"med":0,"avg":0.0008379751487799912,"max":38.573235,"p(90)":0,"p(95)":0,"p(99)":0}},"vus":{"type":"gauge","contains":"default","values":{"value":100,"min":100,"max":100}},"http_req_duration":{"type":"trend","contains":"time","values":{"max":136.152021,"p(90)":23.0596436,"p(95)":26.005398,"p(99)":32.69579127999999,"min":1.000267,"med":14.584569,"avg":15.339282114605943}},"iteration_duration":{"type":"trend","contains":"time","values":{"min":1.11162,"med":14.691847,"avg":15.45307419620679,"max":159.075644,"p(90)":23.185006000000005,"p(95)":26.141971999999985,"p(99)":32.874879119999996}},"http_reqs":{"contains":"default","values":{"count":387989,"rate":6465.221333335449},"type":"counter"},"http_req_blocked":{"type":"trend","contains":"time","values":{"avg":0.003303727213915775,"max":38.614678,"p(90)":0.002712,"p(95)":0.00308,"p(99)":0.004612119999999995,"min":0.000882,"med":0.001989}},"iterations":{"type":"counter","contains":"default","values":{"count":387989,"rate":6465.221333335449}},"vus_max":{"type":"gauge","contains":"default","values":{"min":100,"max":100,"value":100}},"http_req_sending":{"type":"trend","contains":"time","values":{"avg":0.014706312490817693,"max":17.078123,"p(90)":0.01612,"p(95)":0.018932599999999977,"p(99)":0.06060427999999991,"min":0.005708,"med":0.011465}},"http_req_receiving":{"type":"trend","contains":"time","values":{"p(99)":0.1984653999999999,"min":0.009561,"med":0.018663,"avg":0.03621500585841434,"max":27.271964,"p(90)":0.031001,"p(95)":0.03918359999999998}},"http_req_failed":{"type":"rate","contains":"default","values":{"fails":387989,"rate":0,"passes":0}},"checks":{"type":"rate","contains":"default","values":{"rate":1,"passes":387989,"fails":0},"thresholds":{"rate>0.99":{"ok":true}}},"http_req_tls_handshaking":{"type":"trend","contains":"time","values":{"min":0,"med":0,"avg":0,"max":0,"p(90)":0,"p(95)":0,"p(99)":0}}},"metadata":{"type":"REST","testConfig":{"id":"f889ac39-6948-4782-afa0-93f678ad1a98","name":"create-card","vus":100,"duration":"1m","executedAt":"2022-10-28T16:41:12.447Z"},"useDatabase":false},"root_group":{"groups":[],"checks":[{"path":"::is status 201","id":"d8b97380f72868aef5b0eadc0ce32c21","passes":387989,"fails":0,"name":"is status 201"}],"name":"","path":"","id":"d41d8cd98f00b204e9800998ecf8427e"},"options":{"summaryTrendStats":["min","med","avg","max","p(90)","p(95)","p(99)"],"summaryTimeUnit":"","noColor":false}}