{"root_group":{"name":"","path":"","id":"d41d8cd98f00b204e9800998ecf8427e","groups":[],"checks":[{"id":"d8b97380f72868aef5b0eadc0ce32c21","passes":85168,"fails":0,"name":"is status 201","path":"::is status 201"}]},"options":{"summaryTrendStats":["min","med","avg","max","p(90)","p(95)","p(99)"],"summaryTimeUnit":"","noColor":false},"state":{"isStdOutTTY":true,"isStdErrTTY":true,"testRunDurationMs":60001.334955},"metrics":{"http_req_connecting":{"type":"trend","contains":"time","values":{"min":0,"med":0,"avg":8.512586887093744e-7,"max":0.0725,"p(90)":0,"p(95)":0,"p(99)":0}},"http_req_waiting":{"type":"trend","contains":"time","values":{"p(99)":0.9998187600000001,"min":0.498555,"med":0.577943,"avg":0.5989563837474138,"max":7.454764,"p(90)":0.6389978000000001,"p(95)":0.7150280499999997}},"iteration_duration":{"type":"trend","contains":"time","values":{"min":0.581914,"med":0.6748605000000001,"avg":0.6990024637070211,"max":10.589349,"p(90)":0.7453956,"p(95)":0.83997655,"p(99)":1.1236853200000003}},"http_req_receiving":{"contains":"time","values":{"p(95)":0.027257299999999988,"p(99)":0.04051533,"min":0.013215,"med":0.018514,"avg":0.019651500199605463,"max":0.150468,"p(90)":0.024581},"type":"trend"},"http_req_failed":{"type":"rate","contains":"default","values":{"rate":0,"passes":0,"fails":85168}},"http_req_sending":{"type":"trend","contains":"time","values":{"p(90)":0.012452,"p(95)":0.013198,"p(99)":0.017107,"min":0.006343,"med":0.010406,"avg":0.010208380142776481,"max":9.327538}},"vus_max":{"type":"gauge","contains":"default","values":{"value":1,"min":1,"max":1}},"iterations":{"type":"counter","contains":"default","values":{"rate":1419.4350853005951,"count":85168}},"vus":{"type":"gauge","contains":"default","values":{"value":1,"min":1,"max":1}},"data_received":{"type":"counter","contains":"data","values":{"count":33811696,"rate":563515.7288643363}},"http_req_duration":{"type":"trend","contains":"time","values":{"avg":0.6288162640897996,"max":10.322666,"p(90)":0.670824,"p(95)":0.75353655,"p(99)":1.0341918800000005,"min":0.520371,"med":0.606536}},"http_req_duration{expected_response:true}":{"type":"trend","contains":"time","values":{"min":0.520371,"med":0.606536,"avg":0.6288162640897996,"max":10.322666,"p(90)":0.670824,"p(95)":0.75353655,"p(99)":1.0341918800000005}},"data_sent":{"type":"counter","contains":"data","values":{"count":18140784,"rate":302339.67316902673}},"checks":{"values":{"rate":1,"passes":85168,"fails":0},"thresholds":{"rate>0.99":{"ok":true}},"type":"rate","contains":"default"},"http_req_tls_handshaking":{"type":"trend","contains":"time","values":{"med":0,"avg":0,"max":0,"p(90)":0,"p(95)":0,"p(99)":0,"min":0}},"http_reqs":{"type":"counter","contains":"default","values":{"count":85168,"rate":1419.4350853005951}},"http_req_blocked":{"type":"trend","contains":"time","values":{"min":0.001041,"med":0.001401,"avg":0.001526392095622787,"max":0.156113,"p(90)":0.001844,"p(95)":0.002086,"p(99)":0.003175}}},"metadata":{"type":"REST","testConfig":{"id":"8244654e-51ff-481d-bd43-bbc86715a505","name":"create-card","vus":1,"duration":"1m","executedAt":"2022-10-28T16:35:54.628Z"},"useDatabase":false}}