{"root_group":{"name":"","path":"","id":"d41d8cd98f00b204e9800998ecf8427e","groups":[],"checks":[{"path":"::is status 201","id":"d8b97380f72868aef5b0eadc0ce32c21","passes":911490,"fails":0,"name":"is status 201"}]},"options":{"summaryTrendStats":["min","med","avg","max","p(90)","p(95)","p(99)"],"summaryTimeUnit":"","noColor":false},"state":{"isStdOutTTY":true,"isStdErrTTY":true,"testRunDurationMs":60003.367603},"metrics":{"http_req_tls_handshaking":{"type":"trend","contains":"time","values":{"p(95)":0,"p(99)":0,"min":0,"med":0,"avg":0,"max":0,"p(90)":0}},"checks":{"type":"rate","contains":"default","values":{"rate":1,"passes":911490,"fails":0},"thresholds":{"rate>0.99":{"ok":true}}},"http_req_failed":{"values":{"rate":0,"passes":0,"fails":911490},"type":"rate","contains":"default"},"http_req_blocked":{"contains":"time","values":{"p(95)":0.00265,"p(99)":0.003954,"min":0.000889,"med":0.001767,"avg":0.002044716823003629,"max":7.756156,"p(90)":0.002388},"type":"trend"},"http_req_sending":{"type":"trend","contains":"time","values":{"min":0.005394,"med":0.01034,"avg":0.012370726169239317,"max":10.892617,"p(90)":0.013583,"p(95)":0.015289,"p(99)":0.026417109999999987}},"http_req_duration{expected_response:true}":{"values":{"max":66.88909,"p(90)":4.615067499999999,"p(95)":5.3780862,"p(99)":8.582772559999997,"min":0.300469,"med":2.9564839999999997,"avg":3.187809284933488},"type":"trend","contains":"time"},"data_received":{"values":{"count":363684510,"rate":6061068.312136147},"type":"counter","contains":"data"},"vus_max":{"type":"gauge","contains":"default","values":{"value":50,"min":50,"max":50}},"http_req_duration":{"type":"trend","contains":"time","values":{"avg":3.187809284933488,"max":66.88909,"p(90)":4.615067499999999,"p(95)":5.3780862,"p(99)":8.582772559999997,"min":0.300469,"med":2.9564839999999997}},"iteration_duration":{"type":"trend","contains":"time","values":{"p(95)":5.4840794,"p(99)":8.801600329999998,"min":0.400632,"med":3.0469505000000003,"avg":3.2834049687719085,"max":67.177514,"p(90)":4.711967199999999}},"http_req_connecting":{"contains":"time","values":{"max":1.59001,"p(90)":0,"p(95)":0,"p(99)":0,"min":0,"med":0,"avg":0.000008673162623835698},"type":"trend"},"http_req_receiving":{"type":"trend","contains":"time","values":{"max":12.547387,"p(90)":0.024181,"p(95)":0.028413,"p(99)":0.13049919999999973,"min":0.008653,"med":0.016731,"avg":0.022459054879372515}},"data_sent":{"type":"counter","contains":"data","values":{"count":194147370,"rate":3235607.8959523793}},"http_req_waiting":{"contains":"time","values":{"p(99)":8.441050329999996,"min":0.270768,"med":2.925763,"avg":3.1529795038849087,"max":66.794374,"p(90)":4.579602,"p(95)":5.336449099999994},"type":"trend"},"iterations":{"type":"counter","contains":"default","values":{"count":911490,"rate":15190.647398837462}},"http_reqs":{"values":{"count":911490,"rate":15190.647398837462},"type":"counter","contains":"default"},"vus":{"type":"gauge","contains":"default","values":{"value":50,"min":50,"max":50}}},"metadata":{"type":"GRPC","testConfig":{"name":"create-card","vus":50,"duration":"1m","executedAt":"2022-10-28T16:46:32.177Z","id":"14db1832-359c-4226-a0e5-59ee9399888a"},"useDatabase":false}}