{"root_group":{"groups":[],"checks":[{"path":"::is status 201","id":"d8b97380f72868aef5b0eadc0ce32c21","passes":818172,"fails":0,"name":"is status 201"}],"name":"","path":"","id":"d41d8cd98f00b204e9800998ecf8427e"},"options":{"summaryTrendStats":["min","med","avg","max","p(90)","p(95)","p(99)"],"summaryTimeUnit":"","noColor":false},"state":{"isStdOutTTY":true,"isStdErrTTY":true,"testRunDurationMs":60002.110783},"metrics":{"checks":{"type":"rate","contains":"default","values":{"rate":1,"passes":818172,"fails":0},"thresholds":{"rate>0.99":{"ok":true}}},"vus_max":{"type":"gauge","contains":"default","values":{"max":25,"value":25,"min":25}},"http_reqs":{"type":"counter","contains":"default","values":{"count":818172,"rate":13635.720299223327}},"http_req_duration":{"contains":"time","values":{"avg":1.7302428455495336,"max":57.014178,"p(90)":2.4338645,"p(95)":2.8362988,"p(99)":4.756565580000019,"min":0.315935,"med":1.5988734999999998},"type":"trend"},"vus":{"type":"gauge","contains":"default","values":{"value":25,"min":25,"max":25}},"data_sent":{"contains":"data","values":{"count":174270636,"rate":2904408.423734569},"type":"counter"},"http_req_tls_handshaking":{"type":"trend","contains":"time","values":{"p(95)":0,"p(99)":0,"min":0,"med":0,"avg":0,"max":0,"p(90)":0}},"http_req_failed":{"contains":"default","values":{"rate":0,"passes":0,"fails":818172},"type":"rate"},"iteration_duration":{"type":"trend","contains":"time","values":{"min":0.397267,"med":1.690292,"avg":1.825671505641895,"max":57.517216,"p(90)":2.5298861,"p(95)":2.9372197499999984,"p(99)":4.960981610000015}},"http_req_connecting":{"type":"trend","contains":"time","values":{"p(90)":0,"p(95)":0,"p(99)":0,"min":0,"med":0,"avg":0.000002349419193030316,"max":0.173788}},"http_req_waiting":{"contains":"time","values":{"min":0.278293,"med":1.5680165000000001,"avg":1.69671433287264,"max":56.973187,"p(90)":2.4004639,"p(95)":2.7975789499999997,"p(99)":4.668657490000003},"type":"trend"},"http_req_duration{expected_response:true}":{"type":"trend","contains":"time","values":{"med":1.5988734999999998,"avg":1.7302428455495336,"max":57.014178,"p(90)":2.4338645,"p(95)":2.8362988,"p(99)":4.756565580000019,"min":0.315935}},"http_req_sending":{"type":"trend","contains":"time","values":{"min":0.005617,"med":0.010732,"avg":0.012127543314852888,"max":8.722731,"p(90)":0.013639,"p(95)":0.015253449999999953,"p(99)":0.024369290000000036}},"data_received":{"type":"counter","contains":"data","values":{"count":325632456,"rate":5427016.6790908845}},"http_req_blocked":{"contains":"time","values":{"p(95)":0.002661,"p(99)":0.003994,"min":0.000845,"med":0.001853,"avg":0.0020562566819687335,"max":8.016985,"p(90)":0.0024},"type":"trend"},"http_req_receiving":{"type":"trend","contains":"time","values":{"min":0.008876,"med":0.017491,"avg":0.02140096936218745,"max":9.114954,"p(90)":0.024818,"p(95)":0.028794,"p(99)":0.10477714000000246}},"iterations":{"values":{"count":818172,"rate":13635.720299223327},"type":"counter","contains":"default"}},"metadata":{"type":"GRPC","testConfig":{"executedAt":"2022-10-28T16:45:12.696Z","id":"f31c8249-3080-4a20-9c51-1a8d4fd982c8","name":"create-card","vus":25,"duration":"1m"},"useDatabase":false}}