{"options":{"summaryTrendStats":["min","med","avg","max","p(90)","p(95)","p(99)"],"summaryTimeUnit":"","noColor":false},"state":{"isStdOutTTY":true,"isStdErrTTY":true,"testRunDurationMs":60004.70771},"metrics":{"http_req_failed":{"contains":"default","values":{"rate":0,"passes":0,"fails":131533},"type":"rate"},"data_received":{"type":"counter","contains":"data","values":{"rate":762832.3967716233,"count":45773535}},"checks":{"type":"rate","contains":"default","values":{"rate":1,"passes":131532,"fails":0},"thresholds":{"rate>0.99":{"ok":true}}},"data_sent":{"type":"counter","contains":"data","values":{"count":50640033,"rate":843934.3333649912}},"http_req_waiting":{"type":"trend","contains":"time","values":{"min":1.638723,"med":4.113756,"avg":4.360463464712287,"max":46.775295,"p(90)":6.053810200000001,"p(95)":6.798366599999996,"p(99)":8.429630719999999}},"http_req_duration":{"type":"trend","contains":"time","values":{"min":1.693541,"med":4.16703,"avg":4.416032470520734,"max":46.845431,"p(90)":6.109262400000001,"p(95)":6.859443599999998,"p(99)":8.508569959999999}},"http_req_duration{expected_response:true}":{"type":"trend","contains":"time","values":{"p(99)":8.508569959999999,"min":1.693541,"med":4.16703,"avg":4.416032470520734,"max":46.845431,"p(90)":6.109262400000001,"p(95)":6.859443599999998}},"http_req_receiving":{"type":"trend","contains":"time","values":{"min":0.013967,"med":0.034971,"avg":0.03875317882964733,"max":6.435798,"p(90)":0.0533746,"p(95)":0.060034399999999995,"p(99)":0.08112919999999972}},"vus_max":{"type":"gauge","contains":"default","values":{"value":10,"min":10,"max":10}},"http_req_tls_handshaking":{"values":{"avg":0,"max":0,"p(90)":0,"p(95)":0,"p(99)":0,"min":0,"med":0},"type":"trend","contains":"time"},"http_req_sending":{"type":"trend","contains":"time","values":{"p(95)":0.02383,"p(99)":0.029446679999999992,"min":0.007216,"med":0.014745,"avg":0.016815826978780837,"max":6.816944,"p(90)":0.021617}},"http_reqs":{"type":"counter","contains":"default","values":{"count":131533,"rate":2192.0446748227314}},"iterations":{"type":"counter","contains":"default","values":{"count":131532,"rate":2192.0280094636596}},"iteration_duration":{"contains":"time","values":{"p(95)":7.006902799999996,"p(99)":8.696512599999997,"min":1.78519,"med":4.300002,"avg":4.551355261265225,"max":47.069242,"p(90)":6.2483294},"type":"trend"},"http_req_blocked":{"type":"trend","contains":"time","values":{"med":0.002488,"avg":0.0027336875841043216,"max":2.409192,"p(90)":0.003328,"p(95)":0.003763,"p(99)":0.005033,"min":0.001088}},"vus":{"type":"gauge","contains":"default","values":{"value":10,"min":10,"max":10}},"http_req_connecting":{"type":"trend","contains":"time","values":{"p(95)":0,"p(99)":0,"min":0,"med":0,"avg":0.00001939552811841895,"max":0.618895,"p(90)":0}}},"setup_data":{"card":{"token":"790d3590530e46e6b5f95017a07176c600f16253d145481ca2abc36057b3de79","active":true,"cardholder_name":"Vinicius Barbosa","expiration_year":2027,"id":"48f3a6f2-cf3b-4917-b4be-c15f67c090d0","is_credit":true,"masked_number":"5544********1425","expiration_month":10,"is_debit":true}},"metadata":{"useDatabase":false,"type":"REST","testConfig":{"executedAt":"2022-10-31T18:23:49.511Z","id":"8ad8795d-8995-4bc5-b526-1914eddaf994","name":"create-card-payment","vus":10,"duration":"1m"}},"root_group":{"id":"d41d8cd98f00b204e9800998ecf8427e","groups":[{"path":"::setup","id":"5c0f8025f7e0b6654089e5b00e950f1a","groups":[],"checks":[],"name":"setup"}],"checks":[{"path":"::is status 201","id":"d8b97380f72868aef5b0eadc0ce32c21","passes":131532,"fails":0,"name":"is status 201"}],"name":"","path":""}}