{"metrics":{"http_req_receiving":{"type":"trend","contains":"time","values":{"avg":0.04642423881702521,"min":0.01095,"med":0.032519,"max":16.885198,"p(90)":0.05397,"p(95)":0.06855599999999983}},"vus":{"contains":"default","values":{"min":50,"max":50,"value":50},"type":"gauge"},"http_req_waiting":{"values":{"min":2.606785,"med":19.355088,"max":245.05567,"p(90)":25.032334999999996,"p(95)":29.117956199999963,"avg":19.969385776657138},"type":"trend","contains":"time"},"data_sent":{"type":"counter","contains":"data","values":{"count":57175023,"rate":952539.6511072447}},"http_reqs":{"type":"counter","contains":"default","values":{"count":148507,"rate":2474.136406853454}},"http_req_duration{expected_response:true}":{"contains":"time","values":{"med":19.416573,"max":245.099118,"p(90)":25.1087326,"p(95)":29.20871669999998,"avg":20.035602590733134,"min":2.649317},"type":"trend"},"http_req_failed":{"contains":"default","values":{"passes":0,"fails":148507,"rate":0},"type":"rate"},"data_received":{"type":"counter","contains":"data","values":{"count":51383473,"rate":856052.046434656}},"checks":{"type":"rate","contains":"default","values":{"rate":1,"passes":148506,"fails":0}},"vus_max":{"type":"gauge","contains":"default","values":{"value":50,"min":50,"max":50}},"http_req_duration":{"contains":"time","values":{"avg":20.035602590733134,"min":2.649317,"med":19.416573,"max":245.099118,"p(90)":25.1087326,"p(95)":29.20871669999998},"type":"trend"},"http_req_connecting":{"values":{"p(95)":0,"avg":0.0003036897991340475,"min":0,"med":0,"max":1.69757,"p(90)":0},"type":"trend","contains":"time"},"iteration_duration":{"type":"trend","contains":"time","values":{"avg":20.19126999119913,"min":2.777861,"med":19.567962,"max":245.267595,"p(90)":25.2840096,"p(95)":29.3869395}},"http_req_blocked":{"type":"trend","contains":"time","values":{"max":10.434854,"p(90)":0.003359,"p(95)":0.0039,"avg":0.003579783996713993,"min":0.000897,"med":0.002498}},"http_req_sending":{"type":"trend","contains":"time","values":{"avg":0.019792575259078744,"min":0.005588,"med":0.014531,"max":20.648022,"p(90)":0.021436,"p(95)":0.025089699999999982}},"iterations":{"type":"counter","contains":"default","values":{"count":148506,"rate":2474.1197467875522}},"http_req_tls_handshaking":{"type":"trend","contains":"time","values":{"min":0,"med":0,"max":0,"p(90)":0,"p(95)":0,"avg":0}}},"setup_data":{"card":{"active":true,"expiration_month":10,"token":"52aeb6f95bf941f89972b8cfc80a382b130078f6f3394d83b75135ec0045a8cc","is_debit":true,"masked_number":"3675******4358","cardholder_name":"Vinicius Barbosa","expiration_year":2027,"id":"94b300f6-726a-445a-b2e7-77fb5956bdca","is_credit":true}},"metadata":{"testConfig":{"id":"c4e77cc4-0103-4abc-ac9e-da0f78901f4e","name":"create-card-payment","vus":50,"duration":"1m","executedAt":"2022-10-14T20:38:34.351Z"},"type":"GRPC"},"root_group":{"name":"","path":"","id":"d41d8cd98f00b204e9800998ecf8427e","groups":[{"id":"5c0f8025f7e0b6654089e5b00e950f1a","groups":[],"checks":[],"name":"setup","path":"::setup"}],"checks":[{"fails":0,"name":"is status 201","path":"::is status 201","id":"d8b97380f72868aef5b0eadc0ce32c21","passes":148506}]},"options":{"summaryTrendStats":["avg","min","med","max","p(90)","p(95)"],"summaryTimeUnit":"","noColor":false},"state":{"isStdOutTTY":true,"isStdErrTTY":true,"testRunDurationMs":60023.772169}}