{"metrics":{"http_req_blocked":{"type":"trend","contains":"time","values":{"avg":0.010535508232429266,"min":0.000947,"med":0.002657,"max":66.082285,"p(90)":0.003724,"p(95)":0.00435}},"data_received":{"contains":"data","values":{"count":41776783,"rate":695913.0312408118},"type":"counter"},"http_req_sending":{"type":"trend","contains":"time","values":{"med":0.015302,"max":43.30452,"p(90)":0.023734900000000007,"p(95)":0.03290344999999997,"avg":0.02734554253697965,"min":0.006132}},"checks":{"type":"rate","contains":"default","values":{"rate":1,"passes":120741,"fails":0}},"vus_max":{"type":"gauge","contains":"default","values":{"min":100,"max":100,"value":100}},"http_req_waiting":{"type":"trend","contains":"time","values":{"med":47.936068,"max":322.257175,"p(90)":84.5198283,"p(95)":94.32675295,"avg":49.363486962241296,"min":3.396578}},"http_req_failed":{"type":"rate","contains":"default","values":{"rate":0,"passes":0,"fails":120742}},"http_req_duration{expected_response:true}":{"type":"trend","contains":"time","values":{"avg":49.45812726448115,"min":3.453641,"med":48.026745000000005,"max":322.355768,"p(90)":84.62959110000004,"p(95)":94.437274}},"http_req_connecting":{"contains":"time","values":{"min":0,"med":0,"max":65.948897,"p(90)":0,"p(95)":0,"avg":0.006254002219608753},"type":"trend"},"http_req_receiving":{"type":"trend","contains":"time","values":{"avg":0.06729475970250615,"min":0.011848,"med":0.034284,"max":32.73899,"p(90)":0.07153280000000002,"p(95)":0.13515855}},"iterations":{"contains":"default","values":{"count":120741,"rate":2011.2902256032223},"type":"counter"},"vus":{"type":"gauge","contains":"default","values":{"value":100,"min":100,"max":100}},"iteration_duration":{"type":"trend","contains":"time","values":{"p(95)":94.71175354999998,"avg":49.67008971556629,"min":3.619244,"med":48.223575499999995,"max":322.522857,"p(90)":84.83506310000003}},"http_reqs":{"contains":"default","values":{"count":120742,"rate":2011.3068834926353},"type":"counter"},"http_req_tls_handshaking":{"contains":"time","values":{"p(95)":0,"avg":0,"min":0,"med":0,"max":0,"p(90)":0},"type":"trend"},"data_sent":{"contains":"data","values":{"count":46485498,"rate":774350.2849876855},"type":"counter"},"http_req_duration":{"type":"trend","contains":"time","values":{"p(95)":94.437274,"avg":49.45812726448115,"min":3.453641,"med":48.026745000000005,"max":322.355768,"p(90)":84.62959110000004}}},"setup_data":{"card":{"active":true,"is_credit":true,"is_debit":true,"token":"570a0efec2604f1e8a626ce5444f67afb4bc22cc301a44029de9e96d34b990f6","cardholder_name":"Vinicius Barbosa","expiration_month":10,"expiration_year":2027,"id":"a5417db4-1007-4a01-afc9-1ff58e5672af","masked_number":"3660******8873"}},"metadata":{"type":"REST","testConfig":{"executedAt":"2022-10-14T20:12:38.819Z","id":"240a7dee-fed8-4fa0-b279-a79cdad6331d","name":"create-card-payment","vus":100,"duration":"1m"}},"root_group":{"path":"","id":"d41d8cd98f00b204e9800998ecf8427e","groups":[{"checks":[],"name":"setup","path":"::setup","id":"5c0f8025f7e0b6654089e5b00e950f1a","groups":[]}],"checks":[{"id":"d8b97380f72868aef5b0eadc0ce32c21","passes":120741,"fails":0,"name":"is status 201","path":"::is status 201"}],"name":""},"options":{"summaryTrendStats":["avg","min","med","max","p(90)","p(95)"],"summaryTimeUnit":"","noColor":false},"state":{"isStdOutTTY":true,"isStdErrTTY":true,"testRunDurationMs":60031.614763}}