{"root_group":{"name":"","path":"","id":"d41d8cd98f00b204e9800998ecf8427e","groups":[],"checks":[{"name":"is status 201","path":"::is status 201","id":"d8b97380f72868aef5b0eadc0ce32c21","passes":325544,"fails":0}]},"options":{"noColor":false,"summaryTrendStats":["avg","min","med","max","p(90)","p(95)"],"summaryTimeUnit":""},"state":{"isStdOutTTY":true,"isStdErrTTY":true,"testRunDurationMs":60002.305138},"metrics":{"checks":{"type":"rate","contains":"default","values":{"rate":1,"passes":325544,"fails":0}},"http_req_connecting":{"type":"trend","contains":"time","values":{"avg":0.0000022869996068119822,"min":0,"med":0,"max":0.126194,"p(90)":0,"p(95)":0}},"http_req_duration{expected_response:true}":{"contains":"time","values":{"avg":1.7171092003170263,"min":0.809392,"med":1.5158239999999998,"max":240.718514,"p(90)":2.0910774,"p(95)":2.3880579499999994},"type":"trend"},"http_reqs":{"contains":"default","values":{"rate":5425.524890273425,"count":325544},"type":"counter"},"http_req_waiting":{"type":"trend","contains":"time","values":{"med":1.4671215000000002,"max":240.69314,"p(90)":2.0438589,"p(95)":2.334448549999999,"avg":1.6683954893747461,"min":0.775079}},"http_req_duration":{"type":"trend","contains":"time","values":{"avg":1.7171092003170263,"min":0.809392,"med":1.5158239999999998,"max":240.718514,"p(90)":2.0910774,"p(95)":2.3880579499999994}},"http_req_tls_handshaking":{"values":{"min":0,"med":0,"max":0,"p(90)":0,"p(95)":0,"avg":0},"type":"trend","contains":"time"},"http_req_failed":{"type":"rate","contains":"default","values":{"rate":0,"passes":0,"fails":325544}},"vus":{"type":"gauge","contains":"default","values":{"value":10,"min":10,"max":10}},"http_req_sending":{"contains":"time","values":{"avg":0.014495324361683498,"min":0.005863,"med":0.012278,"max":4.81616,"p(90)":0.017748,"p(95)":0.020403},"type":"trend"},"iteration_duration":{"values":{"avg":1.8334827805304177,"min":0.887831,"med":1.6311144999999998,"max":240.790642,"p(90)":2.2059081000000003,"p(95)":2.513268549999999},"type":"trend","contains":"time"},"data_sent":{"type":"counter","contains":"data","values":{"count":69340872,"rate":1155636.8016282395}},"vus_max":{"values":{"min":10,"max":10,"value":10},"type":"gauge","contains":"default"},"http_req_blocked":{"type":"trend","contains":"time","values":{"p(95)":0.003296,"avg":0.002444608913081009,"min":0.000864,"med":0.002093,"max":3.883133,"p(90)":0.002657}},"http_req_receiving":{"values":{"avg":0.03421838658061624,"min":0.011028,"med":0.027151,"max":8.344038,"p(90)":0.042864,"p(95)":0.05775684999999998},"type":"trend","contains":"time"},"data_received":{"type":"counter","contains":"data","values":{"count":129892056,"rate":2164784.4312190968}},"iterations":{"type":"counter","contains":"default","values":{"count":325544,"rate":5425.524890273425}}},"metadata":{"type":"GRPC","testConfig":{"duration":"1m","executedAt":"2022-10-14T14:27:34.851Z","id":"dfce9f52-4c55-4845-bbc2-5ec8279ccf6e","name":"create-card","vus":10}}}