{"options":{"summaryTrendStats":["avg","min","med","max","p(90)","p(95)"],"summaryTimeUnit":"","noColor":false},"state":{"isStdErrTTY":true,"testRunDurationMs":60007.868459,"isStdOutTTY":true},"metrics":{"iteration_duration":{"type":"trend","contains":"time","values":{"med":1.679455,"max":105.155562,"p(90)":2.0644606,"p(95)":2.2172193,"avg":1.8436562652790431,"min":1.349262}},"checks":{"type":"rate","contains":"default","values":{"rate":1,"passes":32429,"fails":0}},"iterations":{"type":"counter","contains":"default","values":{"count":32429,"rate":540.4124631115153}},"vus_max":{"type":"gauge","contains":"default","values":{"max":1,"value":1,"min":1}},"http_req_duration":{"type":"trend","contains":"time","values":{"p(90)":1.9665432999999999,"p(95)":2.11147135,"avg":1.754880387974102,"min":1.26972,"med":1.5940115,"max":105.04578}},"http_req_receiving":{"type":"trend","contains":"time","values":{"p(90)":0.037564,"p(95)":0.044307099999999995,"avg":0.029068907924761068,"min":0.017766,"med":0.026916,"max":2.332486}},"http_req_duration{expected_response:true}":{"contains":"time","values":{"avg":1.754880387974102,"min":1.26972,"med":1.5940115,"max":105.04578,"p(90)":1.9665432999999999,"p(95)":2.11147135},"type":"trend"},"http_req_sending":{"type":"trend","contains":"time","values":{"avg":0.011275247394387913,"min":0.006778,"med":0.01128,"max":0.208397,"p(90)":0.014267100000000003,"p(95)":0.015550649999999997}},"data_sent":{"values":{"count":12485378,"rate":208062.34783244395},"type":"counter","contains":"data"},"http_req_waiting":{"type":"trend","contains":"time","values":{"p(95)":2.06081285,"avg":1.7145362326549491,"min":1.23494,"med":1.5561205,"max":104.978548,"p(90)":1.9207253000000002}},"http_reqs":{"contains":"default","values":{"rate":540.4291275927854,"count":32430},"type":"counter"},"http_req_blocked":{"values":{"avg":0.0017879212149244528,"min":0.001237,"med":0.001647,"max":0.214832,"p(90)":0.002202,"p(95)":0.0024875499999999994},"type":"trend","contains":"time"},"http_req_connecting":{"type":"trend","contains":"time","values":{"min":0,"med":0,"max":0.093834,"p(90)":0,"p(95)":0,"avg":0.000004490286771507863}},"data_received":{"type":"counter","contains":"data","values":{"count":11285691,"rate":188070.18629083413}},"http_req_failed":{"values":{"fails":32430,"rate":0,"passes":0},"type":"rate","contains":"default"},"http_req_tls_handshaking":{"type":"trend","contains":"time","values":{"avg":0,"min":0,"med":0,"max":0,"p(90)":0,"p(95)":0}},"vus":{"type":"gauge","contains":"default","values":{"value":1,"min":1,"max":1}}},"setup_data":{"card":{"active":true,"expiration_year":2027,"id":"1e955466-4459-44e0-a37d-ea640e1f84b3","token":"0cab0a823d484f37b5f15767491779421e2563311bd34e4aadd88a91bff57bb8","cardholder_name":"Vinicius Barbosa","expiration_month":10,"is_credit":true,"is_debit":true,"masked_number":"6011********7723"}},"metadata":{"type":"GRPC","testConfig":{"name":"create-card-payment","vus":1,"duration":"1m","executedAt":"2022-10-14T20:22:20.383Z","id":"dad9c90f-2411-4200-9356-eeb9588680e0"}},"root_group":{"name":"","path":"","id":"d41d8cd98f00b204e9800998ecf8427e","groups":[{"path":"::setup","id":"5c0f8025f7e0b6654089e5b00e950f1a","groups":[],"checks":[],"name":"setup"}],"checks":[{"id":"d8b97380f72868aef5b0eadc0ce32c21","passes":32429,"fails":0,"name":"is status 201","path":"::is status 201"}]}}