{"metrics":{"iterations":{"type":"counter","contains":"default","values":{"count":30214,"rate":503.4954221399582}},"checks":{"type":"rate","contains":"default","values":{"rate":1,"passes":30214,"fails":0}},"http_req_sending":{"contains":"time","values":{"avg":0.011564392090021572,"min":0.006909,"med":0.011585,"max":0.206649,"p(90)":0.014541,"p(95)":0.0158506},"type":"trend"},"http_req_waiting":{"contains":"time","values":{"min":1.433552,"med":1.762396,"max":43.883299,"p(90)":2.169279,"p(95)":2.2942103,"avg":1.8483469752440833},"type":"trend"},"http_req_tls_handshaking":{"type":"trend","contains":"time","values":{"med":0,"max":0,"p(90)":0,"p(95)":0,"avg":0,"min":0}},"http_req_duration{expected_response:true}":{"type":"trend","contains":"time","values":{"min":1.46776,"med":1.800651,"max":43.932427,"p(90)":2.2173592,"p(95)":2.3430201,"avg":1.8888670534171856}},"http_req_failed":{"type":"rate","contains":"default","values":{"passes":0,"fails":30215,"rate":0}},"iteration_duration":{"contains":"time","values":{"med":1.887268,"max":44.031324,"p(90)":2.3207622000000003,"p(95)":2.4457676,"avg":1.979258752771796,"min":1.550305},"type":"trend"},"data_sent":{"type":"counter","contains":"data","values":{"rate":193849.2870216305,"count":11632603}},"http_req_connecting":{"values":{"avg":0.000005170445143140824,"min":0,"med":0,"max":0.08633,"p(90)":0,"p(95)":0},"type":"trend","contains":"time"},"http_req_receiving":{"type":"trend","contains":"time","values":{"p(95)":0.0442711,"avg":0.028955686083071176,"min":0.018021,"med":0.026543,"max":0.53206,"p(90)":0.037791200000000004}},"http_reqs":{"type":"counter","contains":"default","values":{"count":30215,"rate":503.5120864486277}},"data_received":{"type":"counter","contains":"data","values":{"count":10514871,"rate":175223.05596386458}},"http_req_duration":{"type":"trend","contains":"time","values":{"med":1.800651,"max":43.932427,"p(90)":2.2173592,"p(95)":2.3430201,"avg":1.8888670534171856,"min":1.46776}},"http_req_blocked":{"type":"trend","contains":"time","values":{"avg":0.0017552786695350059,"min":0.001236,"med":0.001618,"max":0.153588,"p(90)":0.002173,"p(95)":0.002459}},"vus":{"type":"gauge","contains":"default","values":{"value":1,"min":1,"max":1}},"vus_max":{"type":"gauge","contains":"default","values":{"value":1,"min":1,"max":1}}},"setup_data":{"card":{"active":true,"cardholder_name":"Vinicius Barbosa","is_credit":true,"token":"056b016b156b461cad53eed106512373a5ef2324047d4c9ebc3255b71ef563d5","expiration_month":10,"expiration_year":2027,"id":"2de15777-862d-4ac9-a201-4efcb974b3e8","is_debit":true,"masked_number":"6011********5289"}},"metadata":{"testConfig":{"id":"dad9c90f-2411-4200-9356-eeb9588680e0","name":"create-card-payment","vus":1,"duration":"1m","executedAt":"2022-10-14T19:46:20.384Z"},"type":"REST"},"root_group":{"id":"d41d8cd98f00b204e9800998ecf8427e","groups":[{"path":"::setup","id":"5c0f8025f7e0b6654089e5b00e950f1a","groups":[],"checks":[],"name":"setup"}],"checks":[{"name":"is status 201","path":"::is status 201","id":"d8b97380f72868aef5b0eadc0ce32c21","passes":30214,"fails":0}],"name":"","path":""},"options":{"summaryTrendStats":["avg","min","med","max","p(90)","p(95)"],"summaryTimeUnit":"","noColor":false},"state":{"isStdErrTTY":true,"testRunDurationMs":60008.489991,"isStdOutTTY":true}}