{"options":{"summaryTrendStats":["avg","min","med","max","p(90)","p(95)"],"summaryTimeUnit":"","noColor":false},"state":{"isStdOutTTY":true,"isStdErrTTY":true,"testRunDurationMs":60019.925994},"metrics":{"data_received":{"contains":"data","values":{"count":23938005,"rate":398834.29716979334},"type":"counter"},"iteration_duration":{"type":"trend","contains":"time","values":{"p(90)":1.1484311999999999,"p(95)":1.2804849999999999,"avg":0.9951698337194734,"min":0.684,"med":0.946145,"max":53.388446}},"http_req_duration{expected_response:true}":{"type":"trend","contains":"time","values":{"max":53.299921,"p(90)":1.0788436000000001,"p(95)":1.2061403999999998,"avg":0.9284258854071126,"min":0.624182,"med":0.881325}},"checks":{"type":"rate","contains":"default","values":{"rate":1,"passes":59995,"fails":0}},"data_sent":{"contains":"data","values":{"count":12778935,"rate":212911.54209816037},"type":"counter"},"vus_max":{"type":"gauge","contains":"default","values":{"value":1,"min":1,"max":1}},"http_req_sending":{"type":"trend","contains":"time","values":{"med":0.008211,"max":1.885164,"p(90)":0.012137,"p(95)":0.013050299999999996,"avg":0.009208158613217752,"min":0.005639}},"vus":{"type":"gauge","contains":"default","values":{"value":1,"min":1,"max":1}},"http_req_receiving":{"type":"trend","contains":"time","values":{"avg":0.023915475906325433,"min":0.012924,"med":0.022342,"max":1.038337,"p(90)":0.0301566,"p(95)":0.03332359999999999}},"http_reqs":{"type":"counter","contains":"default","values":{"count":59995,"rate":999.5847046861988}},"http_req_tls_handshaking":{"type":"trend","contains":"time","values":{"p(90)":0,"p(95)":0,"avg":0,"min":0,"med":0,"max":0}},"http_req_failed":{"type":"rate","contains":"default","values":{"rate":0,"passes":0,"fails":59995}},"http_req_duration":{"type":"trend","contains":"time","values":{"avg":0.9284258854071126,"min":0.624182,"med":0.881325,"max":53.299921,"p(90)":1.0788436000000001,"p(95)":1.2061403999999998}},"http_req_blocked":{"type":"trend","contains":"time","values":{"avg":0.0014691515292941377,"min":0.000958,"med":0.001355,"max":0.18376,"p(90)":0.0018,"p(95)":0.002061}},"http_req_connecting":{"type":"trend","contains":"time","values":{"max":0.1011,"p(90)":0,"p(95)":0,"avg":0.0000016851404283690307,"min":0,"med":0}},"http_req_waiting":{"type":"trend","contains":"time","values":{"min":0.599194,"med":0.849243,"max":53.245362,"p(90)":1.0430182,"p(95)":1.1687184000000002,"avg":0.8953022508875695}},"iterations":{"values":{"count":59995,"rate":999.5847046861988},"type":"counter","contains":"default"}},"metadata":{"type":"GRPC","testConfig":{"name":"create-card","vus":1,"duration":"1m","executedAt":"2022-10-14T14:16:26.240Z","id":"8244654e-51ff-481d-bd43-bbc86715a505"}},"root_group":{"id":"d41d8cd98f00b204e9800998ecf8427e","groups":[],"checks":[{"path":"::is status 201","id":"d8b97380f72868aef5b0eadc0ce32c21","passes":59995,"fails":0,"name":"is status 201"}],"name":"","path":""}}