{"options":{"noColor":false,"summaryTrendStats":["avg","min","med","max","p(90)","p(95)"],"summaryTimeUnit":""},"state":{"isStdOutTTY":true,"isStdErrTTY":true,"testRunDurationMs":60004.536568},"metrics":{"vus_max":{"type":"gauge","contains":"default","values":{"value":25,"min":25,"max":25}},"http_reqs":{"type":"counter","contains":"default","values":{"count":364895,"rate":6081.123542825526}},"http_req_blocked":{"type":"trend","contains":"time","values":{"avg":0.0030538952136916313,"min":0.000842,"med":0.002136,"max":8.38641,"p(90)":0.002773,"p(95)":0.003456}},"checks":{"type":"rate","contains":"default","values":{"rate":1,"passes":364895,"fails":0}},"http_req_waiting":{"type":"trend","contains":"time","values":{"max":812.548072,"p(90)":4.901442000000007,"p(95)":6.3279359,"avg":3.895630328938367,"min":0.909563,"med":3.233115}},"http_req_failed":{"type":"rate","contains":"default","values":{"rate":0,"passes":0,"fails":364895}},"iteration_duration":{"values":{"avg":4.099019253733257,"min":1.024046,"med":3.427817,"max":812.691013,"p(90)":5.135208,"p(95)":6.5936426},"type":"trend","contains":"time"},"data_received":{"type":"counter","contains":"data","values":{"count":145593105,"rate":2426368.293587385}},"http_req_duration":{"type":"trend","contains":"time","values":{"avg":3.9557190086682814,"min":0.940112,"med":3.289529,"max":812.584966,"p(90)":4.973221400000002,"p(95)":6.4122265999999986}},"vus":{"contains":"default","values":{"max":25,"value":25,"min":25},"type":"gauge"},"http_req_tls_handshaking":{"type":"trend","contains":"time","values":{"p(95)":0,"avg":0,"min":0,"med":0,"max":0,"p(90)":0}},"http_req_sending":{"type":"trend","contains":"time","values":{"avg":0.017626248507104748,"min":0.005794,"med":0.012321,"max":9.074496,"p(90)":0.017633,"p(95)":0.024309}},"data_sent":{"type":"counter","contains":"data","values":{"count":77722635,"rate":1295279.314621837}},"http_req_connecting":{"type":"trend","contains":"time","values":{"avg":0.000021829148111100455,"min":0,"med":0,"max":0.593872,"p(90)":0,"p(95)":0}},"http_req_receiving":{"type":"trend","contains":"time","values":{"p(90)":0.04871360000000004,"p(95)":0.09284859999999998,"avg":0.042462431222680286,"min":0.012227,"med":0.026523,"max":13.045355}},"http_req_duration{expected_response:true}":{"values":{"max":812.584966,"p(90)":4.973221400000002,"p(95)":6.4122265999999986,"avg":3.9557190086682814,"min":0.940112,"med":3.289529},"type":"trend","contains":"time"},"iterations":{"type":"counter","contains":"default","values":{"rate":6081.123542825526,"count":364895}}},"metadata":{"type":"GRPC","testConfig":{"id":"f31c8249-3080-4a20-9c51-1a8d4fd982c8","name":"create-card","vus":25,"duration":"1m","executedAt":"2022-10-14T14:34:14.004Z"}},"root_group":{"name":"","path":"","id":"d41d8cd98f00b204e9800998ecf8427e","groups":[],"checks":[{"name":"is status 201","path":"::is status 201","id":"d8b97380f72868aef5b0eadc0ce32c21","passes":364895,"fails":0}]}}