{"state":{"isStdOutTTY":true,"isStdErrTTY":true,"testRunDurationMs":60019.145592},"metrics":{"http_req_duration{expected_response:true}":{"type":"trend","contains":"time","values":{"med":0.884735,"max":241.768348,"p(90)":1.090886,"p(95)":1.23034425,"avg":0.9996821980137809,"min":0.627728}},"http_req_waiting":{"values":{"med":0.8529195,"max":241.710278,"p(90)":1.056265,"p(95)":1.1920792500000001,"avg":0.9664041134212232,"min":0.600498},"type":"trend","contains":"time"},"checks":{"contains":"default","values":{"rate":1,"passes":55986,"fails":0},"type":"rate"},"data_received":{"type":"counter","contains":"data","values":{"count":22338414,"rate":372188.1372962681}},"vus_max":{"contains":"default","values":{"value":1,"min":1,"max":1},"type":"gauge"},"http_req_receiving":{"type":"trend","contains":"time","values":{"med":0.0224455,"max":0.747527,"p(90)":0.030339,"p(95)":0.03410075,"avg":0.02409059973922065,"min":0.013664}},"vus":{"type":"gauge","contains":"default","values":{"value":1,"min":1,"max":1}},"http_req_duration":{"values":{"min":0.627728,"med":0.884735,"max":241.768348,"p(90)":1.090886,"p(95)":1.23034425,"avg":0.9996821980137809},"type":"trend","contains":"time"},"http_req_blocked":{"type":"trend","contains":"time","values":{"p(95)":0.002078,"avg":0.0014710762690672867,"min":0.000983,"med":0.001358,"max":0.192501,"p(90)":0.001813}},"http_req_sending":{"type":"trend","contains":"time","values":{"med":0.008214,"max":0.21321,"p(90)":0.012185,"p(95)":0.01315,"avg":0.009187484853356107,"min":0.005716}},"http_req_tls_handshaking":{"values":{"avg":0,"min":0,"med":0,"max":0,"p(90)":0,"p(95)":0},"type":"trend","contains":"time"},"http_req_connecting":{"values":{"min":0,"med":0,"max":0.1076,"p(90)":0,"p(95)":0,"avg":0.0000019219090486907443},"type":"trend","contains":"time"},"http_reqs":{"type":"counter","contains":"default","values":{"count":55986,"rate":932.8023491134538}},"data_sent":{"type":"counter","contains":"data","values":{"count":11925018,"rate":198686.90036116567}},"http_req_failed":{"type":"rate","contains":"default","values":{"rate":0,"passes":0,"fails":55986}},"iteration_duration":{"type":"trend","contains":"time","values":{"max":241.910175,"p(90)":1.1624409999999998,"p(95)":1.30444425,"avg":1.0666987021040997,"min":0.688183,"med":0.9497804999999999}},"iterations":{"type":"counter","contains":"default","values":{"count":55986,"rate":932.8023491134538}}},"metadata":{"type":"GRPC","testConfig":{"id":"8244654e-51ff-481d-bd43-bbc86715a505","name":"create-card","vus":1,"duration":"1m","executedAt":"2022-10-14T14:17:27.162Z"}},"root_group":{"path":"","id":"d41d8cd98f00b204e9800998ecf8427e","groups":[],"checks":[{"fails":0,"name":"is status 201","path":"::is status 201","id":"d8b97380f72868aef5b0eadc0ce32c21","passes":55986}],"name":""},"options":{"summaryTrendStats":["avg","min","med","max","p(90)","p(95)"],"summaryTimeUnit":"","noColor":false}}