{"state":{"isStdOutTTY":true,"isStdErrTTY":true,"testRunDurationMs":60004.304374},"metrics":{"http_req_sending":{"type":"trend","contains":"time","values":{"p(90)":0.017332100000000034,"p(95)":0.024297549999999987,"avg":0.017367935326465907,"min":0.005711,"med":0.012121,"max":8.614506}},"http_req_receiving":{"values":{"med":0.025863,"max":12.225376,"p(90)":0.048037,"p(95)":0.09481229999999993,"avg":0.041405443528773206,"min":0.01177},"type":"trend","contains":"time"},"data_received":{"type":"counter","contains":"data","values":{"count":154544670,"rate":2575559.7304610126}},"http_req_tls_handshaking":{"type":"trend","contains":"time","values":{"max":0,"p(90)":0,"p(95)":0,"avg":0,"min":0,"med":0}},"data_sent":{"contains":"data","values":{"count":82501290,"rate":1374922.863629563},"type":"counter"},"http_req_connecting":{"type":"trend","contains":"time","values":{"med":0,"max":0.807865,"p(90)":0,"p(95)":0,"avg":0.00001699989672888751,"min":0}},"iteration_duration":{"type":"trend","contains":"time","values":{"p(90)":4.8464251,"p(95)":6.205555999999999,"avg":3.860944481638518,"min":1.043317,"med":3.277265,"max":409.601304}},"http_req_blocked":{"type":"trend","contains":"time","values":{"med":0.002101,"max":7.319334,"p(90)":0.00274,"p(95)":0.003434,"avg":0.00297835565796614,"min":0.000889}},"http_req_waiting":{"values":{"avg":3.6609448304442966,"min":0.817796,"med":3.0846109999999998,"max":409.469867,"p(90)":4.6181181,"p(95)":5.9357504},"type":"trend","contains":"time"},"checks":{"type":"rate","contains":"default","values":{"rate":1,"passes":387330,"fails":0}},"http_req_duration":{"type":"trend","contains":"time","values":{"med":3.1411075,"max":409.501678,"p(90)":4.687652600000002,"p(95)":6.0242868,"avg":3.719718209299583,"min":0.86017}},"http_req_failed":{"type":"rate","contains":"default","values":{"passes":0,"fails":387330,"rate":0}},"iterations":{"values":{"count":387330,"rate":6455.0369184486535},"type":"counter","contains":"default"},"vus_max":{"type":"gauge","contains":"default","values":{"max":25,"value":25,"min":25}},"http_reqs":{"type":"counter","contains":"default","values":{"count":387330,"rate":6455.0369184486535}},"http_req_duration{expected_response:true}":{"type":"trend","contains":"time","values":{"max":409.501678,"p(90)":4.687652600000002,"p(95)":6.0242868,"avg":3.719718209299583,"min":0.86017,"med":3.1411075}},"vus":{"type":"gauge","contains":"default","values":{"value":25,"min":25,"max":25}}},"metadata":{"testConfig":{"vus":25,"duration":"1m","executedAt":"2022-10-14T14:30:09.778Z","id":"f31c8249-3080-4a20-9c51-1a8d4fd982c8","name":"create-card"},"type":"GRPC"},"root_group":{"id":"d41d8cd98f00b204e9800998ecf8427e","groups":[],"checks":[{"name":"is status 201","path":"::is status 201","id":"d8b97380f72868aef5b0eadc0ce32c21","passes":387330,"fails":0}],"name":"","path":""},"options":{"noColor":false,"summaryTrendStats":["avg","min","med","max","p(90)","p(95)"],"summaryTimeUnit":""}}