{"state":{"isStdOutTTY":true,"isStdErrTTY":true,"testRunDurationMs":60029.901334},"metrics":{"http_req_blocked":{"type":"trend","contains":"time","values":{"min":0.000932,"med":0.002633,"max":40.485461,"p(90)":0.003675,"p(95)":0.004257,"avg":0.01087166084872487}},"checks":{"type":"rate","contains":"default","values":{"rate":1,"passes":121004,"fails":0}},"http_req_failed":{"values":{"rate":0,"passes":0,"fails":121005},"type":"rate","contains":"default"},"iterations":{"type":"counter","contains":"default","values":{"count":121004,"rate":2015.7287836730995}},"http_req_waiting":{"type":"trend","contains":"time","values":{"med":48.148033,"max":400.331063,"p(90)":84.42241840000001,"p(95)":92.89082999999994,"avg":49.29197966694699,"min":2.195451}},"http_req_receiving":{"values":{"max":32.738169,"p(90)":0.06414440000000002,"p(95)":0.10016439999999985,"avg":0.05601728231064877,"min":0.013498,"med":0.034291},"type":"trend","contains":"time"},"data_received":{"values":{"count":41867781,"rate":697448.7725217489},"type":"counter","contains":"data"},"vus_max":{"contains":"default","values":{"value":100,"min":100,"max":100},"type":"gauge"},"http_req_duration":{"type":"trend","contains":"time","values":{"p(90)":84.50342880000001,"p(95)":92.98065239999993,"avg":49.37225515589483,"min":2.368987,"med":48.220038,"max":400.375079}},"vus":{"contains":"default","values":{"max":100,"value":100,"min":100},"type":"gauge"},"http_req_duration{expected_response:true}":{"type":"trend","contains":"time","values":{"avg":49.37225515589483,"min":2.368987,"med":48.220038,"max":400.375079,"p(90)":84.50342880000001,"p(95)":92.98065239999993}},"http_req_tls_handshaking":{"type":"trend","contains":"time","values":{"avg":0,"min":0,"med":0,"max":0,"p(90)":0,"p(95)":0}},"http_req_connecting":{"type":"trend","contains":"time","values":{"avg":0.0065644250072311085,"min":0,"med":0,"max":38.73324,"p(90)":0,"p(95)":0}},"http_req_sending":{"contains":"time","values":{"avg":0.024258206636089397,"min":0.00699,"med":0.015204,"max":23.068711,"p(90)":0.022979,"p(95)":0.028626799999999987},"type":"trend"},"http_reqs":{"type":"counter","contains":"default","values":{"count":121005,"rate":2015.7454420379775}},"data_sent":{"contains":"data","values":{"count":46586753,"rate":776059.1299458623},"type":"counter"},"iteration_duration":{"type":"trend","contains":"time","values":{"avg":49.567675055807726,"min":2.958704,"med":48.402361,"max":400.495075,"p(90)":84.70163600000001,"p(95)":93.15650079999999}}},"setup_data":{"card":{"is_credit":true,"masked_number":"3961******7358","id":"48438373-2ead-4321-aa69-c44cdd38b93c","cardholder_name":"Vinicius Barbosa","expiration_month":10,"expiration_year":2027,"is_debit":true,"token":"1a42c9386a0e4256b5b0f23be6aacb33573a8d3b6f814c99b6a7fac636aad2cd","active":true}},"metadata":{"type":"REST","testConfig":{"id":"240a7dee-fed8-4fa0-b279-a79cdad6331d","name":"create-card-payment","vus":100,"duration":"1m","executedAt":"2022-10-14T20:11:37.848Z"}},"root_group":{"name":"","path":"","id":"d41d8cd98f00b204e9800998ecf8427e","groups":[{"groups":[],"checks":[],"name":"setup","path":"::setup","id":"5c0f8025f7e0b6654089e5b00e950f1a"}],"checks":[{"name":"is status 201","path":"::is status 201","id":"d8b97380f72868aef5b0eadc0ce32c21","passes":121004,"fails":0}]},"options":{"summaryTrendStats":["avg","min","med","max","p(90)","p(95)"],"summaryTimeUnit":"","noColor":false}}