{"metrics":{"data_received":{"type":"counter","contains":"data","values":{"count":49994975,"rate":832954.5033559554}},"checks":{"type":"rate","contains":"default","values":{"rate":1,"passes":144493,"fails":0}},"http_req_duration":{"type":"trend","contains":"time","values":{"med":19.9336555,"max":133.513731,"p(90)":26.380030599999998,"p(95)":30.94761175000001,"avg":20.588184853662035,"min":3.100944}},"http_req_receiving":{"type":"trend","contains":"time","values":{"avg":0.04872273131064262,"min":0.013251,"med":0.033574,"max":12.480316,"p(90)":0.0563247,"p(95)":0.07243005000000001}},"http_req_tls_handshaking":{"type":"trend","contains":"time","values":{"med":0,"max":0,"p(90)":0,"p(95)":0,"avg":0,"min":0}},"http_req_connecting":{"type":"trend","contains":"time","values":{"avg":0.00012656841114509944,"min":0,"med":0,"max":2.655089,"p(90)":0,"p(95)":0}},"vus_max":{"type":"gauge","contains":"default","values":{"value":50,"min":50,"max":50}},"http_req_failed":{"values":{"rate":0,"passes":0,"fails":144494},"type":"rate","contains":"default"},"iteration_duration":{"type":"trend","contains":"time","values":{"avg":20.75083403956569,"min":3.236039,"med":20.091324,"max":133.6379,"p(90)":26.561434999999996,"p(95)":31.133726250000002}},"http_req_blocked":{"type":"trend","contains":"time","values":{"p(95)":0.003999,"avg":0.0033600798787493135,"min":0.000973,"med":0.002567,"max":5.830853,"p(90)":0.003436}},"vus":{"type":"gauge","contains":"default","values":{"max":50,"value":50,"min":50}},"iterations":{"type":"counter","contains":"default","values":{"count":144493,"rate":2407.3638411342754}},"http_reqs":{"type":"counter","contains":"default","values":{"count":144494,"rate":2407.380501898749}},"http_req_sending":{"contains":"time","values":{"avg":0.020124688672194267,"min":0.005891,"med":0.014816,"max":23.040235,"p(90)":0.021857699999999997,"p(95)":0.025603350000000007},"type":"trend"},"http_req_waiting":{"contains":"time","values":{"avg":20.519337433678984,"min":3.037738,"med":19.870439,"max":133.461023,"p(90)":26.296909699999997,"p(95)":30.845972150000005},"type":"trend"},"http_req_duration{expected_response:true}":{"values":{"p(90)":26.380030599999998,"p(95)":30.94761175000001,"avg":20.588184853662035,"min":3.100944,"med":19.9336555,"max":133.513731},"type":"trend","contains":"time"},"data_sent":{"contains":"data","values":{"count":55630018,"rate":926838.627579529},"type":"counter"}},"setup_data":{"card":{"is_debit":true,"expiration_year":2027,"id":"8d19c3a8-f900-4201-a049-51ce72981e82","is_credit":true,"masked_number":"3812******1383","token":"c6b553ec297a45b0ba18989375ca01260831d667043047988e6616752b5ffc25","active":true,"cardholder_name":"Vinicius Barbosa","expiration_month":10}},"metadata":{"type":"GRPC","testConfig":{"name":"create-card-payment","vus":50,"duration":"1m","executedAt":"2022-10-14T20:39:35.350Z","id":"c4e77cc4-0103-4abc-ac9e-da0f78901f4e"}},"root_group":{"name":"","path":"","id":"d41d8cd98f00b204e9800998ecf8427e","groups":[{"checks":[],"name":"setup","path":"::setup","id":"5c0f8025f7e0b6654089e5b00e950f1a","groups":[]}],"checks":[{"fails":0,"name":"is status 201","path":"::is status 201","id":"d8b97380f72868aef5b0eadc0ce32c21","passes":144493}]},"options":{"summaryTrendStats":["avg","min","med","max","p(90)","p(95)"],"summaryTimeUnit":"","noColor":false},"state":{"isStdOutTTY":true,"isStdErrTTY":true,"testRunDurationMs":60021.255421}}