{"options":{"summaryTrendStats":["avg","min","med","max","p(90)","p(95)"],"summaryTimeUnit":"","noColor":false},"state":{"isStdOutTTY":true,"isStdErrTTY":true,"testRunDurationMs":60002.059295},"metrics":{"http_req_blocked":{"values":{"p(95)":0.003197,"avg":0.002367745235245846,"min":0.000849,"med":0.002095,"max":0.577059,"p(90)":0.0027},"type":"trend","contains":"time"},"http_req_connecting":{"type":"trend","contains":"time","values":{"avg":0.000006871224209383242,"min":0,"med":0,"max":0.190448,"p(90)":0,"p(95)":0}},"iteration_duration":{"type":"trend","contains":"time","values":{"p(95)":9.570683799999998,"avg":3.314833636033789,"min":1.094973,"med":2.1661395,"max":441.037008,"p(90)":4.531725399999998}},"http_req_duration":{"type":"trend","contains":"time","values":{"med":2.058371,"max":440.885219,"p(90)":4.400981999999999,"p(95)":9.418811949999968,"avg":3.2043465735433942,"min":1.012946}},"iterations":{"type":"counter","contains":"default","values":{"rate":3008.0967573564676,"count":180492}},"http_req_tls_handshaking":{"type":"trend","contains":"time","values":{"p(95)":0,"avg":0,"min":0,"med":0,"max":0,"p(90)":0}},"http_req_failed":{"type":"rate","contains":"default","values":{"rate":0,"passes":0,"fails":180492}},"vus_max":{"type":"gauge","contains":"default","values":{"value":10,"min":10,"max":10}},"http_reqs":{"type":"counter","contains":"default","values":{"count":180492,"rate":3008.0967573564676}},"http_req_receiving":{"type":"trend","contains":"time","values":{"p(90)":0.04434669999999998,"p(95)":0.05702779999999993,"avg":0.03419704242847336,"min":0.010659,"med":0.02821,"max":6.209249}},"data_received":{"type":"counter","contains":"data","values":{"count":71655324,"rate":1194214.4126705176}},"data_sent":{"type":"counter","contains":"data","values":{"count":38444796,"rate":640724.6093169276}},"http_req_waiting":{"type":"trend","contains":"time","values":{"min":0.972757,"med":2.011581,"max":440.816734,"p(90)":4.339093,"p(95)":9.348711599999971,"avg":3.156054780466718}},"checks":{"type":"rate","contains":"default","values":{"rate":1,"passes":180492,"fails":0}},"vus":{"type":"gauge","contains":"default","values":{"max":10,"value":10,"min":10}},"http_req_sending":{"type":"trend","contains":"time","values":{"avg":0.014094750648228243,"min":0.00608,"med":0.012062,"max":4.066699,"p(90)":0.017807,"p(95)":0.020402}},"http_req_duration{expected_response:true}":{"type":"trend","contains":"time","values":{"max":440.885219,"p(90)":4.400981999999999,"p(95)":9.418811949999968,"avg":3.2043465735433942,"min":1.012946,"med":2.058371}}},"metadata":{"type":"REST","testConfig":{"executedAt":"2022-10-14T13:49:29.889Z","id":"dfce9f52-4c55-4845-bbc2-5ec8279ccf6e","name":"create-card","vus":10,"duration":"1m"}},"root_group":{"name":"","path":"","id":"d41d8cd98f00b204e9800998ecf8427e","groups":[],"checks":[{"name":"is status 201","path":"::is status 201","id":"d8b97380f72868aef5b0eadc0ce32c21","passes":180492,"fails":0}]}}