{"state":{"isStdOutTTY":true,"isStdErrTTY":true,"testRunDurationMs":60006.206605},"metrics":{"http_req_sending":{"type":"trend","contains":"time","values":{"min":0.006921,"med":0.015244,"max":6.371126,"p(90)":0.023327,"p(95)":0.027061649999999965,"avg":0.019237749601873595}},"iterations":{"type":"counter","contains":"default","values":{"count":106749,"rate":1778.9659776811347}},"checks":{"type":"rate","contains":"default","values":{"rate":1,"passes":106749,"fails":0}},"vus":{"type":"gauge","contains":"default","values":{"value":10,"min":10,"max":10}},"vus_max":{"type":"gauge","contains":"default","values":{"value":10,"min":10,"max":10}},"iteration_duration":{"type":"trend","contains":"time","values":{"p(95)":8.54870025,"avg":5.608224636009358,"min":2.234277,"med":5.0241655000000005,"max":424.644578,"p(90)":7.3380153}},"http_req_waiting":{"values":{"avg":5.3789039168805,"min":2.011143,"med":4.7992665,"max":424.48297,"p(90)":7.0909228,"p(95)":8.278010249999994},"type":"trend","contains":"time"},"http_req_duration":{"type":"trend","contains":"time","values":{"med":4.864987,"max":424.532874,"p(90)":7.1670594,"p(95)":8.358976049999995,"avg":5.447153795475464,"min":2.092335}},"http_req_blocked":{"type":"trend","contains":"time","values":{"p(90)":0.003553,"p(95)":0.004106,"avg":0.003227495822014052,"min":0.000855,"med":0.002577,"max":6.720012}},"http_req_connecting":{"contains":"time","values":{"max":0.655503,"p(90)":0,"p(95)":0,"avg":0.00001177926932084309,"min":0,"med":0},"type":"trend"},"data_received":{"contains":"data","values":{"rate":617307.8269025835,"count":37042301},"type":"counter"},"http_req_tls_handshaking":{"type":"trend","contains":"time","values":{"avg":0,"min":0,"med":0,"max":0,"p(90)":0,"p(95)":0}},"http_reqs":{"type":"counter","contains":"default","values":{"count":106750,"rate":1778.9826426239229}},"http_req_failed":{"type":"rate","contains":"default","values":{"rate":0,"passes":0,"fails":106750}},"data_sent":{"type":"counter","contains":"data","values":{"count":41098578,"rate":684905.4510400507}},"http_req_duration{expected_response:true}":{"type":"trend","contains":"time","values":{"med":4.864987,"max":424.532874,"p(90)":7.1670594,"p(95)":8.358976049999995,"avg":5.447153795475464,"min":2.092335}},"http_req_receiving":{"type":"trend","contains":"time","values":{"p(90)":0.0669942,"p(95)":0.09460819999999995,"avg":0.04901212899297486,"min":0.013624,"med":0.037282,"max":10.221255}}},"setup_data":{"card":{"expiration_month":10,"expiration_year":2027,"is_credit":true,"is_debit":true,"active":true,"cardholder_name":"Vinicius Barbosa","id":"b2e531ab-a6d2-4468-b13b-dd3c73f335e4","masked_number":"3710*******5207","token":"cebbac553f0f46f4b3a53795c950e36721709d9a1ff74b08bd396f2f2de40369"}},"metadata":{"type":"REST","testConfig":{"id":"8ad8795d-8995-4bc5-b526-1914eddaf994","name":"create-card-payment","vus":10,"duration":"1m","executedAt":"2022-10-14T19:51:13.159Z"}},"root_group":{"name":"","path":"","id":"d41d8cd98f00b204e9800998ecf8427e","groups":[{"name":"setup","path":"::setup","id":"5c0f8025f7e0b6654089e5b00e950f1a","groups":[],"checks":[]}],"checks":[{"name":"is status 201","path":"::is status 201","id":"d8b97380f72868aef5b0eadc0ce32c21","passes":106749,"fails":0}]},"options":{"summaryTrendStats":["avg","min","med","max","p(90)","p(95)"],"summaryTimeUnit":"","noColor":false}}