{"state":{"testRunDurationMs":60002.611858,"isStdOutTTY":true,"isStdErrTTY":true},"metrics":{"http_req_duration{expected_response:true}":{"values":{"min":0.960746,"med":2.204292,"max":421.094029,"p(90)":5.704951400000002,"p(95)":14.96868259999998,"avg":3.6735559291249236},"type":"trend","contains":"time"},"http_req_waiting":{"type":"trend","contains":"time","values":{"med":2.156608,"max":421.066093,"p(90)":5.629471000000004,"p(95)":14.919829699999998,"avg":3.6241770323286864,"min":0.927527}},"vus_max":{"values":{"value":10,"min":10,"max":10},"type":"gauge","contains":"default"},"data_received":{"type":"counter","contains":"data","values":{"count":62763715,"rate":1046016.3825623845}},"data_sent":{"type":"counter","contains":"data","values":{"count":33674235,"rate":561212.8198634456}},"http_req_receiving":{"contains":"time","values":{"avg":0.03493847844017824,"min":0.011841,"med":0.028666,"max":6.042495,"p(90)":0.04568,"p(95)":0.05809859999999997},"type":"trend"},"checks":{"type":"rate","contains":"default","values":{"passes":158095,"fails":0,"rate":1}},"http_req_blocked":{"type":"trend","contains":"time","values":{"p(95)":0.003308,"avg":0.0024653356652645517,"min":0.000892,"med":0.002132,"max":4.786813,"p(90)":0.002799}},"http_req_sending":{"contains":"time","values":{"avg":0.014440418356051697,"min":0.005847,"med":0.012211,"max":6.130308,"p(90)":0.018099600000000007,"p(95)":0.02093729999999999},"type":"trend"},"http_req_tls_handshaking":{"contains":"time","values":{"p(95)":0,"avg":0,"min":0,"med":0,"max":0,"p(90)":0},"type":"trend"},"http_req_failed":{"type":"rate","contains":"default","values":{"rate":0,"passes":0,"fails":158095}},"iteration_duration":{"values":{"p(90)":5.859774200000018,"p(95)":15.088185299999987,"avg":3.7856708960119314,"min":1.023158,"med":2.313757,"max":421.179221},"type":"trend","contains":"time"},"iterations":{"type":"counter","contains":"default","values":{"count":158095,"rate":2634.8019711898855}},"vus":{"type":"gauge","contains":"default","values":{"value":10,"min":10,"max":10}},"http_req_duration":{"type":"trend","contains":"time","values":{"avg":3.6735559291249236,"min":0.960746,"med":2.204292,"max":421.094029,"p(90)":5.704951400000002,"p(95)":14.96868259999998}},"http_req_connecting":{"type":"trend","contains":"time","values":{"max":0.226013,"p(90)":0,"p(95)":0,"avg":0.000006229109079983555,"min":0,"med":0}},"http_reqs":{"values":{"count":158095,"rate":2634.8019711898855},"type":"counter","contains":"default"}},"metadata":{"type":"REST","testConfig":{"executedAt":"2022-10-14T13:52:32.974Z","id":"dfce9f52-4c55-4845-bbc2-5ec8279ccf6e","name":"create-card","vus":10,"duration":"1m"}},"root_group":{"name":"","path":"","id":"d41d8cd98f00b204e9800998ecf8427e","groups":[],"checks":[{"passes":158095,"fails":0,"name":"is status 201","path":"::is status 201","id":"d8b97380f72868aef5b0eadc0ce32c21"}]},"options":{"summaryTrendStats":["avg","min","med","max","p(90)","p(95)"],"summaryTimeUnit":"","noColor":false}}