{"metrics":{"data_sent":{"type":"counter","contains":"data","values":{"count":45168028,"rate":752390.0194148213}},"vus":{"values":{"value":100,"min":100,"max":100},"type":"gauge","contains":"default"},"http_req_duration{expected_response:true}":{"type":"trend","contains":"time","values":{"avg":50.922375947288195,"min":3.35461,"med":48.703301499999995,"max":369.334521,"p(90)":85.96228579999999,"p(95)":98.35201504999999}},"http_req_blocked":{"type":"trend","contains":"time","values":{"avg":0.006948926312649151,"min":0.000874,"med":0.002638,"max":41.954903,"p(90)":0.0037,"p(95)":0.004328}},"iteration_duration":{"type":"trend","contains":"time","values":{"p(90)":86.1486713,"p(95)":98.53938165,"avg":51.12445470744148,"min":3.448178,"med":48.907621,"max":369.92378}},"vus_max":{"type":"gauge","contains":"default","values":{"value":100,"min":100,"max":100}},"http_reqs":{"contains":"default","values":{"count":117320,"rate":1954.2672325155934},"type":"counter"},"http_req_duration":{"type":"trend","contains":"time","values":{"p(90)":85.96228579999999,"p(95)":98.35201504999999,"avg":50.922375947288195,"min":3.35461,"med":48.703301499999995,"max":369.334521}},"iterations":{"type":"counter","contains":"default","values":{"count":117319,"rate":1954.2505749360457}},"http_req_connecting":{"values":{"avg":0.003035400485850664,"min":0,"med":0,"max":41.913487,"p(90)":0,"p(95)":0},"type":"trend","contains":"time"},"http_req_tls_handshaking":{"type":"trend","contains":"time","values":{"avg":0,"min":0,"med":0,"max":0,"p(90)":0,"p(95)":0}},"checks":{"type":"rate","contains":"default","values":{"rate":1,"passes":117319,"fails":0}},"data_received":{"contains":"data","values":{"count":40592771,"rate":676177.3119869522},"type":"counter"},"http_req_sending":{"type":"trend","contains":"time","values":{"avg":0.02447597564780102,"min":0.006212,"med":0.015305,"max":25.195264,"p(90)":0.023633,"p(95)":0.032395099999999975}},"http_req_receiving":{"type":"trend","contains":"time","values":{"p(90)":0.07108230000000003,"p(95)":0.13256204999999954,"avg":0.059003247732696426,"min":0.013594,"med":0.034077,"max":18.916389}},"http_req_failed":{"type":"rate","contains":"default","values":{"rate":0,"passes":0,"fails":117320}},"http_req_waiting":{"type":"trend","contains":"time","values":{"med":48.621137000000004,"max":369.279259,"p(90)":85.8883988,"p(95)":98.27254339999999,"avg":50.838896723909095,"min":3.324658}}},"setup_data":{"card":{"expiration_month":10,"expiration_year":2027,"masked_number":"3840******9405","active":true,"cardholder_name":"Vinicius Barbosa","is_debit":true,"token":"6c3a34b2ad804663aa3a3300ef19e6a8078e3d44361f4acf81155b7c41899daa","id":"5b620195-6bd1-4cd3-bffe-1408303b90c5","is_credit":true}},"metadata":{"type":"REST","testConfig":{"executedAt":"2022-10-14T20:13:39.834Z","id":"240a7dee-fed8-4fa0-b279-a79cdad6331d","name":"create-card-payment","vus":100,"duration":"1m"}},"root_group":{"id":"d41d8cd98f00b204e9800998ecf8427e","groups":[{"name":"setup","path":"::setup","id":"5c0f8025f7e0b6654089e5b00e950f1a","groups":[],"checks":[]}],"checks":[{"name":"is status 201","path":"::is status 201","id":"d8b97380f72868aef5b0eadc0ce32c21","passes":117319,"fails":0}],"name":"","path":""},"options":{"summaryTrendStats":["avg","min","med","max","p(90)","p(95)"],"summaryTimeUnit":"","noColor":false},"state":{"isStdOutTTY":true,"isStdErrTTY":true,"testRunDurationMs":60032.731475}}