{"state":{"isStdOutTTY":true,"isStdErrTTY":true,"testRunDurationMs":60020.823207},"metrics":{"http_req_receiving":{"type":"trend","contains":"time","values":{"max":16.409676,"p(90)":0.058741,"p(95)":0.07751279999999998,"avg":0.04934156094956488,"min":0.01112,"med":0.033061}},"checks":{"type":"rate","contains":"default","values":{"rate":1,"passes":125488,"fails":0}},"vus_max":{"contains":"default","values":{"value":50,"min":50,"max":50},"type":"gauge"},"http_req_connecting":{"contains":"time","values":{"avg":0.00030762275577939113,"min":0,"med":0,"max":1.487935,"p(90)":0,"p(95)":0},"type":"trend"},"http_req_blocked":{"type":"trend","contains":"time","values":{"min":0.000898,"med":0.002474,"max":2.027088,"p(90)":0.003452,"p(95)":0.003935,"avg":0.0034458247256731736}},"iteration_duration":{"type":"trend","contains":"time","values":{"max":160.619553,"p(90)":36.680809800000006,"p(95)":41.57162119999999,"avg":23.89580824779896,"min":2.928096,"med":23.084233}},"iterations":{"values":{"count":125488,"rate":2090.741067766042},"type":"counter","contains":"default"},"http_req_duration{expected_response:true}":{"type":"trend","contains":"time","values":{"max":160.508304,"p(90)":36.51634479999999,"p(95)":41.40930099999999,"avg":23.735716705902707,"min":2.822629,"med":22.931111}},"http_req_waiting":{"type":"trend","contains":"time","values":{"avg":23.666169753962446,"min":2.789149,"med":22.865016,"max":160.466357,"p(90)":36.4222766,"p(95)":41.31586179999999}},"http_reqs":{"type":"counter","contains":"default","values":{"count":125489,"rate":2090.757728650491}},"http_req_duration":{"type":"trend","contains":"time","values":{"avg":23.735716705902707,"min":2.822629,"med":22.931111,"max":160.508304,"p(90)":36.51634479999999,"p(95)":41.40930099999999}},"http_req_tls_handshaking":{"type":"trend","contains":"time","values":{"avg":0,"min":0,"med":0,"max":0,"p(90)":0,"p(95)":0}},"data_sent":{"type":"counter","contains":"data","values":{"count":48313093,"rate":804938.8598583138}},"http_req_sending":{"values":{"max":21.611873,"p(90)":0.021299,"p(95)":0.02497959999999999,"avg":0.02020539099044544,"min":0.005549,"med":0.014373},"type":"trend","contains":"time"},"vus":{"type":"gauge","contains":"default","values":{"value":50,"min":50,"max":50}},"data_received":{"type":"counter","contains":"data","values":{"count":43670223,"rate":727584.5392754778}},"http_req_failed":{"type":"rate","contains":"default","values":{"rate":0,"passes":0,"fails":125489}}},"setup_data":{"card":{"is_debit":true,"masked_number":"6011********3919","active":true,"is_credit":true,"expiration_year":2027,"id":"9bd737a8-c569-423d-987c-bdb008cb3640","token":"8ec322e7b3914b9e911eab506cf6e0c4a28176cf8a8f483b809994c5b49bd51e","cardholder_name":"Vinicius Barbosa","expiration_month":10}},"metadata":{"type":"REST","testConfig":{"id":"c4e77cc4-0103-4abc-ac9e-da0f78901f4e","name":"create-card-payment","vus":50,"duration":"1m","executedAt":"2022-10-14T20:02:40.089Z"}},"root_group":{"groups":[{"name":"setup","path":"::setup","id":"5c0f8025f7e0b6654089e5b00e950f1a","groups":[],"checks":[]}],"checks":[{"passes":125488,"fails":0,"name":"is status 201","path":"::is status 201","id":"d8b97380f72868aef5b0eadc0ce32c21"}],"name":"","path":"","id":"d41d8cd98f00b204e9800998ecf8427e"},"options":{"summaryTrendStats":["avg","min","med","max","p(90)","p(95)"],"summaryTimeUnit":"","noColor":false}}