{"state":{"isStdOutTTY":true,"isStdErrTTY":true,"testRunDurationMs":60001.074732},"metrics":{"vus_max":{"type":"gauge","contains":"default","values":{"value":1,"min":1,"max":1}},"iteration_duration":{"type":"trend","contains":"time","values":{"med":1.000988,"max":117.01893,"p(90)":1.3311278,"p(95)":1.4845886999999995,"avg":1.1926263424315606,"min":0.829279}},"http_req_duration":{"type":"trend","contains":"time","values":{"p(95)":1.4090303999999998,"avg":1.1242415501866838,"min":0.76751,"med":0.933982,"max":116.941483,"p(90)":1.2561312}},"http_req_connecting":{"type":"trend","contains":"time","values":{"min":0,"med":0,"max":0.133902,"p(90)":0,"p(95)":0,"avg":0.000002673601820977178}},"http_req_receiving":{"type":"trend","contains":"time","values":{"avg":0.023501468662021064,"min":0.014107,"med":0.021508,"max":2.41511,"p(90)":0.029977600000000007,"p(95)":0.0344579}},"http_req_blocked":{"type":"trend","contains":"time","values":{"min":0.001042,"med":0.001485,"max":0.378316,"p(90)":0.001988,"p(95)":0.002282,"avg":0.0016229278797196527}},"iterations":{"type":"counter","contains":"default","values":{"count":50083,"rate":834.7017153226014}},"vus":{"type":"gauge","contains":"default","values":{"min":1,"max":1,"value":1}},"http_reqs":{"type":"counter","contains":"default","values":{"count":50083,"rate":834.7017153226014}},"http_req_waiting":{"type":"trend","contains":"time","values":{"p(95)":1.3698752999999992,"avg":1.091309416887957,"min":0.737364,"med":0.901846,"max":116.900296,"p(90)":1.2182510000000002}},"http_req_tls_handshaking":{"values":{"avg":0,"min":0,"med":0,"max":0,"p(90)":0,"p(95)":0},"type":"trend","contains":"time"},"http_req_duration{expected_response:true}":{"type":"trend","contains":"time","values":{"min":0.76751,"med":0.933982,"max":116.941483,"p(90)":1.2561312,"p(95)":1.4090303999999998,"avg":1.1242415501866838}},"http_req_sending":{"type":"trend","contains":"time","values":{"avg":0.009430664636703133,"min":0.005703,"med":0.008513,"max":0.727957,"p(90)":0.012437,"p(95)":0.013325799999999988}},"data_received":{"contains":"data","values":{"count":19983117,"rate":333045.984413718},"type":"counter"},"http_req_failed":{"type":"rate","contains":"default","values":{"rate":0,"passes":0,"fails":50083}},"checks":{"type":"rate","contains":"default","values":{"rate":1,"passes":50083,"fails":0}},"data_sent":{"type":"counter","contains":"data","values":{"count":10667679,"rate":177791.46536371412}}},"metadata":{"type":"REST","testConfig":{"id":"8244654e-51ff-481d-bd43-bbc86715a505","name":"create-card","vus":1,"duration":"1m","executedAt":"2022-10-14T13:47:06.763Z"}},"root_group":{"name":"","path":"","id":"d41d8cd98f00b204e9800998ecf8427e","groups":[],"checks":[{"name":"is status 201","path":"::is status 201","id":"d8b97380f72868aef5b0eadc0ce32c21","passes":50083,"fails":0}]},"options":{"summaryTimeUnit":"","noColor":false,"summaryTrendStats":["avg","min","med","max","p(90)","p(95)"]}}