{"state":{"isStdOutTTY":true,"isStdErrTTY":true,"testRunDurationMs":60036.629374},"metrics":{"data_sent":{"type":"counter","contains":"data","values":{"count":45358603,"rate":755515.4823472386}},"http_req_sending":{"type":"trend","contains":"time","values":{"avg":0.02148837462122841,"min":0.006342,"med":0.014928,"max":33.933993,"p(90)":0.022316600000000006,"p(95)":0.026236}},"data_received":{"type":"counter","contains":"data","values":{"count":40764041,"rate":678986.1693610274}},"http_req_receiving":{"type":"trend","contains":"time","values":{"min":0.012198,"med":0.034357,"max":22.059423,"p(90)":0.06059020000000001,"p(95)":0.08128809999999992,"avg":0.058938367457455475}},"http_req_failed":{"type":"rate","contains":"default","values":{"passes":0,"fails":117815,"rate":0}},"vus":{"type":"gauge","contains":"default","values":{"value":100,"min":100,"max":100}},"vus_max":{"values":{"value":100,"min":100,"max":100},"type":"gauge","contains":"default"},"checks":{"values":{"rate":1,"passes":117814,"fails":0},"type":"rate","contains":"default"},"iterations":{"contains":"default","values":{"count":117814,"rate":1962.368661073128},"type":"counter"},"http_reqs":{"type":"counter","contains":"default","values":{"count":117815,"rate":1962.3853175711763}},"http_req_tls_handshaking":{"type":"trend","contains":"time","values":{"avg":0,"min":0,"med":0,"max":0,"p(90)":0,"p(95)":0}},"http_req_duration":{"type":"trend","contains":"time","values":{"p(90)":86.3780928,"p(95)":93.90516339999995,"avg":50.73835966330326,"min":3.173159,"med":48.838168,"max":616.961034}},"http_req_connecting":{"type":"trend","contains":"time","values":{"avg":0.003473739124899206,"min":0,"med":0,"max":36.285816,"p(90)":0,"p(95)":0}},"http_req_waiting":{"type":"trend","contains":"time","values":{"med":48.769809,"max":616.87189,"p(90)":86.3042598,"p(95)":93.82711069999999,"avg":50.65793292122444,"min":3.10484}},"http_req_blocked":{"type":"trend","contains":"time","values":{"p(95)":0.004102,"avg":0.007151045019734121,"min":0.000856,"med":0.002576,"max":36.945048,"p(90)":0.003566}},"http_req_duration{expected_response:true}":{"type":"trend","contains":"time","values":{"p(95)":93.90516339999995,"avg":50.73835966330326,"min":3.173159,"med":48.838168,"max":616.961034,"p(90)":86.3780928}},"iteration_duration":{"type":"trend","contains":"time","values":{"avg":50.915715449102294,"min":3.33185,"med":49.003978,"max":617.16898,"p(90)":86.5582566,"p(95)":94.08688039999998}}},"setup_data":{"card":{"active":true,"cardholder_name":"Vinicius Barbosa","expiration_month":10,"expiration_year":2027,"id":"eaac641c-ef31-4bcc-bc5f-a6a5269abb5c","is_credit":true,"token":"7e6f02ce17034f3fb1698bd5f66c2b60307c06842478466894b3b871f8377e54","is_debit":true,"masked_number":"3613******4912"}},"metadata":{"type":"REST","testConfig":{"id":"240a7dee-fed8-4fa0-b279-a79cdad6331d","name":"create-card-payment","vus":100,"duration":"1m","executedAt":"2022-10-14T20:10:36.882Z"}},"root_group":{"name":"","path":"","id":"d41d8cd98f00b204e9800998ecf8427e","groups":[{"checks":[],"name":"setup","path":"::setup","id":"5c0f8025f7e0b6654089e5b00e950f1a","groups":[]}],"checks":[{"name":"is status 201","path":"::is status 201","id":"d8b97380f72868aef5b0eadc0ce32c21","passes":117814,"fails":0}]},"options":{"summaryTrendStats":["avg","min","med","max","p(90)","p(95)"],"summaryTimeUnit":"","noColor":false}}