{"options":{"summaryTrendStats":["avg","min","med","max","p(90)","p(95)"],"summaryTimeUnit":"","noColor":false},"state":{"testRunDurationMs":60029.171606,"isStdOutTTY":true,"isStdErrTTY":true},"metrics":{"http_req_duration{expected_response:true}":{"type":"trend","contains":"time","values":{"med":39.825105,"max":225.290665,"p(90)":47.7500396,"p(95)":58.81600580000005,"avg":40.719080189504744,"min":2.707838}},"http_req_connecting":{"type":"trend","contains":"time","values":{"avg":0.003256050029308723,"min":0,"med":0,"max":28.264032,"p(90)":0,"p(95)":0}},"iterations":{"type":"counter","contains":"default","values":{"rate":2444.028396109598,"count":146713}},"checks":{"values":{"rate":1,"passes":146713,"fails":0},"type":"rate","contains":"default"},"data_sent":{"type":"counter","contains":"data","values":{"count":56484718,"rate":940954.4807770473}},"http_req_tls_handshaking":{"type":"trend","contains":"time","values":{"avg":0,"min":0,"med":0,"max":0,"p(90)":0,"p(95)":0}},"http_req_sending":{"type":"trend","contains":"time","values":{"avg":0.021103257739546927,"min":0.006273,"med":0.014791,"max":22.613094,"p(90)":0.02198,"p(95)":0.025853350000000008}},"http_req_receiving":{"type":"trend","contains":"time","values":{"avg":0.0506715797469911,"min":0.011931,"med":0.033355,"max":23.224989,"p(90)":0.055531,"p(95)":0.071003}},"data_received":{"contains":"data","values":{"count":51056523,"rate":850528.528614525},"type":"counter"},"http_reqs":{"type":"counter","contains":"default","values":{"count":146714,"rate":2444.0450546769785}},"http_req_blocked":{"type":"trend","contains":"time","values":{"p(95)":0.003986,"avg":0.006405428745723036,"min":0.000979,"med":0.002532,"max":28.351703,"p(90)":0.003418}},"http_req_waiting":{"type":"trend","contains":"time","values":{"max":225.226832,"p(90)":47.6576814,"p(95)":58.60509825000006,"avg":40.647305352019075,"min":2.661614,"med":39.761236}},"http_req_duration":{"type":"trend","contains":"time","values":{"avg":40.719080189504744,"min":2.707838,"med":39.825105,"max":225.290665,"p(90)":47.7500396,"p(95)":58.81600580000005}},"http_req_failed":{"type":"rate","contains":"default","values":{"fails":146714,"rate":0,"passes":0}},"iteration_duration":{"values":{"max":225.397815,"p(90)":47.940975900000005,"p(95)":59.147591700000014,"avg":40.88273577101021,"min":2.81153,"med":39.979926},"type":"trend","contains":"time"},"vus":{"type":"gauge","contains":"default","values":{"value":100,"min":100,"max":100}},"vus_max":{"values":{"value":100,"min":100,"max":100},"type":"gauge","contains":"default"}},"setup_data":{"card":{"is_debit":true,"token":"e320d38e57e4445a970545bae086205938447c0c57f14d0a8c4d9236e8ea29cb","active":true,"expiration_year":2027,"is_credit":true,"masked_number":"5555********1433","cardholder_name":"Vinicius Barbosa","expiration_month":10,"id":"48263aa3-31a9-4b35-88b4-73e9a7eae43c"}},"metadata":{"type":"GRPC","testConfig":{"vus":100,"duration":"1m","executedAt":"2022-10-14T20:48:05.323Z","id":"240a7dee-fed8-4fa0-b279-a79cdad6331d","name":"create-card-payment"}},"root_group":{"name":"","path":"","id":"d41d8cd98f00b204e9800998ecf8427e","groups":[{"groups":[],"checks":[],"name":"setup","path":"::setup","id":"5c0f8025f7e0b6654089e5b00e950f1a"}],"checks":[{"name":"is status 201","path":"::is status 201","id":"d8b97380f72868aef5b0eadc0ce32c21","passes":146713,"fails":0}]}}