{"state":{"isStdOutTTY":true,"isStdErrTTY":true,"testRunDurationMs":60008.97926},"metrics":{"http_req_connecting":{"type":"trend","contains":"time","values":{"avg":0.00009218705940993571,"min":0,"med":0,"max":4.037714,"p(90)":0,"p(95)":0}},"http_req_tls_handshaking":{"type":"trend","contains":"time","values":{"avg":0,"min":0,"med":0,"max":0,"p(90)":0,"p(95)":0}},"http_req_duration":{"type":"trend","contains":"time","values":{"p(90)":19.9796125,"p(95)":23.031173499999998,"avg":11.710868338088398,"min":1.218849,"med":10.482514,"max":78.794698}},"http_req_blocked":{"type":"trend","contains":"time","values":{"avg":0.003154339844769968,"min":0.000883,"med":0.002248,"max":5.965189,"p(90)":0.00293,"p(95)":0.003593}},"vus_max":{"type":"gauge","contains":"default","values":{"value":50,"min":50,"max":50}},"http_req_duration{expected_response:true}":{"type":"trend","contains":"time","values":{"avg":11.710868338088398,"min":1.218849,"med":10.482514,"max":78.794698,"p(90)":19.9796125,"p(95)":23.031173499999998}},"checks":{"type":"rate","contains":"default","values":{"fails":0,"rate":1,"passes":252786}},"vus":{"type":"gauge","contains":"default","values":{"value":50,"min":50,"max":50}},"http_req_waiting":{"type":"trend","contains":"time","values":{"avg":11.6461365533849,"min":1.165071,"med":10.422091,"max":78.746698,"p(90)":19.900652,"p(95)":22.95171225}},"data_received":{"type":"counter","contains":"data","values":{"count":100861614,"rate":1680775.3646833154}},"http_req_receiving":{"type":"trend","contains":"time","values":{"avg":0.04605238306314357,"min":0.012519,"med":0.027957,"max":16.471146,"p(90)":0.0512125,"p(95)":0.08753475}},"http_req_failed":{"contains":"default","values":{"rate":0,"passes":0,"fails":252786},"type":"rate"},"data_sent":{"type":"counter","contains":"data","values":{"count":53843418,"rate":897256.021748236}},"iteration_duration":{"type":"trend","contains":"time","values":{"avg":11.856048856178635,"min":1.318429,"med":10.629523500000001,"max":79.013576,"p(90)":20.129966,"p(95)":23.184319000000002}},"iterations":{"type":"counter","contains":"default","values":{"rate":4212.469585672469,"count":252786}},"http_req_sending":{"contains":"time","values":{"med":0.01295,"max":12.677385,"p(90)":0.0194585,"p(95)":0.02617075,"avg":0.018679401640122575,"min":0.006176},"type":"trend"},"http_reqs":{"type":"counter","contains":"default","values":{"count":252786,"rate":4212.469585672469}}},"metadata":{"type":"REST","testConfig":{"id":"14db1832-359c-4226-a0e5-59ee9399888a","name":"create-card","vus":50,"duration":"1m","executedAt":"2022-10-14T14:04:05.669Z"}},"root_group":{"groups":[],"checks":[{"name":"is status 201","path":"::is status 201","id":"d8b97380f72868aef5b0eadc0ce32c21","passes":252786,"fails":0}],"name":"","path":"","id":"d41d8cd98f00b204e9800998ecf8427e"},"options":{"summaryTrendStats":["avg","min","med","max","p(90)","p(95)"],"summaryTimeUnit":"","noColor":false}}