{"options":{"summaryTrendStats":["avg","min","med","max","p(90)","p(95)"],"summaryTimeUnit":"","noColor":false},"state":{"isStdOutTTY":true,"isStdErrTTY":true,"testRunDurationMs":60035.013668},"metrics":{"iteration_duration":{"values":{"min":2.738758,"med":40.16539950000001,"max":494.939208,"p(90)":50.78092770000001,"p(95)":72.71639724999999,"avg":42.10021858870067},"type":"trend","contains":"time"},"iterations":{"type":"counter","contains":"default","values":{"rate":2373.265054754947,"count":142479}},"http_req_sending":{"type":"trend","contains":"time","values":{"med":0.014654,"max":38.040121,"p(90)":0.021724,"p(95)":0.025566,"avg":0.019766286608646606,"min":0.006949}},"http_req_receiving":{"type":"trend","contains":"time","values":{"med":0.03331,"max":19.786732,"p(90)":0.055586200000000016,"p(95)":0.0711033999999999,"avg":0.04843766372122501,"min":0.01342}},"checks":{"type":"rate","contains":"default","values":{"rate":1,"passes":142479,"fails":0}},"vus_max":{"contains":"default","values":{"min":100,"max":100,"value":100},"type":"gauge"},"http_req_duration{expected_response:true}":{"type":"trend","contains":"time","values":{"max":494.762321,"p(90)":50.57850500000001,"p(95)":72.56699225,"avg":41.93780472217126,"min":2.636596,"med":40.0094515}},"http_req_connecting":{"values":{"avg":0.002379118318360472,"min":0,"med":0,"max":36.695053,"p(90)":0,"p(95)":0},"type":"trend","contains":"time"},"http_req_blocked":{"type":"trend","contains":"time","values":{"avg":0.0061432066254914,"min":0.000908,"med":0.00252,"max":38.195339,"p(90)":0.003433,"p(95)":0.003982}},"http_req_waiting":{"values":{"p(90)":50.4649543,"p(95)":72.50644354999996,"avg":41.86960077184192,"min":2.602823,"med":39.944958,"max":494.644461},"type":"trend","contains":"time"},"data_sent":{"contains":"data","values":{"count":54854628,"rate":913710.5940102207},"type":"counter"},"http_reqs":{"type":"counter","contains":"default","values":{"rate":2373.281711701267,"count":142480}},"http_req_duration":{"values":{"avg":41.93780472217126,"min":2.636596,"med":40.0094515,"max":494.762321,"p(90)":50.57850500000001,"p(95)":72.56699225},"type":"trend","contains":"time"},"http_req_failed":{"type":"rate","contains":"default","values":{"rate":0,"passes":0,"fails":142480}},"vus":{"type":"gauge","contains":"default","values":{"value":100,"min":100,"max":100}},"http_req_tls_handshaking":{"type":"trend","contains":"time","values":{"max":0,"p(90)":0,"p(95)":0,"avg":0,"min":0,"med":0}},"data_received":{"type":"counter","contains":"data","values":{"count":49583091,"rate":825902.8851763033}}},"setup_data":{"card":{"active":true,"expiration_month":10,"is_credit":true,"token":"b43070f8cc2d4fa291e5506c4eff0cbe4bc27545644b4552a0a9b39ec85fc301","cardholder_name":"Vinicius Barbosa","expiration_year":2027,"id":"f8f445ec-72bb-4c74-8813-4fc371a5f842","is_debit":true,"masked_number":"5444********8915"}},"metadata":{"type":"GRPC","testConfig":{"executedAt":"2022-10-14T20:45:02.005Z","id":"240a7dee-fed8-4fa0-b279-a79cdad6331d","name":"create-card-payment","vus":100,"duration":"1m"}},"root_group":{"name":"","path":"","id":"d41d8cd98f00b204e9800998ecf8427e","groups":[{"path":"::setup","id":"5c0f8025f7e0b6654089e5b00e950f1a","groups":[],"checks":[],"name":"setup"}],"checks":[{"fails":0,"name":"is status 201","path":"::is status 201","id":"d8b97380f72868aef5b0eadc0ce32c21","passes":142479}]}}