{"state":{"isStdOutTTY":true,"isStdErrTTY":true,"testRunDurationMs":300054.886256},"metrics":{"vus":{"type":"gauge","contains":"default","values":{"value":10,"min":10,"max":10}},"checks":{"thresholds":{"rate>0.99":{"ok":true}},"type":"rate","contains":"default","values":{"rate":1,"passes":315122,"fails":0}},"http_reqs":{"type":"counter","contains":"default","values":{"count":315123,"rate":1050.217858245922}},"iterations":{"contains":"default","values":{"rate":1050.2145255223243,"count":315122},"type":"counter"},"vus_max":{"type":"gauge","contains":"default","values":{"value":10,"min":10,"max":10}},"http_req_waiting":{"type":"trend","contains":"time","values":{"min":3.861549,"med":8.124814,"avg":9.35217691540769,"max":1031.626527,"p(90)":11.6225694,"p(95)":16.52471259999998,"p(99)":27.860911159999965}},"http_req_receiving":{"values":{"avg":0.03261310669801948,"max":3.390232,"p(90)":0.051079599999999975,"p(95)":0.05970189999999996,"p(99)":0.08901311999999988,"min":0.008886,"med":0.02819},"type":"trend","contains":"time"},"iteration_duration":{"type":"trend","contains":"time","values":{"avg":9.511751772276329,"max":1031.760215,"p(90)":11.7880574,"p(95)":16.691678299999996,"p(99)":28.03446481999996,"min":4.022826,"med":8.283007}},"data_sent":{"type":"counter","contains":"data","values":{"count":122267552,"rate":407483.9557709589}},"data_received":{"type":"counter","contains":"data","values":{"count":109032609,"rate":363375.5489219925}},"http_req_duration":{"values":{"med":8.171424,"avg":9.399640751046318,"max":1031.665537,"p(90)":11.672061399999999,"p(95)":16.570315999999995,"p(99)":27.918517479999906,"min":3.91319},"type":"trend","contains":"time"},"http_req_sending":{"type":"trend","contains":"time","values":{"p(99)":0.03447133999999991,"min":0.005922,"med":0.013395,"avg":0.014850728940762893,"max":5.025772,"p(90)":0.021772,"p(95)":0.024508899999999965}},"http_req_blocked":{"type":"trend","contains":"time","values":{"p(95)":0.003939,"p(99)":0.00610377999999997,"min":0.000947,"med":0.001859,"avg":0.002469682895250546,"max":18.917883,"p(90)":0.003464}},"http_req_connecting":{"type":"trend","contains":"time","values":{"min":0,"med":0,"avg":0.000235118131650181,"max":18.858047,"p(90)":0,"p(95)":0,"p(99)":0}},"http_req_duration{expected_response:true}":{"type":"trend","contains":"time","values":{"max":1031.665537,"p(90)":11.672061399999999,"p(95)":16.570315999999995,"p(99)":27.918517479999906,"min":3.91319,"med":8.171424,"avg":9.399640751046318}},"http_req_tls_handshaking":{"type":"trend","contains":"time","values":{"max":0,"p(90)":0,"p(95)":0,"p(99)":0,"min":0,"med":0,"avg":0}},"http_req_failed":{"type":"rate","contains":"default","values":{"rate":0,"passes":0,"fails":315123}}},"setup_data":{"card":{"cardholder_name":"Vinicius Barbosa","expiration_month":10,"id":"b379cf2d-1fca-4636-a9cc-c2e32e3415e1","masked_number":"3975******1481","active":true,"is_credit":true,"is_debit":true,"token":"f4e172f4573c4b1aaa570b9ee1f7ad098d2e93d800d344b8bfb98cc3d9f6a215","expiration_year":2027}},"metadata":{"type":"REST","testConfig":{"executedAt":"2022-10-22T03:49:11.706Z","id":"8ad8795d-8995-4bc5-b526-1914eddaf994","name":"create-card-payment","vus":10,"duration":"5m"}},"root_group":{"groups":[{"name":"setup","path":"::setup","id":"5c0f8025f7e0b6654089e5b00e950f1a","groups":[],"checks":[]}],"checks":[{"path":"::is status 201","id":"d8b97380f72868aef5b0eadc0ce32c21","passes":315122,"fails":0,"name":"is status 201"}],"name":"","path":"","id":"d41d8cd98f00b204e9800998ecf8427e"},"options":{"summaryTrendStats":["min","med","avg","max","p(90)","p(95)","p(99)"],"summaryTimeUnit":"","noColor":false}}