{"options":{"summaryTrendStats":["min","med","avg","max","p(90)","p(95)","p(99)"],"summaryTimeUnit":"","noColor":false},"state":{"isStdOutTTY":true,"isStdErrTTY":true,"testRunDurationMs":300119.824027},"metrics":{"http_req_failed":{"contains":"default","values":{"rate":0,"passes":0,"fails":497292},"type":"rate"},"iteration_duration":{"type":"trend","contains":"time","values":{"p(95)":99.15000869999997,"p(99)":136.1655676399993,"min":8.416662,"med":55.8519375,"avg":60.32328666816066,"max":2187.752291,"p(90)":87.514229}},"http_req_duration":{"type":"trend","contains":"time","values":{"min":8.317455,"med":55.7421575,"avg":60.212827485576824,"max":2187.646435,"p(90)":87.3982591,"p(95)":99.03213609999997,"p(99)":136.06400048999996}},"http_req_waiting":{"type":"trend","contains":"time","values":{"max":2187.612276,"p(90)":87.35609480000001,"p(95)":98.99209590000001,"p(99)":136.02225398999988,"min":8.274043,"med":55.699861,"avg":60.170247877302586}},"http_reqs":{"contains":"default","values":{"rate":1656.978180672469,"count":497292},"type":"counter"},"http_req_sending":{"type":"trend","contains":"time","values":{"min":0.005703,"med":0.012142,"avg":0.013600609297957015,"max":7.322858,"p(90)":0.018611,"p(95)":0.022238449999999955,"p(99)":0.034590179999999936}},"vus":{"contains":"default","values":{"value":100,"min":100,"max":100},"type":"gauge"},"checks":{"thresholds":{"rate>0.99":{"ok":true}},"type":"rate","contains":"default","values":{"rate":1,"passes":497291,"fails":0}},"http_req_receiving":{"type":"trend","contains":"time","values":{"p(95)":0.05121,"p(99)":0.08673635999999986,"min":0.010865,"med":0.025623,"avg":0.028978998978466723,"max":10.220773,"p(90)":0.039764}},"http_req_tls_handshaking":{"type":"trend","contains":"time","values":{"max":0,"p(90)":0,"p(95)":0,"p(99)":0,"min":0,"med":0,"avg":0}},"data_sent":{"type":"counter","contains":"data","values":{"count":192949124,"rate":642906.9609964902}},"iterations":{"type":"counter","contains":"default","values":{"count":497291,"rate":1656.9748486699823}},"http_req_blocked":{"type":"trend","contains":"time","values":{"avg":0.0031889015125919945,"max":41.975204,"p(90)":0.00293,"p(95)":0.003734,"p(99)":0.007055,"min":0.000903,"med":0.001801}},"http_req_connecting":{"values":{"p(90)":0,"p(95)":0,"p(99)":0,"min":0,"med":0,"avg":0.0010605880146875473,"max":41.877776},"type":"trend","contains":"time"},"data_received":{"type":"counter","contains":"data","values":{"count":172560375,"rate":574971.5986254736}},"http_req_duration{expected_response:true}":{"type":"trend","contains":"time","values":{"max":2187.646435,"p(90)":87.3982591,"p(95)":99.03213609999997,"p(99)":136.06400048999996,"min":8.317455,"med":55.7421575,"avg":60.212827485576824}},"vus_max":{"type":"gauge","contains":"default","values":{"value":100,"min":100,"max":100}}},"setup_data":{"card":{"cardholder_name":"Vinicius Barbosa","expiration_month":10,"masked_number":"3477*******2592","active":true,"expiration_year":2027,"id":"33bc2033-a205-4d1d-b960-0f3a478f75c5","is_credit":true,"is_debit":true,"token":"1f31435afe20427cbbfabcbb17622d9f8b2c2ae4fa794cc3b75766325c31099c"}},"metadata":{"testConfig":{"executedAt":"2022-10-22T04:09:16.608Z","id":"240a7dee-fed8-4fa0-b279-a79cdad6331d","name":"create-card-payment","vus":100,"duration":"5m"},"type":"REST"},"root_group":{"name":"","path":"","id":"d41d8cd98f00b204e9800998ecf8427e","groups":[{"id":"5c0f8025f7e0b6654089e5b00e950f1a","groups":[],"checks":[],"name":"setup","path":"::setup"}],"checks":[{"name":"is status 201","path":"::is status 201","id":"d8b97380f72868aef5b0eadc0ce32c21","passes":497291,"fails":0}]}}