{"state":{"isStdOutTTY":true,"isStdErrTTY":true,"testRunDurationMs":300082.966109},"metrics":{"http_req_receiving":{"type":"trend","contains":"time","values":{"med":0.024496,"avg":0.02826517886578978,"max":12.970244,"p(90)":0.036687,"p(95)":0.046274,"p(99)":0.08368097999999999,"min":0.010313}},"data_received":{"type":"counter","contains":"data","values":{"count":257405345,"rate":857780.5942723918}},"checks":{"type":"rate","contains":"default","values":{"rate":1,"passes":741801,"fails":0},"thresholds":{"rate>0.99":{"ok":true}}},"iterations":{"type":"counter","contains":"default","values":{"count":741801,"rate":2471.986363033194}},"http_req_duration":{"values":{"p(90)":56.4706971,"p(95)":67.297504,"p(99)":96.70254609999999,"min":6.521642,"med":36.6456755,"avg":40.32860586493017,"max":1028.629605},"type":"trend","contains":"time"},"http_req_sending":{"type":"trend","contains":"time","values":{"med":0.011591,"avg":0.01314265671567344,"max":11.596317,"p(90)":0.017654,"p(95)":0.021796,"p(99)":0.03388498999999999,"min":0.005678}},"vus":{"type":"gauge","contains":"default","values":{"value":100,"min":100,"max":100}},"http_req_blocked":{"type":"trend","contains":"time","values":{"min":0.000924,"med":0.001785,"avg":0.002704324602791118,"max":22.3192,"p(90)":0.002646,"p(95)":0.00356,"p(99)":0.007431989999999991}},"iteration_duration":{"type":"trend","contains":"time","values":{"avg":40.436879025801254,"max":1028.708618,"p(90)":56.5850564,"p(95)":67.40912574999994,"p(99)":96.82272193999988,"min":6.635255,"med":36.752795}},"http_reqs":{"contains":"default","values":{"count":741802,"rate":2471.9896954449364},"type":"counter"},"data_sent":{"type":"counter","contains":"data","values":{"count":287819004,"rate":959131.4286578156}},"http_req_connecting":{"type":"trend","contains":"time","values":{"min":0,"med":0,"avg":0.000613459617256357,"max":22.230801,"p(90)":0,"p(95)":0,"p(99)":0}},"http_req_tls_handshaking":{"type":"trend","contains":"time","values":{"min":0,"med":0,"avg":0,"max":0,"p(90)":0,"p(95)":0,"p(99)":0}},"http_req_failed":{"type":"rate","contains":"default","values":{"rate":0,"passes":0,"fails":741802}},"vus_max":{"contains":"default","values":{"min":100,"max":100,"value":100},"type":"gauge"},"http_req_waiting":{"type":"trend","contains":"time","values":{"max":1028.588357,"p(90)":56.430355500000005,"p(95)":67.2575676,"p(99)":96.67075435999986,"min":6.469769,"med":36.604922,"avg":40.28719802934868}},"http_req_duration{expected_response:true}":{"values":{"p(90)":56.4706971,"p(95)":67.297504,"p(99)":96.70254609999999,"min":6.521642,"med":36.6456755,"avg":40.32860586493017,"max":1028.629605},"type":"trend","contains":"time"}},"setup_data":{"card":{"id":"ece3498f-4456-401d-a108-f39a2f3638a2","is_credit":true,"masked_number":"3460*******7531","cardholder_name":"Vinicius Barbosa","expiration_year":2027,"is_debit":true,"token":"1249e9ca07604bc98ecd09e5c9ccc577747d67b4c8854511a86bcb62e03cae6f","active":true,"expiration_month":10}},"metadata":{"type":"GRPC","testConfig":{"id":"240a7dee-fed8-4fa0-b279-a79cdad6331d","name":"create-card-payment","vus":100,"duration":"5m","executedAt":"2022-10-22T05:10:49.077Z"}},"root_group":{"name":"","path":"","id":"d41d8cd98f00b204e9800998ecf8427e","groups":[{"name":"setup","path":"::setup","id":"5c0f8025f7e0b6654089e5b00e950f1a","groups":[],"checks":[]}],"checks":[{"id":"d8b97380f72868aef5b0eadc0ce32c21","passes":741801,"fails":0,"name":"is status 201","path":"::is status 201"}]},"options":{"summaryTrendStats":["min","med","avg","max","p(90)","p(95)","p(99)"],"summaryTimeUnit":"","noColor":false}}