{"metrics":{"checks":{"thresholds":{"rate>0.99":{"ok":true}},"type":"rate","contains":"default","values":{"rate":1,"passes":1367562,"fails":0}},"http_req_connecting":{"type":"trend","contains":"time","values":{"p(90)":0,"p(95)":0,"p(99)":0,"min":0,"med":0,"avg":0.0065696782339667225,"max":94.860606}},"iterations":{"type":"counter","contains":"default","values":{"count":1367562,"rate":4557.869337770544}},"vus_max":{"type":"gauge","contains":"default","values":{"min":100,"max":100,"value":100}},"http_req_failed":{"type":"rate","contains":"default","values":{"rate":0,"passes":0,"fails":1367562}},"data_sent":{"type":"counter","contains":"data","values":{"count":295393392,"rate":984499.7769584375}},"http_reqs":{"type":"counter","contains":"default","values":{"count":1367562,"rate":4557.869337770544}},"iteration_duration":{"type":"trend","contains":"time","values":{"avg":21.930587987116898,"max":1761.600349,"p(90)":32.165401,"p(95)":38.65774295,"p(99)":62.49889268999989,"min":3.00112,"med":19.232720999999998}},"data_received":{"type":"counter","contains":"data","values":{"rate":1818589.865770447,"count":545657238}},"http_req_tls_handshaking":{"type":"trend","contains":"time","values":{"med":0,"avg":0,"max":0,"p(90)":0,"p(95)":0,"p(99)":0,"min":0}},"vus":{"type":"gauge","contains":"default","values":{"value":100,"min":100,"max":100}},"http_req_waiting":{"type":"trend","contains":"time","values":{"min":2.888215,"med":19.1037465,"avg":21.792990975113288,"max":1761.487526,"p(90)":32.033289700000005,"p(95)":38.52187065,"p(99)":62.324901089999905}},"http_req_sending":{"contains":"time","values":{"avg":0.012200131178695056,"max":13.120332,"p(90)":0.016114,"p(95)":0.020497,"p(99)":0.0363033899999999,"min":0.005229,"med":0.009994},"type":"trend"},"http_req_receiving":{"type":"trend","contains":"time","values":{"min":0.009532,"med":0.021118,"avg":0.02608211949366838,"max":20.353143,"p(90)":0.03395390000000014,"p(95)":0.040341,"p(99)":0.0890037799999998}},"http_req_duration{expected_response:true}":{"type":"trend","contains":"time","values":{"med":19.141179,"avg":21.831273225786312,"max":1761.525108,"p(90)":32.07254880000001,"p(95)":38.56329524999998,"p(99)":62.37018656999985,"min":2.92043}},"http_req_duration":{"type":"trend","contains":"time","values":{"min":2.92043,"med":19.141179,"avg":21.831273225786312,"max":1761.525108,"p(90)":32.07254880000001,"p(95)":38.56329524999998,"p(99)":62.37018656999985}},"http_req_blocked":{"type":"trend","contains":"time","values":{"med":0.001677,"avg":0.00857127638454361,"max":94.930619,"p(90)":0.002355,"p(95)":0.003136,"p(99)":0.007247,"min":0.000864}}},"metadata":{"type":"REST","testConfig":{"executedAt":"2022-10-22T03:36:43.008Z","id":"f889ac39-6948-4782-afa0-93f678ad1a98","name":"create-card","vus":100,"duration":"5m"}},"root_group":{"groups":[],"checks":[{"passes":1367562,"fails":0,"name":"is status 201","path":"::is status 201","id":"d8b97380f72868aef5b0eadc0ce32c21"}],"name":"","path":"","id":"d41d8cd98f00b204e9800998ecf8427e"},"options":{"noColor":false,"summaryTrendStats":["min","med","avg","max","p(90)","p(95)","p(99)"],"summaryTimeUnit":""},"state":{"isStdOutTTY":true,"isStdErrTTY":true,"testRunDurationMs":300044.143141}}