{"metrics":{"vus_max":{"type":"gauge","contains":"default","values":{"value":1,"min":1,"max":1}},"http_req_waiting":{"type":"trend","contains":"time","values":{"min":2.994028,"med":4.454085,"avg":4.868859612726917,"max":104.054742,"p(90)":5.819550000000001,"p(95)":6.8367011,"p(99)":17.17700369999998}},"iterations":{"values":{"count":58898,"rate":196.29149972672036},"type":"counter","contains":"default"},"vus":{"contains":"default","values":{"value":1,"min":1,"max":1},"type":"gauge"},"checks":{"type":"rate","contains":"default","values":{"rate":1,"passes":58898,"fails":0},"thresholds":{"rate>0.99":{"ok":true}}},"http_req_failed":{"type":"rate","contains":"default","values":{"fails":58899,"rate":0,"passes":0}},"http_req_duration":{"type":"trend","contains":"time","values":{"med":4.525897,"avg":4.9402597560060135,"max":104.127394,"p(90)":5.8928264,"p(95)":6.9106682,"p(99)":17.254811519999997,"min":3.052311}},"http_req_tls_handshaking":{"type":"trend","contains":"time","values":{"min":0,"med":0,"avg":0,"max":0,"p(90)":0,"p(95)":0,"p(99)":0}},"iteration_duration":{"type":"trend","contains":"time","values":{"min":3.18403,"med":4.67023,"avg":5.083409780369762,"max":104.27595,"p(90)":6.0432458,"p(95)":7.063950999999999,"p(99)":17.407558339999984}},"data_received":{"type":"counter","contains":"data","values":{"count":20379105,"rate":67918.18200173699}},"http_req_connecting":{"values":{"p(90)":0,"p(95)":0,"p(99)":0,"min":0,"med":0,"avg":0.0007532459973853545,"max":41.996525},"type":"trend","contains":"time"},"http_req_blocked":{"type":"trend","contains":"time","values":{"p(95)":0.004566,"p(99)":0.007080119999999981,"min":0.001108,"med":0.002959,"avg":0.003688598821711765,"max":42.056909,"p(90)":0.003989}},"http_req_duration{expected_response:true}":{"values":{"avg":4.9402597560060135,"max":104.127394,"p(90)":5.8928264,"p(95)":6.9106682,"p(99)":17.254811519999997,"min":3.052311,"med":4.525897},"type":"trend","contains":"time"},"http_req_sending":{"type":"trend","contains":"time","values":{"p(99)":0.043539399999999936,"min":0.00666,"med":0.021288,"avg":0.020639949506783006,"max":4.949559,"p(90)":0.026314,"p(95)":0.0277791}},"data_sent":{"type":"counter","contains":"data","values":{"count":22852640,"rate":76161.82176499777}},"http_req_receiving":{"type":"trend","contains":"time","values":{"min":0.014681,"med":0.047791,"avg":0.050760193772390515,"max":5.364096,"p(90)":0.0679612,"p(95)":0.0762641,"p(99)":0.1241976399999999}},"http_reqs":{"contains":"default","values":{"count":58899,"rate":196.2948324629716},"type":"counter"}},"setup_data":{"card":{"expiration_month":10,"id":"9941b91a-90f4-4a02-b4ca-346a106e36f9","is_debit":true,"token":"bc850d0f3b4f4a6b905c0b9c63fa2c5c9a8d20b8db4f4b35a1c3ae1f6f173ea9","masked_number":"3682******8504","active":true,"cardholder_name":"Vinicius Barbosa","expiration_year":2027,"is_credit":true}},"metadata":{"type":"GRPC","testConfig":{"vus":1,"duration":"5m","executedAt":"2022-10-22T04:43:15.727Z","id":"dad9c90f-2411-4200-9356-eeb9588680e0","name":"create-card-payment"}},"root_group":{"groups":[{"checks":[],"name":"setup","path":"::setup","id":"5c0f8025f7e0b6654089e5b00e950f1a","groups":[]}],"checks":[{"fails":0,"name":"is status 201","path":"::is status 201","id":"d8b97380f72868aef5b0eadc0ce32c21","passes":58898}],"name":"","path":"","id":"d41d8cd98f00b204e9800998ecf8427e"},"options":{"summaryTrendStats":["min","med","avg","max","p(90)","p(95)","p(99)"],"summaryTimeUnit":"","noColor":false},"state":{"testRunDurationMs":300053.747014,"isStdOutTTY":true,"isStdErrTTY":true}}