{"metrics":{"http_req_blocked":{"type":"trend","contains":"time","values":{"p(90)":0.004079700000000005,"p(95)":0.004618,"p(99)":0.0071960799999999875,"min":0.001181,"med":0.003079,"avg":0.004787495485327317,"max":86.291534}},"http_req_receiving":{"type":"trend","contains":"time","values":{"max":5.143469,"p(90)":0.0687967,"p(95)":0.07635024999999995,"p(99)":0.12411674999999991,"min":0.01661,"med":0.05056,"avg":0.05219414328346828}},"vus":{"type":"gauge","contains":"default","values":{"value":1,"min":1,"max":1}},"http_req_duration{expected_response:true}":{"type":"trend","contains":"time","values":{"p(99)":18.281335969999976,"min":3.704889,"med":5.0000605,"avg":5.582416770631682,"max":223.504737,"p(90)":6.765729500000001,"p(95)":8.27050345}},"http_req_waiting":{"type":"trend","contains":"time","values":{"p(99)":18.203184349999976,"min":3.591224,"med":4.9283595,"avg":5.509283072158243,"max":223.429976,"p(90)":6.6895775,"p(95)":8.19881665}},"http_req_connecting":{"type":"trend","contains":"time","values":{"min":0,"med":0,"avg":0.0017471870528369743,"max":86.218452,"p(90)":0,"p(95)":0,"p(99)":0}},"http_req_tls_handshaking":{"type":"trend","contains":"time","values":{"p(95)":0,"p(99)":0,"min":0,"med":0,"avg":0,"max":0,"p(90)":0}},"data_sent":{"contains":"data","values":{"count":20282140,"rate":67583.54876539865},"type":"counter"},"iteration_duration":{"type":"trend","contains":"time","values":{"p(95)":8.428808049999995,"p(99)":18.46655639999993,"min":3.819875,"med":5.141653,"avg":5.729478582871035,"max":223.646453,"p(90)":6.9149738}},"checks":{"thresholds":{"rate>0.99":{"ok":true}},"type":"rate","contains":"default","values":{"rate":1,"passes":52273,"fails":0}},"http_reqs":{"values":{"count":52274,"rate":174.18588118228396},"type":"counter","contains":"default"},"http_req_duration":{"type":"trend","contains":"time","values":{"p(90)":6.765729500000001,"p(95)":8.27050345,"p(99)":18.281335969999976,"min":3.704889,"med":5.0000605,"avg":5.582416770631682,"max":223.504737}},"http_req_sending":{"type":"trend","contains":"time","values":{"p(95)":0.027779699999999997,"p(99)":0.04216355999999991,"min":0.006857,"med":0.021659,"avg":0.0209395551899605,"max":0.655476,"p(90)":0.026322}},"vus_max":{"type":"gauge","contains":"default","values":{"value":1,"min":1,"max":1}},"iterations":{"type":"counter","contains":"default","values":{"count":52273,"rate":174.18254901177508}},"data_received":{"type":"counter","contains":"data","values":{"count":18086855,"rate":60268.48482976621}},"http_req_failed":{"values":{"rate":0,"passes":0,"fails":52274},"type":"rate","contains":"default"}},"setup_data":{"card":{"token":"6ad966a390a240c891c7f4c6cefaf57fcb1f38775b264964876a04bc7daa36d0","active":true,"cardholder_name":"Vinicius Barbosa","is_credit":true,"masked_number":"3975******5336","expiration_month":10,"expiration_year":2027,"id":"2edb7c29-21b2-4e9e-8da7-4d82c009674e","is_debit":true}},"metadata":{"type":"REST","testConfig":{"id":"dad9c90f-2411-4200-9356-eeb9588680e0","name":"create-card-payment","vus":1,"duration":"5m","executedAt":"2022-10-22T03:42:03.021Z"}},"root_group":{"id":"d41d8cd98f00b204e9800998ecf8427e","groups":[{"id":"5c0f8025f7e0b6654089e5b00e950f1a","groups":[],"checks":[],"name":"setup","path":"::setup"}],"checks":[{"name":"is status 201","path":"::is status 201","id":"d8b97380f72868aef5b0eadc0ce32c21","passes":52273,"fails":0}],"name":"","path":""},"options":{"summaryTrendStats":["min","med","avg","max","p(90)","p(95)","p(99)"],"summaryTimeUnit":"","noColor":false},"state":{"isStdErrTTY":true,"testRunDurationMs":300104.69072,"isStdOutTTY":true}}