{"state":{"isStdOutTTY":true,"isStdErrTTY":true,"testRunDurationMs":300002.999756},"metrics":{"http_req_failed":{"type":"rate","contains":"default","values":{"rate":0,"passes":0,"fails":76078}},"vus_max":{"type":"gauge","contains":"default","values":{"min":1,"max":1,"value":1}},"http_req_duration":{"type":"trend","contains":"time","values":{"min":2.063607,"med":3.4364265,"avg":3.8105928479061295,"max":250.96764,"p(90)":4.7231814,"p(95)":5.855781399999999,"p(99)":9.562983129999969}},"http_req_duration{expected_response:true}":{"contains":"time","values":{"p(90)":4.7231814,"p(95)":5.855781399999999,"p(99)":9.562983129999969,"min":2.063607,"med":3.4364265,"avg":3.8105928479061295,"max":250.96764},"type":"trend"},"http_req_sending":{"contains":"time","values":{"min":0.006482,"med":0.018460999999999998,"avg":0.018716089303083664,"max":0.452312,"p(90)":0.0255423,"p(95)":0.026866,"p(99)":0.03959769999999963},"type":"trend"},"http_req_waiting":{"values":{"p(90)":4.6525136,"p(95)":5.780538699999999,"p(99)":9.485680249999989,"min":2.021689,"med":3.371676,"avg":3.7442079584768657,"max":250.899779},"type":"trend","contains":"time"},"vus":{"type":"gauge","contains":"default","values":{"value":1,"min":1,"max":1}},"checks":{"type":"rate","contains":"default","values":{"rate":1,"passes":76078,"fails":0},"thresholds":{"rate>0.99":{"ok":true}}},"http_req_tls_handshaking":{"type":"trend","contains":"time","values":{"min":0,"med":0,"avg":0,"max":0,"p(90)":0,"p(95)":0,"p(99)":0}},"iteration_duration":{"type":"trend","contains":"time","values":{"p(99)":9.703992889999986,"min":2.144889,"med":3.5543855,"avg":3.932939270893035,"max":251.087165,"p(90)":4.8449555,"p(95)":5.982463749999999}},"iterations":{"type":"counter","contains":"default","values":{"count":76078,"rate":253.59079763161085}},"http_reqs":{"type":"counter","contains":"default","values":{"count":76078,"rate":253.59079763161085}},"http_req_receiving":{"type":"trend","contains":"time","values":{"p(90)":0.067203,"p(95)":0.07227274999999997,"p(99)":0.12047329999999995,"min":0.015488,"med":0.045324,"avg":0.04766880012618673,"max":5.246166}},"data_received":{"type":"counter","contains":"data","values":{"count":30279044,"rate":100929.13745738112}},"data_sent":{"type":"counter","contains":"data","values":{"rate":54775.61228842795,"count":16432848}},"http_req_blocked":{"type":"trend","contains":"time","values":{"p(99)":0.006937459999999992,"min":0.001113,"med":0.002768,"avg":0.003266858763374427,"max":29.719958,"p(90)":0.004184,"p(95)":0.00487}},"http_req_connecting":{"values":{"min":0,"med":0,"avg":0.0003898278871684324,"max":29.657326,"p(90)":0,"p(95)":0,"p(99)":0},"type":"trend","contains":"time"}},"metadata":{"type":"REST","testConfig":{"duration":"5m","executedAt":"2022-10-22T03:11:35.782Z","id":"8244654e-51ff-481d-bd43-bbc86715a505","name":"create-card","vus":1}},"root_group":{"checks":[{"name":"is status 201","path":"::is status 201","id":"d8b97380f72868aef5b0eadc0ce32c21","passes":76078,"fails":0}],"name":"","path":"","id":"d41d8cd98f00b204e9800998ecf8427e","groups":[]},"options":{"summaryTrendStats":["min","med","avg","max","p(90)","p(95)","p(99)"],"summaryTimeUnit":"","noColor":false}}