{"root_group":{"name":"","path":"","id":"d41d8cd98f00b204e9800998ecf8427e","groups":[],"checks":[{"fails":0,"name":"is status 201","path":"::is status 201","id":"d8b97380f72868aef5b0eadc0ce32c21","passes":1324996}]},"options":{"summaryTimeUnit":"","noColor":false,"summaryTrendStats":["min","med","avg","max","p(90)","p(95)","p(99)"]},"state":{"isStdOutTTY":true,"isStdErrTTY":true,"testRunDurationMs":300963.367041},"metrics":{"http_req_waiting":{"type":"trend","contains":"time","values":{"min":2.713787,"med":9.535682999999999,"avg":11.216900288662712,"max":1327.6994,"p(90)":15.4215115,"p(95)":21.346603,"p(99)":31.269409350000036}},"http_req_sending":{"type":"trend","contains":"time","values":{"p(95)":0.020426,"p(99)":0.034186100000000094,"min":0.005443,"med":0.010073,"avg":0.012127500619624162,"max":13.50591,"p(90)":0.0161}},"http_req_receiving":{"contains":"time","values":{"p(90)":0.033919,"p(95)":0.040318,"p(99)":0.0827366500000006,"min":0.009833,"med":0.021143,"avg":0.025843903104612685,"max":16.833567},"type":"trend"},"data_sent":{"type":"counter","contains":"data","values":{"count":286199136,"rate":950943.4281448987}},"iterations":{"type":"counter","contains":"default","values":{"count":1324996,"rate":4402.515871041198}},"http_req_duration{expected_response:true}":{"type":"trend","contains":"time","values":{"min":2.812903,"med":9.5725485,"avg":11.254871692388242,"max":1327.727136,"p(90)":15.463922,"p(95)":21.39438875,"p(99)":31.31038175000002}},"http_req_duration":{"type":"trend","contains":"time","values":{"p(90)":15.463922,"p(95)":21.39438875,"p(99)":31.31038175000002,"min":2.812903,"med":9.5725485,"avg":11.254871692388242,"max":1327.727136}},"data_received":{"contains":"data","values":{"count":527348408,"rate":1752201.3166743969},"type":"counter"},"http_req_connecting":{"values":{"p(90)":0,"p(95)":0,"p(99)":0,"min":0,"med":0,"avg":0.0016158513052114876,"max":44.020823},"type":"trend","contains":"time"},"http_req_failed":{"type":"rate","contains":"default","values":{"rate":0,"passes":0,"fails":1324996}},"checks":{"contains":"default","values":{"fails":0,"rate":1,"passes":1324996},"thresholds":{"rate>0.99":{"ok":true}},"type":"rate"},"http_req_blocked":{"contains":"time","values":{"min":0.000909,"med":0.001673,"avg":0.0035874782678593613,"max":44.061414,"p(90)":0.002357,"p(95)":0.00316125,"p(99)":0.006977050000000046},"type":"trend"},"http_req_tls_handshaking":{"type":"trend","contains":"time","values":{"p(99)":0,"min":0,"med":0,"avg":0,"max":0,"p(90)":0,"p(95)":0}},"vus":{"type":"gauge","contains":"default","values":{"value":50,"min":50,"max":50}},"iteration_duration":{"type":"trend","contains":"time","values":{"min":2.936646,"med":9.663967,"avg":11.348830439339185,"max":1327.811415,"p(90)":15.5598125,"p(95)":21.49028075,"p(99)":31.412433900000075}},"http_reqs":{"type":"counter","contains":"default","values":{"rate":4402.515871041198,"count":1324996}},"vus_max":{"type":"gauge","contains":"default","values":{"value":50,"min":50,"max":50}}},"metadata":{"type":"REST","testConfig":{"id":"14db1832-359c-4226-a0e5-59ee9399888a","name":"create-card","vus":50,"duration":"5m","executedAt":"2022-10-22T03:31:14.994Z"}}}