{"options":{"summaryTrendStats":["min","med","avg","max","p(90)","p(95)","p(99)"],"summaryTimeUnit":"","noColor":false},"state":{"isStdErrTTY":true,"testRunDurationMs":300095.23206,"isStdOutTTY":true},"metrics":{"data_received":{"contains":"data","values":{"count":251167659,"rate":836959.8452993162},"type":"counter"},"http_req_failed":{"type":"rate","contains":"default","values":{"rate":0,"passes":0,"fails":721746}},"data_sent":{"type":"counter","contains":"data","values":{"count":280037276,"rate":933161.3637367298}},"http_req_connecting":{"type":"trend","contains":"time","values":{"med":0,"avg":0.0003289782499660546,"max":72.571237,"p(90)":0,"p(95)":0,"p(99)":0,"min":0}},"http_reqs":{"type":"counter","contains":"default","values":{"count":721746,"rate":2405.056538371448}},"http_req_duration{expected_response:true}":{"values":{"min":4.684824,"med":18.539814,"avg":20.666306226612406,"max":1110.601448,"p(90)":27.694326500000003,"p(95)":33.811611,"p(99)":54.26592970000058},"type":"trend","contains":"time"},"http_req_blocked":{"values":{"p(99)":0.007351550000000047,"min":0.000946,"med":0.001789,"avg":0.0024557054060567133,"max":72.659871,"p(90)":0.00296,"p(95)":0.003773},"type":"trend","contains":"time"},"http_req_sending":{"values":{"p(95)":0.022186,"p(99)":0.034219,"min":0.005644,"med":0.011745,"avg":0.013308241963239154,"max":4.369748,"p(90)":0.018701},"type":"trend","contains":"time"},"http_req_duration":{"type":"trend","contains":"time","values":{"avg":20.666306226612406,"max":1110.601448,"p(90)":27.694326500000003,"p(95)":33.811611,"p(99)":54.26592970000058,"min":4.684824,"med":18.539814}},"vus":{"type":"gauge","contains":"default","values":{"value":50,"min":50,"max":50}},"iteration_duration":{"contains":"time","values":{"avg":20.77524185294575,"max":1110.735633,"p(90)":27.807060999999997,"p(95)":33.92617,"p(99)":54.40943610000007,"min":4.916463,"med":18.647586},"type":"trend"},"checks":{"type":"rate","contains":"default","values":{"rate":1,"passes":721745,"fails":0},"thresholds":{"rate>0.99":{"ok":true}}},"http_req_tls_handshaking":{"type":"trend","contains":"time","values":{"med":0,"avg":0,"max":0,"p(90)":0,"p(95)":0,"p(99)":0,"min":0}},"http_req_waiting":{"type":"trend","contains":"time","values":{"min":4.60993,"med":18.498623000000002,"avg":20.624562701954062,"max":1110.545508,"p(90)":27.6520645,"p(95)":33.766279499999996,"p(99)":54.218023250000314}},"http_req_receiving":{"type":"trend","contains":"time","values":{"med":0.024871,"avg":0.028435282696406657,"max":11.713902,"p(90)":0.0387,"p(95)":0.04998975,"p(99)":0.08494595000000042,"min":0.010364}},"vus_max":{"type":"gauge","contains":"default","values":{"value":50,"min":50,"max":50}},"iterations":{"type":"counter","contains":"default","values":{"count":721745,"rate":2405.053206095913}}},"setup_data":{"card":{"masked_number":"5545********3279","token":"e98f39f6a3b84513a7a08c3b06f72b69d1333a0c899b4d639af0139cf5137372","active":true,"expiration_year":2027,"id":"0af8f01a-2a22-4d4d-823a-31b6bd009a5a","is_credit":true,"is_debit":true,"cardholder_name":"Vinicius Barbosa","expiration_month":10}},"metadata":{"type":"GRPC","testConfig":{"name":"create-card-payment","vus":50,"duration":"5m","executedAt":"2022-10-22T04:59:53.962Z","id":"c4e77cc4-0103-4abc-ac9e-da0f78901f4e"}},"root_group":{"path":"","id":"d41d8cd98f00b204e9800998ecf8427e","groups":[{"checks":[],"name":"setup","path":"::setup","id":"5c0f8025f7e0b6654089e5b00e950f1a","groups":[]}],"checks":[{"path":"::is status 201","id":"d8b97380f72868aef5b0eadc0ce32c21","passes":721745,"fails":0,"name":"is status 201"}],"name":""}}