{"state":{"isStdOutTTY":true,"isStdErrTTY":true,"testRunDurationMs":300004.017423},"metrics":{"data_sent":{"type":"counter","contains":"data","values":{"count":325996056,"rate":1086638.9683720525}},"vus":{"type":"gauge","contains":"default","values":{"value":25,"min":25,"max":25}},"http_req_duration":{"contains":"time","values":{"p(95)":7.225291,"p(99)":22.91507820000002,"min":1.670075,"med":3.854695,"avg":4.869236354041298,"max":4242.216458,"p(90)":5.550351},"type":"trend"},"iterations":{"type":"counter","contains":"default","values":{"count":1509241,"rate":5030.735964685428}},"vus_max":{"type":"gauge","contains":"default","values":{"value":25,"min":25,"max":25}},"http_req_waiting":{"type":"trend","contains":"time","values":{"med":3.819935,"avg":4.833544034024425,"max":4242.14176,"p(90)":5.512771,"p(95)":7.183054,"p(99)":22.869404800000027,"min":1.639348}},"http_req_receiving":{"type":"trend","contains":"time","values":{"med":0.019949,"avg":0.02401421219275173,"max":17.591499,"p(90)":0.032294,"p(95)":0.038221,"p(99)":0.07241880000000028,"min":0.009059}},"http_req_sending":{"type":"trend","contains":"time","values":{"min":0.004662,"med":0.009825,"avg":0.01167810782439644,"max":19.317993,"p(90)":0.015666,"p(95)":0.019771,"p(99)":0.031394200000000184}},"data_received":{"type":"counter","contains":"data","values":{"count":602187159,"rate":2007263.649909486}},"http_req_tls_handshaking":{"type":"trend","contains":"time","values":{"min":0,"med":0,"avg":0,"max":0,"p(90)":0,"p(95)":0,"p(99)":0}},"http_req_duration{expected_response:true}":{"type":"trend","contains":"time","values":{"min":1.670075,"med":3.854695,"avg":4.869236354041298,"max":4242.216458,"p(90)":5.550351,"p(95)":7.225291,"p(99)":22.91507820000002}},"http_req_connecting":{"type":"trend","contains":"time","values":{"max":76.763046,"p(90)":0,"p(95)":0,"p(99)":0,"min":0,"med":0,"avg":0.0012625852869091153}},"http_reqs":{"type":"counter","contains":"default","values":{"count":1509241,"rate":5030.735964685428}},"checks":{"type":"rate","contains":"default","values":{"rate":1,"passes":1509241,"fails":0},"thresholds":{"rate>0.99":{"ok":true}}},"http_req_failed":{"type":"rate","contains":"default","values":{"rate":0,"passes":0,"fails":1509241}},"iteration_duration":{"type":"trend","contains":"time","values":{"p(95)":7.331162,"p(99)":23.025136800000098,"min":1.748647,"med":3.944356,"avg":4.961778565235069,"max":4242.341389,"p(90)":5.645774}},"http_req_blocked":{"type":"trend","contains":"time","values":{"min":0.00079,"med":0.00167,"avg":0.0032199294599073755,"max":76.8236,"p(90)":0.002336,"p(95)":0.003147,"p(99)":0.007022600000000093}}},"metadata":{"type":"GRPC","testConfig":{"duration":"5m","executedAt":"2022-10-22T04:26:14.296Z","id":"f31c8249-3080-4a20-9c51-1a8d4fd982c8","name":"create-card","vus":25}},"root_group":{"id":"d41d8cd98f00b204e9800998ecf8427e","groups":[],"checks":[{"id":"d8b97380f72868aef5b0eadc0ce32c21","passes":1509241,"fails":0,"name":"is status 201","path":"::is status 201"}],"name":"","path":""},"options":{"noColor":false,"summaryTrendStats":["min","med","avg","max","p(90)","p(95)","p(99)"],"summaryTimeUnit":""}}