{"root_group":{"path":"","id":"d41d8cd98f00b204e9800998ecf8427e","groups":[],"checks":[{"path":"::is status 201","id":"d8b97380f72868aef5b0eadc0ce32c21","passes":265086,"fails":0,"name":"is status 201"}],"name":""},"options":{"summaryTimeUnit":"","noColor":false,"summaryTrendStats":["min","med","avg","max","p(90)","p(95)","p(99)"]},"state":{"isStdOutTTY":true,"isStdErrTTY":true,"testRunDurationMs":60004.291152},"metrics":{"http_req_tls_handshaking":{"type":"trend","contains":"time","values":{"min":0,"med":0,"avg":0,"max":0,"p(90)":0,"p(95)":0,"p(99)":0}},"vus":{"type":"gauge","contains":"default","values":{"value":25,"min":25,"max":25}},"vus_max":{"values":{"min":25,"max":25,"value":25},"type":"gauge","contains":"default"},"http_req_failed":{"type":"rate","contains":"default","values":{"passes":0,"fails":265086,"rate":0}},"checks":{"type":"rate","contains":"default","values":{"rate":1,"passes":265086,"fails":0},"thresholds":{"rate>0.99":{"ok":true}}},"http_req_receiving":{"type":"trend","contains":"time","values":{"p(90)":0.036457500000000004,"p(95)":0.04166675,"p(99)":0.09523565000000025,"min":0.0104,"med":0.023566,"avg":0.028398731215530007,"max":8.455252}},"http_req_sending":{"type":"trend","contains":"time","values":{"p(95)":0.019612749999999998,"p(99)":0.02693,"min":0.006282,"med":0.01249,"avg":0.014282279977063989,"max":8.998884,"p(90)":0.01709}},"http_req_duration{expected_response:true}":{"type":"trend","contains":"time","values":{"p(95)":8.732491,"p(99)":11.945994100000009,"min":1.38325,"med":5.137058,"avg":5.541052505779355,"max":149.581257,"p(90)":7.6394874999999995}},"http_req_blocked":{"type":"trend","contains":"time","values":{"min":0.000904,"med":0.00213,"avg":0.002395397697351071,"max":6.078025,"p(90)":0.002726,"p(95)":0.003197,"p(99)":0.004513150000000023}},"iteration_duration":{"type":"trend","contains":"time","values":{"avg":5.649542826388558,"max":149.670501,"p(90)":7.749783,"p(95)":8.8513705,"p(99)":12.113865100000027,"min":1.469078,"med":5.2428485}},"http_reqs":{"contains":"default","values":{"count":265086,"rate":4417.784043619427},"type":"counter"},"data_received":{"type":"counter","contains":"data","values":{"count":105769314,"rate":1762695.8334041515}},"http_req_connecting":{"contains":"time","values":{"p(95)":0,"p(99)":0,"min":0,"med":0,"avg":0.00003533303531684058,"max":0.679684,"p(90)":0},"type":"trend"},"http_req_duration":{"type":"trend","contains":"time","values":{"p(95)":8.732491,"p(99)":11.945994100000009,"min":1.38325,"med":5.137058,"avg":5.541052505779355,"max":149.581257,"p(90)":7.6394874999999995}},"iterations":{"type":"counter","contains":"default","values":{"rate":4417.784043619427,"count":265086}},"http_req_waiting":{"type":"trend","contains":"time","values":{"med":5.09667,"avg":5.49837149458657,"max":149.54067,"p(90)":7.594106,"p(95)":8.6804575,"p(99)":11.83424875000005,"min":1.351675}},"data_sent":{"type":"counter","contains":"data","values":{"count":56463318,"rate":940988.0012909381}}},"metadata":{"type":"REST","testConfig":{"duration":"1m","executedAt":"2022-10-28T19:05:02.399Z","id":"f31c8249-3080-4a20-9c51-1a8d4fd982c8","name":"create-card","vus":25},"useDatabase":true}}