{"root_group":{"path":"","id":"d41d8cd98f00b204e9800998ecf8427e","groups":[],"checks":[{"id":"d8b97380f72868aef5b0eadc0ce32c21","passes":42791,"fails":0,"name":"is status 201","path":"::is status 201"}],"name":""},"options":{"noColor":false,"summaryTrendStats":["min","med","avg","max","p(90)","p(95)","p(99)"],"summaryTimeUnit":""},"state":{"isStdOutTTY":true,"isStdErrTTY":true,"testRunDurationMs":60002.226235},"metrics":{"iteration_duration":{"values":{"p(95)":1.791436,"p(99)":2.035844799999999,"min":1.036228,"med":1.356143,"avg":1.3963307214367502,"max":40.743773,"p(90)":1.676319},"type":"trend","contains":"time"},"http_req_waiting":{"type":"trend","contains":"time","values":{"med":1.252241,"avg":1.288587602953893,"max":40.55501,"p(90)":1.557897,"p(95)":1.667167,"p(99)":1.8978358999999996,"min":0.937449}},"http_req_failed":{"type":"rate","contains":"default","values":{"rate":0,"passes":0,"fails":42791}},"vus_max":{"type":"gauge","contains":"default","values":{"value":1,"min":1,"max":1}},"http_req_duration":{"values":{"med":1.283866,"avg":1.3217128739688266,"max":40.634116,"p(90)":1.596085,"p(95)":1.7072165,"p(99)":1.9431432999999998,"min":0.967556},"type":"trend","contains":"time"},"http_req_blocked":{"contains":"time","values":{"max":2.089671,"p(90)":0.001927,"p(95)":0.002165,"p(99)":0.0029730999999999985,"min":0.001093,"med":0.001486,"avg":0.001642625598840881},"type":"trend"},"http_req_connecting":{"type":"trend","contains":"time","values":{"p(99)":0,"min":0,"med":0,"avg":0.0000026472155359771914,"max":0.113277,"p(90)":0,"p(95)":0}},"http_req_receiving":{"type":"trend","contains":"time","values":{"p(95)":0.033572,"p(99)":0.04665619999999998,"min":0.014273,"med":0.020569,"avg":0.022254748007758667,"max":0.271307,"p(90)":0.027932}},"data_received":{"type":"counter","contains":"data","values":{"count":17030818,"rate":283836.4352232272}},"data_sent":{"contains":"data","values":{"count":9114483,"rate":151902.41382549595},"type":"counter"},"checks":{"type":"rate","contains":"default","values":{"fails":0,"rate":1,"passes":42791},"thresholds":{"rate>0.99":{"ok":true}}},"http_req_tls_handshaking":{"type":"trend","contains":"time","values":{"p(90)":0,"p(95)":0,"p(99)":0,"min":0,"med":0,"avg":0,"max":0}},"iterations":{"type":"counter","contains":"default","values":{"count":42791,"rate":713.1568724201687}},"http_req_duration{expected_response:true}":{"contains":"time","values":{"min":0.967556,"med":1.283866,"avg":1.3217128739688266,"max":40.634116,"p(90)":1.596085,"p(95)":1.7072165,"p(99)":1.9431432999999998},"type":"trend"},"vus":{"contains":"default","values":{"max":1,"value":1,"min":1},"type":"gauge"},"http_req_sending":{"type":"trend","contains":"time","values":{"med":0.011031,"avg":0.010870523007174365,"max":0.250645,"p(90)":0.013411,"p(95)":0.014596,"p(99)":0.018154499999999994,"min":0.006614}},"http_reqs":{"contains":"default","values":{"count":42791,"rate":713.1568724201687},"type":"counter"}},"metadata":{"type":"REST","testConfig":{"id":"8244654e-51ff-481d-bd43-bbc86715a505","name":"create-card","vus":1,"duration":"1m","executedAt":"2022-10-28T19:02:22.742Z"},"useDatabase":true}}