{"root_group":{"name":"","path":"","id":"d41d8cd98f00b204e9800998ecf8427e","groups":[],"checks":[{"id":"d8b97380f72868aef5b0eadc0ce32c21","passes":220226,"fails":0,"name":"is status 201","path":"::is status 201"}]},"options":{"noColor":false,"summaryTrendStats":["min","med","avg","max","p(90)","p(95)","p(99)"],"summaryTimeUnit":""},"state":{"testRunDurationMs":60003.802192,"isStdOutTTY":true,"isStdErrTTY":true},"metrics":{"checks":{"type":"rate","contains":"default","values":{"passes":220226,"fails":0,"rate":1},"thresholds":{"rate>0.99":{"ok":true}}},"iterations":{"type":"counter","contains":"default","values":{"count":220226,"rate":3670.200753200963}},"http_req_receiving":{"type":"trend","contains":"time","values":{"min":0.01029,"med":0.025318,"avg":0.027856047646508376,"max":8.715529,"p(90)":0.036907,"p(95)":0.04140275,"p(99)":0.0564425}},"data_sent":{"type":"counter","contains":"data","values":{"count":46908138,"rate":781752.7604318052}},"http_req_blocked":{"type":"trend","contains":"time","values":{"max":4.291891,"p(90)":0.002732,"p(95)":0.003272,"p(99)":0.0044975,"min":0.000939,"med":0.002096,"avg":0.0022700054943557684}},"http_req_tls_handshaking":{"type":"trend","contains":"time","values":{"med":0,"avg":0,"max":0,"p(90)":0,"p(95)":0,"p(99)":0,"min":0}},"vus_max":{"type":"gauge","contains":"default","values":{"value":10,"min":10,"max":10}},"http_req_duration":{"type":"trend","contains":"time","values":{"max":70.112497,"p(90)":3.3534025,"p(95)":3.8547522499999998,"p(99)":5.7657225,"min":1.205843,"med":2.4206209999999997,"avg":2.6113122830546627}},"http_req_sending":{"type":"trend","contains":"time","values":{"p(95)":0.020572,"p(99)":0.02619375,"min":0.006376,"med":0.012598,"avg":0.01408728498905703,"max":5.103034,"p(90)":0.018654}},"http_req_connecting":{"type":"trend","contains":"time","values":{"min":0,"med":0,"avg":0.000005412181123028162,"max":0.264565,"p(90)":0,"p(95)":0,"p(99)":0}},"iteration_duration":{"values":{"min":1.294719,"med":2.5223519999999997,"avg":2.7159082837720834,"max":70.206118,"p(90)":3.4593115,"p(95)":3.968208,"p(99)":5.96561},"type":"trend","contains":"time"},"vus":{"type":"gauge","contains":"default","values":{"min":10,"max":10,"value":10}},"http_req_duration{expected_response:true}":{"type":"trend","contains":"time","values":{"p(90)":3.3534025,"p(95)":3.8547522499999998,"p(99)":5.7657225,"min":1.205843,"med":2.4206209999999997,"avg":2.6113122830546627,"max":70.112497}},"http_req_waiting":{"type":"trend","contains":"time","values":{"min":1.179357,"med":2.380541,"avg":2.569368950419114,"max":70.076748,"p(90)":3.310321,"p(95)":3.80679725,"p(99)":5.68743}},"data_received":{"contains":"data","values":{"count":87870174,"rate":1464410.1005271843},"type":"counter"},"http_req_failed":{"type":"rate","contains":"default","values":{"passes":0,"fails":220226,"rate":0}},"http_reqs":{"type":"counter","contains":"default","values":{"count":220226,"rate":3670.200753200963}}},"metadata":{"testConfig":{"id":"dfce9f52-4c55-4845-bbc2-5ec8279ccf6e","name":"create-card","vus":10,"duration":"1m","executedAt":"2022-10-28T19:03:42.342Z"},"useDatabase":true,"type":"REST"}}