{"root_group":{"name":"","path":"","id":"d41d8cd98f00b204e9800998ecf8427e","groups":[],"checks":[{"id":"d8b97380f72868aef5b0eadc0ce32c21","passes":380372,"fails":0,"name":"is status 201","path":"::is status 201"}]},"options":{"summaryTimeUnit":"","noColor":false,"summaryTrendStats":["avg","min","med","max","p(90)","p(95)"]},"state":{"isStdOutTTY":true,"isStdErrTTY":true,"testRunDurationMs":60085.934088},"metrics":{"http_req_receiving":{"values":{"med":0.02593,"max":24.138357,"p(90)":0.047751,"p(95)":0.081019,"avg":0.045868374917186136,"min":0.009697},"type":"trend","contains":"time"},"http_req_connecting":{"type":"trend","contains":"time","values":{"p(95)":0,"avg":0.004396934395802004,"min":0,"med":0,"max":57.64314,"p(90)":0}},"vus":{"values":{"value":250,"min":250,"max":250},"type":"gauge","contains":"default"},"iteration_duration":{"type":"trend","contains":"time","values":{"p(90)":64.97214360000002,"p(95)":75.37745960000001,"avg":39.43309337370955,"min":1.043625,"med":34.825221,"max":922.716008}},"http_req_duration{expected_response:true}":{"type":"trend","contains":"time","values":{"max":922.600247,"p(90)":64.82869450000001,"p(95)":75.20590825000001,"avg":39.2884898069343,"min":0.952118,"med":34.695561}},"http_req_blocked":{"type":"trend","contains":"time","values":{"avg":0.007839163847496711,"min":0.000783,"med":0.00193,"max":69.418752,"p(90)":0.002965,"p(95)":0.003556}},"http_req_waiting":{"type":"trend","contains":"time","values":{"min":0.915804,"med":34.640547,"max":922.562556,"p(90)":64.76061779999999,"p(95)":75.13421185000001,"avg":39.22122839753704}},"http_req_tls_handshaking":{"type":"trend","contains":"time","values":{"avg":0,"min":0,"med":0,"max":0,"p(90)":0,"p(95)":0}},"iterations":{"contains":"default","values":{"rate":6330.466618741733,"count":380372},"type":"counter"},"vus_max":{"type":"gauge","contains":"default","values":{"value":250,"min":250,"max":250}},"http_req_failed":{"contains":"default","values":{"rate":0,"passes":0,"fails":380372},"type":"rate"},"http_req_duration":{"type":"trend","contains":"time","values":{"p(95)":75.20590825000001,"avg":39.2884898069343,"min":0.952118,"med":34.695561,"max":922.600247,"p(90)":64.82869450000001}},"http_req_sending":{"type":"trend","contains":"time","values":{"avg":0.021393034479404282,"min":0.00489,"med":0.01145,"max":43.197744,"p(90)":0.018437900000000024,"p(95)":0.025223450000000012}},"checks":{"values":{"rate":1,"passes":380372,"fails":0},"type":"rate","contains":"default"},"data_received":{"type":"counter","contains":"data","values":{"count":151007684,"rate":2513195.247640468}},"data_sent":{"type":"counter","contains":"data","values":{"count":81019236,"rate":1348389.389791989}},"http_reqs":{"type":"counter","contains":"default","values":{"count":380372,"rate":6330.466618741733}}},"metadata":{"type":"GRPC","testConfig":{"id":"652f8a51-30af-4b57-a5e5-f7e3eb5a3a4c","name":"create-card","vus":250,"duration":"1m","executedAt":"2022-07-22T15:42:25.737Z"}}}