{"metrics":{"data_sent":{"values":{"count":59434029,"rate":988716.5296404178},"type":"counter","contains":"data"},"checks":{"type":"rate","contains":"default","values":{"fails":0,"rate":1,"passes":279033}},"http_req_blocked":{"type":"trend","contains":"time","values":{"avg":0.25849704387294714,"min":0.000814,"med":0.002041,"max":186.883761,"p(90)":0.003147,"p(95)":0.003845}},"http_req_connecting":{"contains":"time","values":{"avg":0.25106894249784095,"min":0,"med":0,"max":186.061251,"p(90)":0,"p(95)":0},"type":"trend"},"vus":{"type":"gauge","contains":"default","values":{"value":1000,"min":1000,"max":1000}},"vus_max":{"values":{"value":1000,"min":1000,"max":1000},"type":"gauge","contains":"default"},"http_req_duration{expected_response:true}":{"type":"trend","contains":"time","values":{"med":201.393887,"max":2801.206066,"p(90)":327.7180524000001,"p(95)":403.04182139999995,"avg":214.4192098141449,"min":1.368895}},"data_received":{"type":"counter","contains":"data","values":{"count":111055134,"rate":1847460.9333187148}},"http_req_duration":{"type":"trend","contains":"time","values":{"min":1.368895,"med":201.393887,"max":2801.206066,"p(90)":327.7180524000001,"p(95)":403.04182139999995,"avg":214.4192098141449}},"http_req_sending":{"contains":"time","values":{"avg":0.054652247676798,"min":0.004849,"med":0.011983,"max":57.103233,"p(90)":0.020257,"p(95)":0.027950399999999966},"type":"trend"},"http_req_waiting":{"type":"trend","contains":"time","values":{"p(95)":402.9638341999999,"avg":214.3119246254685,"min":1.284924,"med":201.318296,"max":2801.175186,"p(90)":327.5196798000001}},"http_reqs":{"type":"counter","contains":"default","values":{"count":279033,"rate":4641.861641504309}},"iterations":{"contains":"default","values":{"count":279033,"rate":4641.861641504309},"type":"counter"},"http_req_receiving":{"type":"trend","contains":"time","values":{"med":0.026303,"max":56.775373,"p(90)":0.049305,"p(95)":0.08247599999999983,"avg":0.05263294099622591,"min":0.010061}},"iteration_duration":{"values":{"med":201.71908,"max":2801.704871,"p(90)":328.37924940000005,"p(95)":403.38727059999957,"avg":214.84125382367552,"min":1.493812},"type":"trend","contains":"time"},"http_req_tls_handshaking":{"type":"trend","contains":"time","values":{"p(95)":0,"avg":0,"min":0,"med":0,"max":0,"p(90)":0}},"http_req_failed":{"type":"rate","contains":"default","values":{"rate":0,"passes":0,"fails":279033}}},"metadata":{"type":"REST","testConfig":{"id":"6623f5bc-fa13-464c-ac10-ffc0f564fc05","name":"create-card","vus":1000,"duration":"1m","executedAt":"2022-07-22T14:40:17.288Z"}},"root_group":{"checks":[{"name":"is status 201","path":"::is status 201","id":"d8b97380f72868aef5b0eadc0ce32c21","passes":279033,"fails":0}],"name":"","path":"","id":"d41d8cd98f00b204e9800998ecf8427e","groups":[]},"options":{"summaryTrendStats":["avg","min","med","max","p(90)","p(95)"],"summaryTimeUnit":"","noColor":false},"state":{"isStdOutTTY":true,"isStdErrTTY":true,"testRunDurationMs":60112.304405}}