{"state":{"isStdOutTTY":true,"isStdErrTTY":true,"testRunDurationMs":60034.083535},"metrics":{"http_reqs":{"type":"counter","contains":"default","values":{"count":292196,"rate":4867.168494870903}},"http_req_duration{expected_response:true}":{"type":"trend","contains":"time","values":{"avg":51.110979369244674,"min":1.389948,"med":48.774049500000004,"max":431.870838,"p(90)":79.906589,"p(95)":91.26717475}},"http_req_failed":{"contains":"default","values":{"fails":292196,"rate":0,"passes":0},"type":"rate"},"iteration_duration":{"type":"trend","contains":"time","values":{"min":1.500761,"med":48.9389855,"max":431.976761,"p(90)":80.08912000000001,"p(95)":91.47474525,"avg":51.28500131923513}},"vus":{"values":{"value":250,"min":250,"max":250},"type":"gauge","contains":"default"},"http_req_receiving":{"type":"trend","contains":"time","values":{"avg":0.06652542969102962,"min":0.009601,"med":0.02591,"max":63.42364,"p(90)":0.0494065,"p(95)":0.08890975000000001}},"http_req_waiting":{"type":"trend","contains":"time","values":{"avg":51.02180101098817,"min":1.317103,"med":48.6943515,"max":431.821681,"p(90)":79.755696,"p(95)":91.06937450000001}},"checks":{"type":"rate","contains":"default","values":{"fails":0,"rate":1,"passes":292196}},"iterations":{"values":{"count":292196,"rate":4867.168494870903},"type":"counter","contains":"default"},"data_received":{"type":"counter","contains":"data","values":{"count":116294008,"rate":1937133.0609586192}},"http_req_blocked":{"type":"trend","contains":"time","values":{"min":0.000777,"med":0.002067,"max":55.289803,"p(90)":0.003127,"p(95)":0.00371025,"avg":0.009368968213117577}},"http_req_sending":{"type":"trend","contains":"time","values":{"max":99.670901,"p(90)":0.019851,"p(95)":0.027546750000000002,"avg":0.022652928565072332,"min":0.004855,"med":0.012064}},"http_req_tls_handshaking":{"type":"trend","contains":"time","values":{"p(95)":0,"avg":0,"min":0,"med":0,"max":0,"p(90)":0}},"vus_max":{"type":"gauge","contains":"default","values":{"max":250,"value":250,"min":250}},"http_req_connecting":{"type":"trend","contains":"time","values":{"avg":0.005471552485318079,"min":0,"med":0,"max":55.244924,"p(90)":0,"p(95)":0}},"data_sent":{"type":"counter","contains":"data","values":{"count":62237748,"rate":1036706.8894075023}},"http_req_duration":{"values":{"min":1.389948,"med":48.774049500000004,"max":431.870838,"p(90)":79.906589,"p(95)":91.26717475,"avg":51.110979369244674},"type":"trend","contains":"time"}},"metadata":{"type":"REST","testConfig":{"executedAt":"2022-07-22T14:58:44.847Z","id":"652f8a51-30af-4b57-a5e5-f7e3eb5a3a4c","name":"create-card","vus":250,"duration":"1m"}},"root_group":{"name":"","path":"","id":"d41d8cd98f00b204e9800998ecf8427e","groups":[],"checks":[{"name":"is status 201","path":"::is status 201","id":"d8b97380f72868aef5b0eadc0ce32c21","passes":292196,"fails":0}]},"options":{"summaryTrendStats":["avg","min","med","max","p(90)","p(95)"],"summaryTimeUnit":"","noColor":false}}