{"state":{"testRunDurationMs":60087.944728,"isStdOutTTY":true,"isStdErrTTY":true},"metrics":{"http_req_waiting":{"type":"trend","contains":"time","values":{"avg":150.07321865431197,"min":1.353938,"med":148.072487,"max":1047.81926,"p(90)":231.77679080000001,"p(95)":263.76757379999987}},"data_sent":{"type":"counter","contains":"data","values":{"count":63675285,"rate":1059701.4973342626}},"data_received":{"type":"counter","contains":"data","values":{"count":118980110,"rate":1980099.5114508756}},"checks":{"type":"rate","contains":"default","values":{"rate":1,"passes":298945,"fails":0}},"vus":{"values":{"max":750,"value":750,"min":750},"type":"gauge","contains":"default"},"http_req_duration":{"values":{"med":148.144665,"max":1047.895037,"p(90)":231.85916360000007,"p(95)":263.8579606,"avg":150.1522932841483,"min":1.397202},"type":"trend","contains":"time"},"http_req_connecting":{"type":"trend","contains":"time","values":{"avg":0.06358357230259747,"min":0,"med":0,"max":107.925347,"p(90)":0,"p(95)":0}},"http_req_sending":{"type":"trend","contains":"time","values":{"avg":0.026355512378531516,"min":0.004748,"med":0.012067,"max":35.955807,"p(90)":0.020164600000000036,"p(95)":0.028169799999999988}},"iterations":{"type":"counter","contains":"default","values":{"count":298945,"rate":4975.1244006303405}},"http_reqs":{"type":"counter","contains":"default","values":{"count":298945,"rate":4975.1244006303405}},"http_req_blocked":{"values":{"avg":0.06938223779625384,"min":0.00081,"med":0.00208,"max":117.698287,"p(90)":0.003187,"p(95)":0.003858},"type":"trend","contains":"time"},"http_req_tls_handshaking":{"type":"trend","contains":"time","values":{"avg":0,"min":0,"med":0,"max":0,"p(90)":0,"p(95)":0}},"http_req_receiving":{"type":"trend","contains":"time","values":{"med":0.025865,"max":35.303226,"p(90)":0.048980600000000034,"p(95)":0.08512059999999992,"avg":0.052719117456389006,"min":0.008531}},"http_req_duration{expected_response:true}":{"type":"trend","contains":"time","values":{"max":1047.895037,"p(90)":231.85916360000007,"p(95)":263.8579606,"avg":150.1522932841483,"min":1.397202,"med":148.144665}},"vus_max":{"type":"gauge","contains":"default","values":{"max":750,"value":750,"min":750}},"http_req_failed":{"contains":"default","values":{"rate":0,"passes":0,"fails":298945},"type":"rate"},"iteration_duration":{"type":"trend","contains":"time","values":{"max":1048.214794,"p(90)":232.09780880000002,"p(95)":264.1063544,"avg":150.3841891517037,"min":1.506516,"med":148.35499}}},"metadata":{"type":"REST","testConfig":{"id":"b681f416-b0ca-46ca-b775-1b1d56aad45c","name":"create-card","vus":750,"duration":"1m","executedAt":"2022-07-22T14:44:34.669Z"}},"root_group":{"path":"","id":"d41d8cd98f00b204e9800998ecf8427e","groups":[],"checks":[{"passes":298945,"fails":0,"name":"is status 201","path":"::is status 201","id":"d8b97380f72868aef5b0eadc0ce32c21"}],"name":""},"options":{"summaryTrendStats":["avg","min","med","max","p(90)","p(95)"],"summaryTimeUnit":"","noColor":false}}