{"metrics":{"http_req_connecting":{"type":"trend","contains":"time","values":{"p(95)":0,"avg":0.054789583422546584,"min":0,"med":0,"max":103.076361,"p(90)":0}},"http_req_sending":{"type":"trend","contains":"time","values":{"avg":0.03652967303865923,"min":0.004872,"med":0.011552,"max":77.48187,"p(90)":0.019119100000000035,"p(95)":0.026243}},"iterations":{"type":"counter","contains":"default","values":{"count":369900,"rate":6138.865492092374}},"vus_max":{"type":"gauge","contains":"default","values":{"value":750,"min":750,"max":750}},"http_req_duration":{"contains":"time","values":{"max":1491.647482,"p(90)":202.91376170000004,"p(95)":257.63900964999993,"avg":121.51059206527076,"min":1.01494,"med":104.8186685},"type":"trend"},"http_req_receiving":{"values":{"avg":0.04313947564476997,"min":0.010125,"med":0.026374,"max":90.0944,"p(90)":0.048711,"p(95)":0.08267029999999992},"type":"trend","contains":"time"},"http_req_tls_handshaking":{"contains":"time","values":{"avg":0,"min":0,"med":0,"max":0,"p(90)":0,"p(95)":0},"type":"trend"},"vus":{"contains":"default","values":{"value":750,"min":750,"max":750},"type":"gauge"},"iteration_duration":{"type":"trend","contains":"time","values":{"max":1491.745821,"p(90)":203.07059800000002,"p(95)":257.7939735,"avg":121.7281284236771,"min":1.108371,"med":104.95674249999999}},"checks":{"type":"rate","contains":"default","values":{"rate":1,"passes":369900,"fails":0}},"data_received":{"values":{"count":147220200,"rate":2443268.465852765},"type":"counter","contains":"data"},"http_req_waiting":{"type":"trend","contains":"time","values":{"med":104.762002,"max":1491.54468,"p(90)":202.85679500000003,"p(95)":257.56478055,"avg":121.43092291658355,"min":0.979304}},"http_req_blocked":{"type":"trend","contains":"time","values":{"avg":0.07773078280346056,"min":0.000811,"med":0.001984,"max":118.055352,"p(90)":0.003076,"p(95)":0.003747}},"data_sent":{"type":"counter","contains":"data","values":{"count":78788700,"rate":1307578.3498156755}},"http_reqs":{"type":"counter","contains":"default","values":{"count":369900,"rate":6138.865492092374}},"http_req_duration{expected_response:true}":{"type":"trend","contains":"time","values":{"avg":121.51059206527076,"min":1.01494,"med":104.8186685,"max":1491.647482,"p(90)":202.91376170000004,"p(95)":257.63900964999993}},"http_req_failed":{"type":"rate","contains":"default","values":{"rate":0,"passes":0,"fails":369900}}},"metadata":{"type":"GRPC","testConfig":{"id":"b681f416-b0ca-46ca-b775-1b1d56aad45c","name":"create-card","vus":750,"duration":"1m","executedAt":"2022-07-22T15:29:25.757Z"}},"root_group":{"name":"","path":"","id":"d41d8cd98f00b204e9800998ecf8427e","groups":[],"checks":[{"path":"::is status 201","id":"d8b97380f72868aef5b0eadc0ce32c21","passes":369900,"fails":0,"name":"is status 201"}]},"options":{"summaryTrendStats":["avg","min","med","max","p(90)","p(95)"],"summaryTimeUnit":"","noColor":false},"state":{"isStdOutTTY":true,"isStdErrTTY":true,"testRunDurationMs":60255.433268}}