{"metrics":{"data_received":{"type":"counter","contains":"data","values":{"count":145104830,"rate":2413558.8293756414}},"http_reqs":{"contains":"default","values":{"count":364585,"rate":6064.2181642604055},"type":"counter"},"http_req_duration{expected_response:true}":{"type":"trend","contains":"time","values":{"min":0.879195,"med":139.863565,"max":2008.530874,"p(90)":278.66658920000003,"p(95)":363.623949,"avg":164.22786398180875}},"checks":{"type":"rate","contains":"default","values":{"rate":1,"passes":364585,"fails":0}},"http_req_blocked":{"type":"trend","contains":"time","values":{"avg":0.12748859172210508,"min":0.000847,"med":0.001961,"max":139.615907,"p(90)":0.003071,"p(95)":0.003802}},"iterations":{"type":"counter","contains":"default","values":{"count":364585,"rate":6064.2181642604055}},"vus_max":{"type":"gauge","contains":"default","values":{"value":1000,"min":1000,"max":1000}},"http_req_duration":{"type":"trend","contains":"time","values":{"p(90)":278.66658920000003,"p(95)":363.623949,"avg":164.22786398180875,"min":0.879195,"med":139.863565,"max":2008.530874}},"vus":{"type":"gauge","contains":"default","values":{"min":1000,"max":1000,"value":1000}},"http_req_sending":{"type":"trend","contains":"time","values":{"min":0.004898,"med":0.011578,"max":32.962404,"p(90)":0.019225600000000034,"p(95)":0.026626,"avg":0.027448708676989363}},"iteration_duration":{"type":"trend","contains":"time","values":{"max":2008.707871,"p(90)":279.5144792000001,"p(95)":364.03970879999997,"avg":164.4919424055498,"min":0.976977,"med":139.992869}},"data_sent":{"values":{"count":77656605,"rate":1291678.4689874665},"type":"counter","contains":"data"},"http_req_tls_handshaking":{"type":"trend","contains":"time","values":{"p(95)":0,"avg":0,"min":0,"med":0,"max":0,"p(90)":0}},"http_req_waiting":{"type":"trend","contains":"time","values":{"p(90)":278.59168280000006,"p(95)":363.5720579999999,"avg":164.1586425456673,"min":0.843508,"med":139.81071,"max":2008.470736}},"http_req_receiving":{"type":"trend","contains":"time","values":{"min":0.009924,"med":0.026525,"max":27.762413,"p(90)":0.04954660000000004,"p(95)":0.08498359999999992,"avg":0.041772727459989036}},"http_req_connecting":{"type":"trend","contains":"time","values":{"avg":0.1225757803968897,"min":0,"med":0,"max":139.507767,"p(90)":0,"p(95)":0}},"http_req_failed":{"type":"rate","contains":"default","values":{"rate":0,"passes":0,"fails":364585}}},"metadata":{"type":"GRPC","testConfig":{"id":"6623f5bc-fa13-464c-ac10-ffc0f564fc05","name":"create-card","vus":1000,"duration":"1m","executedAt":"2022-07-22T15:23:43.738Z"}},"root_group":{"groups":[],"checks":[{"name":"is status 201","path":"::is status 201","id":"d8b97380f72868aef5b0eadc0ce32c21","passes":364585,"fails":0}],"name":"","path":"","id":"d41d8cd98f00b204e9800998ecf8427e"},"options":{"summaryTimeUnit":"","noColor":false,"summaryTrendStats":["avg","min","med","max","p(90)","p(95)"]},"state":{"testRunDurationMs":60120.693241,"isStdOutTTY":true,"isStdErrTTY":true}}