{"options":{"summaryTrendStats":["avg","min","med","max","p(90)","p(95)"],"summaryTimeUnit":"","noColor":false},"state":{"isStdErrTTY":true,"testRunDurationMs":60026.159749,"isStdOutTTY":true},"metrics":{"http_req_duration":{"type":"trend","contains":"time","values":{"p(95)":85.33536805,"avg":49.61419288267034,"min":1.32756,"med":48.7788455,"max":326.980793,"p(90)":75.57747660000003}},"vus":{"type":"gauge","contains":"default","values":{"max":250,"value":250,"min":250}},"http_req_failed":{"type":"rate","contains":"default","values":{"rate":0,"passes":0,"fails":300920}},"http_req_sending":{"type":"trend","contains":"time","values":{"max":51.500657,"p(90)":0.019911,"p(95)":0.02792804999999999,"avg":0.021464893353715268,"min":0.004436,"med":0.012122}},"data_received":{"contains":"data","values":{"rate":1995232.75353285,"count":119766160},"type":"counter"},"http_req_connecting":{"type":"trend","contains":"time","values":{"min":0,"med":0,"max":63.08356,"p(90)":0,"p(95)":0,"avg":0.008334697078957865}},"data_sent":{"type":"counter","contains":"data","values":{"count":64095960,"rate":1067800.4434736106}},"http_req_blocked":{"type":"trend","contains":"time","values":{"max":67.521393,"p(90)":0.003137,"p(95)":0.003722,"avg":0.012286914033630636,"min":0.000653,"med":0.002075}},"http_req_receiving":{"type":"trend","contains":"time","values":{"avg":0.0663231053203513,"min":0.009694,"med":0.025824,"max":32.228682,"p(90)":0.049663100000000036,"p(95)":0.09448929999999993}},"http_req_duration{expected_response:true}":{"type":"trend","contains":"time","values":{"max":326.980793,"p(90)":75.57747660000003,"p(95)":85.33536805,"avg":49.61419288267034,"min":1.32756,"med":48.7788455}},"http_req_waiting":{"type":"trend","contains":"time","values":{"max":326.944355,"p(90)":75.47108360000003,"p(95)":85.16893929999999,"avg":49.52640488399418,"min":1.266818,"med":48.7076065}},"iterations":{"type":"counter","contains":"default","values":{"count":300920,"rate":5013.147621941834}},"vus_max":{"contains":"default","values":{"value":250,"min":250,"max":250},"type":"gauge"},"iteration_duration":{"type":"trend","contains":"time","values":{"avg":49.787138888482055,"min":1.424642,"med":48.940712000000005,"max":327.070318,"p(90)":75.77066080000003,"p(95)":85.54558655}},"http_reqs":{"type":"counter","contains":"default","values":{"rate":5013.147621941834,"count":300920}},"checks":{"contains":"default","values":{"rate":1,"passes":300920,"fails":0},"type":"rate"},"http_req_tls_handshaking":{"values":{"min":0,"med":0,"max":0,"p(90)":0,"p(95)":0,"avg":0},"type":"trend","contains":"time"}},"metadata":{"type":"REST","testConfig":{"id":"652f8a51-30af-4b57-a5e5-f7e3eb5a3a4c","name":"create-card","vus":250,"duration":"1m","executedAt":"2022-07-22T14:57:43.506Z"}},"root_group":{"name":"","path":"","id":"d41d8cd98f00b204e9800998ecf8427e","groups":[],"checks":[{"id":"d8b97380f72868aef5b0eadc0ce32c21","passes":300920,"fails":0,"name":"is status 201","path":"::is status 201"}]}}