{"options":{"summaryTrendStats":["avg","min","med","max","p(90)","p(95)"],"summaryTimeUnit":"","noColor":false},"state":{"isStdOutTTY":true,"isStdErrTTY":true,"testRunDurationMs":60027.560614},"metrics":{"checks":{"values":{"rate":1,"passes":366454,"fails":0},"type":"rate","contains":"default"},"http_req_tls_handshaking":{"type":"trend","contains":"time","values":{"avg":0,"min":0,"med":0,"max":0,"p(90)":0,"p(95)":0}},"http_req_sending":{"type":"trend","contains":"time","values":{"avg":0.02062478661441831,"min":0.00477,"med":0.011519,"max":49.480674,"p(90)":0.018692,"p(95)":0.025816349999999974}},"http_req_duration":{"contains":"time","values":{"avg":40.748140131467686,"min":0.91317,"med":34.5331615,"max":741.193463,"p(90)":66.8694626,"p(95)":84.40089289999992},"type":"trend"},"http_req_blocked":{"type":"trend","contains":"time","values":{"med":0.00194,"max":75.696077,"p(90)":0.003,"p(95)":0.003628,"avg":0.012630483001959467,"min":0.000839}},"http_req_failed":{"type":"rate","contains":"default","values":{"rate":0,"passes":0,"fails":366454}},"http_req_receiving":{"contains":"time","values":{"max":43.110049,"p(90)":0.04869270000000001,"p(95)":0.08776374999999989,"avg":0.049248124735982605,"min":0.009091,"med":0.025887},"type":"trend"},"vus_max":{"type":"gauge","contains":"default","values":{"value":250,"min":250,"max":250}},"http_reqs":{"type":"counter","contains":"default","values":{"count":366454,"rate":6104.762483293937}},"http_req_connecting":{"type":"trend","contains":"time","values":{"p(90)":0,"p(95)":0,"avg":0.008886960709939034,"min":0,"med":0,"max":61.503124}},"vus":{"type":"gauge","contains":"default","values":{"value":250,"min":250,"max":250}},"http_req_waiting":{"contains":"time","values":{"min":0.883489,"med":34.478384500000004,"max":741.16356,"p(90)":66.8028432,"p(95)":84.30747919999997,"avg":40.678267220116865},"type":"trend"},"data_sent":{"type":"counter","contains":"data","values":{"count":78054702,"rate":1300314.4089416086}},"iterations":{"type":"counter","contains":"default","values":{"count":366454,"rate":6104.762483293937}},"http_req_duration{expected_response:true}":{"contains":"time","values":{"avg":40.748140131467686,"min":0.91317,"med":34.5331615,"max":741.193463,"p(90)":66.8694626,"p(95)":84.40089289999992},"type":"trend"},"data_received":{"type":"counter","contains":"data","values":{"count":145482238,"rate":2423590.7058676933}},"iteration_duration":{"type":"trend","contains":"time","values":{"min":1.006729,"med":34.664713500000005,"max":741.272594,"p(90)":67.0155288,"p(95)":84.58880615,"avg":40.90216112802691}}},"metadata":{"type":"GRPC","testConfig":{"executedAt":"2022-07-22T15:41:24.479Z","id":"652f8a51-30af-4b57-a5e5-f7e3eb5a3a4c","name":"create-card","vus":250,"duration":"1m"}},"root_group":{"checks":[{"name":"is status 201","path":"::is status 201","id":"d8b97380f72868aef5b0eadc0ce32c21","passes":366454,"fails":0}],"name":"","path":"","id":"d41d8cd98f00b204e9800998ecf8427e","groups":[]}}