{"options":{"summaryTrendStats":["avg","min","med","max","p(90)","p(95)"],"summaryTimeUnit":"","noColor":false},"state":{"isStdOutTTY":true,"isStdErrTTY":true,"testRunDurationMs":60052.400568},"metrics":{"http_req_receiving":{"type":"trend","contains":"time","values":{"p(90)":0.048145,"p(95)":0.08454724999999988,"avg":0.057678856281510545,"min":0.010062,"med":0.02596,"max":31.47039}},"http_reqs":{"type":"counter","contains":"default","values":{"count":410984,"rate":6843.756387966948}},"http_req_blocked":{"values":{"p(95)":0.003676,"avg":0.04255330579536233,"min":0.000829,"med":0.001956,"max":105.541835,"p(90)":0.00303},"type":"trend","contains":"time"},"iteration_duration":{"type":"trend","contains":"time","values":{"max":492.912184,"p(90)":105.5244567,"p(95)":133.36370025,"avg":72.93609750131283,"min":1.051366,"med":67.993994}},"vus_max":{"values":{"value":500,"min":500,"max":500},"type":"gauge","contains":"default"},"http_req_tls_handshaking":{"type":"trend","contains":"time","values":{"med":0,"max":0,"p(90)":0,"p(95)":0,"avg":0,"min":0}},"http_req_waiting":{"values":{"avg":72.6750310761913,"min":0.926489,"med":67.808003,"max":492.751864,"p(90)":105.05189370000001,"p(95)":133.17091565},"type":"trend","contains":"time"},"http_req_connecting":{"type":"trend","contains":"time","values":{"min":0,"med":0,"max":105.470866,"p(90)":0,"p(95)":0,"avg":0.03849930679783157}},"data_received":{"type":"counter","contains":"data","values":{"count":163571632,"rate":2723815.0424108454}},"iterations":{"type":"counter","contains":"default","values":{"count":410984,"rate":6843.756387966948}},"http_req_failed":{"type":"rate","contains":"default","values":{"rate":0,"passes":0,"fails":410984}},"vus":{"type":"gauge","contains":"default","values":{"value":500,"min":500,"max":500}},"http_req_duration":{"type":"trend","contains":"time","values":{"avg":72.75320077565924,"min":0.953299,"med":67.859759,"max":492.792913,"p(90)":105.26922560000001,"p(95)":133.23195879999997}},"http_req_sending":{"type":"trend","contains":"time","values":{"avg":0.020490843183676128,"min":0.005176,"med":0.011469,"max":43.22406,"p(90)":0.018671,"p(95)":0.025692849999999975}},"checks":{"contains":"default","values":{"rate":1,"passes":410984,"fails":0},"type":"rate"},"http_req_duration{expected_response:true}":{"type":"trend","contains":"time","values":{"med":67.859759,"max":492.792913,"p(90)":105.26922560000001,"p(95)":133.23195879999997,"avg":72.75320077565924,"min":0.953299}},"data_sent":{"type":"counter","contains":"data","values":{"count":87539592,"rate":1457720.11063696}}},"metadata":{"type":"GRPC","testConfig":{"id":"9d9e7cc3-2820-4086-92c9-3a2e5addbb69","name":"create-card","vus":500,"duration":"1m","executedAt":"2022-07-22T15:32:56.066Z"}},"root_group":{"path":"","id":"d41d8cd98f00b204e9800998ecf8427e","groups":[],"checks":[{"name":"is status 201","path":"::is status 201","id":"d8b97380f72868aef5b0eadc0ce32c21","passes":410984,"fails":0}],"name":""}}