test_name;type;test_duration_ms;http_reqs_count;http_reqs_rate;http_req_duration_min;http_req_duration_max;http_req_duration_avg
1000-vus-1m-create-card;REST;60186.716405;240275;3992.159970701429;1.637507;991.554409;249.22732038101697
1000-vus-1m-create-card;gRPC;60103.838513;336801;5603.652085002067;3.235615;10478.19285;177.7222393668825
100000calls-1000vus-create-card;gRPC;15481.500598;100000;6459.322167575839;3.110166;5104.588327;152.35097732493958
100000calls-1000vus-create-card;REST;25094.647577;100000;3984.9135036928355;1.466692;777.25554;248.58989916048856
1000vus-1m-create-card-payment;REST;60241.845267;119198;1978.6578494018295;9.980139;30672.98434;503.0577058779057
1000vus-1m-create-card-payment;gRPC;60192.324094;142763;2371.780823366325;6.533937;45741.097821;419.4266177726316
100000calls-1000vus-create-card-payment;gRPC;39486.717093;100000;2532.4971879652026;6.754264;18251.915888;391.74672889214213
100000calls-1000vus-create-card-payment;REST;48918.942061;100000;2044.1979279785717;9.571411;28177.453166;486.8233581668479
