test_name;type;test_duration_ms;http_reqs_count;http_reqs_count;http_req_duration_min;http_req_duration_min;http_req_duration_min
1000-vus-30s-create-card;REST;30158.799085;110951;3678.893171020971;2.103951;2265.622191;269.6244563945406
1000-vus-30s-create-card;gRPC;30159.973581;160291;5314.69298437911;3.350596;7861.68443;186.85122160166839
100000calls-1000vus-create-card;REST;25044.167829;100000;3992.9456104428664;1.882198;2338.724527;247.64586681714025
100000calls-1000vus-create-card;gRPC;17133.888093;100000;5836.386899296646;3.42898;9414.900425;169.3801774337209
100000calls-1500vus-create-card;REST;26393.197393;100000;3788.855079245608;1.779035;2556.168641;391.3554800879546
100000calls-1500vus-create-card;gRPC;19023.690321;100000;5256.6036511649545;4.167577;15026.834669;281.1247077126089
