{"metrics":{"http_req_waiting":{"type":"trend","contains":"time","values":{"p(90)":468.87268520000003,"p(95)":515.03639905,"avg":248.50235058585034,"min":1.428627,"med":227.03957350000002,"max":777.225164}},"vus_max":{"values":{"value":1000,"min":1000,"max":1000},"type":"gauge","contains":"default"},"http_req_blocked":{"values":{"med":0.002081,"max":161.035378,"p(90)":0.003321,"p(95)":0.004164049999999989,"avg":0.4016644815500064,"min":0.000785},"type":"trend","contains":"time"},"http_req_receiving":{"type":"trend","contains":"time","values":{"min":0.010347,"med":0.026918499999999998,"max":34.446363,"p(90)":0.051106,"p(95)":0.08201539999999968,"avg":0.049299446500000434}},"http_req_connecting":{"type":"trend","contains":"time","values":{"max":160.332424,"p(90)":0,"p(95)":0,"avg":0.38890879545000046,"min":0,"med":0}},"http_req_sending":{"contains":"time","values":{"p(90)":0.020974200000000012,"p(95)":0.029305199999999955,"avg":0.03824912814000023,"min":0.004871,"med":0.012246,"max":23.190126},"type":"trend"},"data_received":{"type":"counter","contains":"data","values":{"count":39800000,"rate":1585995.5744697487}},"iteration_duration":{"contains":"time","values":{"avg":249.1567571592762,"min":1.543703,"med":227.7219295,"max":809.695526,"p(90)":469.34086300000007,"p(95)":515.73078845},"type":"trend"},"http_reqs":{"type":"counter","contains":"default","values":{"count":100000,"rate":3984.9135036928355}},"http_req_failed":{"type":"rate","contains":"default","values":{"rate":0,"passes":0,"fails":100000}},"checks":{"type":"rate","contains":"default","values":{"rate":1,"passes":100000,"fails":0}},"http_req_tls_handshaking":{"type":"trend","contains":"time","values":{"p(95)":0,"avg":0,"min":0,"med":0,"max":0,"p(90)":0}},"data_sent":{"type":"counter","contains":"data","values":{"rate":848786.576286574,"count":21300000}},"http_req_duration":{"type":"trend","contains":"time","values":{"p(95)":515.15935495,"avg":248.58989916048856,"min":1.466692,"med":227.09939150000002,"max":777.25554,"p(90)":468.9462662}},"http_req_duration{expected_response:true}":{"contains":"time","values":{"avg":248.58989916048856,"min":1.466692,"med":227.09939150000002,"max":777.25554,"p(90)":468.9462662,"p(95)":515.15935495},"type":"trend"},"iterations":{"type":"counter","contains":"default","values":{"count":100000,"rate":3984.9135036928355}},"vus":{"contains":"default","values":{"value":1000,"min":1000,"max":1000},"type":"gauge"}},"metadata":{"testName":"100000calls-1000vus-create-card","type":"REST"},"root_group":{"name":"","path":"","id":"d41d8cd98f00b204e9800998ecf8427e","groups":[],"checks":[{"id":"d8b97380f72868aef5b0eadc0ce32c21","passes":100000,"fails":0,"name":"is status 201","path":"::is status 201"}]},"options":{"summaryTrendStats":["avg","min","med","max","p(90)","p(95)"],"summaryTimeUnit":"","noColor":false},"state":{"isStdErrTTY":true,"testRunDurationMs":25094.647577,"isStdOutTTY":true}}