{"metrics":{"vus":{"values":{"max":25,"value":25,"min":25},"type":"gauge","contains":"default"},"http_req_failed":{"type":"rate","contains":"default","values":{"rate":0,"passes":0,"fails":143697}},"http_req_duration{expected_response:true}":{"type":"trend","contains":"time","values":{"p(99)":20.01926212000001,"min":1.788279,"med":9.846626,"avg":10.287914589678362,"max":67.007814,"p(90)":14.876517400000001,"p(95)":16.567401}},"data_sent":{"contains":"data","values":{"count":55323173,"rate":921948.8922002326},"type":"counter"},"http_req_receiving":{"type":"trend","contains":"time","values":{"p(99)":0.20138720000000046,"min":0.011795,"med":0.030906,"avg":0.039681896873281816,"max":12.480909,"p(90)":0.05306740000000001,"p(95)":0.061923}},"http_req_waiting":{"type":"trend","contains":"time","values":{"min":1.725363,"med":9.791582,"avg":10.230332191513918,"max":66.863537,"p(90)":14.815630400000002,"p(95)":16.495833599999997,"p(99)":19.930838680000033}},"data_received":{"type":"counter","contains":"data","values":{"count":50006607,"rate":833349.4524318479}},"iterations":{"type":"counter","contains":"default","values":{"count":143696,"rate":2394.6632275340503}},"http_req_blocked":{"values":{"min":0.000967,"med":0.002429,"avg":0.002847036444741369,"max":10.663821,"p(90)":0.003311,"p(95)":0.003755,"p(99)":0.005517120000000025},"type":"trend","contains":"time"},"http_req_connecting":{"type":"trend","contains":"time","values":{"p(99)":0,"min":0,"med":0,"avg":0.00007145599421003919,"max":0.748993,"p(90)":0,"p(95)":0}},"http_reqs":{"values":{"count":143697,"rate":2394.6798923210135},"type":"counter","contains":"default"},"http_req_tls_handshaking":{"type":"trend","contains":"time","values":{"p(90)":0,"p(95)":0,"p(99)":0,"min":0,"med":0,"avg":0,"max":0}},"vus_max":{"values":{"max":25,"value":25,"min":25},"type":"gauge","contains":"default"},"iteration_duration":{"type":"trend","contains":"time","values":{"med":9.982909,"avg":10.428501568466968,"max":67.4012,"p(90)":15.0215342,"p(95)":16.7218364,"p(99)":20.19893164000004,"min":1.923394}},"checks":{"type":"rate","contains":"default","values":{"rate":1,"passes":143696,"fails":0},"thresholds":{"rate>0.99":{"ok":true}}},"http_req_sending":{"type":"trend","contains":"time","values":{"min":0.005948,"med":0.014262,"avg":0.017900501290910382,"max":12.439053,"p(90)":0.021586,"p(95)":0.024934,"p(99)":0.03598836000000007}},"http_req_duration":{"type":"trend","contains":"time","values":{"avg":10.287914589678362,"max":67.007814,"p(90)":14.876517400000001,"p(95)":16.567401,"p(99)":20.01926212000001,"min":1.788279,"med":9.846626}}},"setup_data":{"card":{"cardholder_name":"Vinicius Barbosa","id":"c5866031-9a70-44ea-a0ba-0fec1aa76c35","is_credit":true,"is_debit":true,"masked_number":"3538********4012","active":true,"expiration_month":10,"expiration_year":2027,"token":"40dfc93ada3c4e2aa72c776e1edb889b5cf3d83306fa450c96d2272b8b2eb06f"}},"metadata":{"type":"REST","testConfig":{"id":"43631c23-72c8-4ce4-ae7d-b50cbb5e56e7","name":"create-card-payment","vus":25,"duration":"1m","executedAt":"2022-10-31T18:42:07.158Z"},"useDatabase":false},"root_group":{"name":"","path":"","id":"d41d8cd98f00b204e9800998ecf8427e","groups":[{"path":"::setup","id":"5c0f8025f7e0b6654089e5b00e950f1a","groups":[],"checks":[],"name":"setup"}],"checks":[{"path":"::is status 201","id":"d8b97380f72868aef5b0eadc0ce32c21","passes":143696,"fails":0,"name":"is status 201"}]},"options":{"summaryTrendStats":["min","med","avg","max","p(90)","p(95)","p(99)"],"summaryTimeUnit":"","noColor":false},"state":{"isStdOutTTY":true,"isStdErrTTY":true,"testRunDurationMs":60006.767694}}