{"options":{"summaryTrendStats":["min","med","avg","max","p(90)","p(95)","p(99)"],"summaryTimeUnit":"","noColor":false},"state":{"testRunDurationMs":60003.013547,"isStdOutTTY":true,"isStdErrTTY":true},"metrics":{"vus_max":{"type":"gauge","contains":"default","values":{"value":1,"min":1,"max":1}},"data_sent":{"type":"counter","contains":"data","values":{"count":25551508,"rate":425837.07866581826}},"http_req_duration{expected_response:true}":{"type":"trend","contains":"time","values":{"min":0.640024,"med":0.777587,"avg":0.8088420212451777,"max":5.392731,"p(90)":0.8833673000000001,"p(95)":1.0139723999999992,"p(99)":1.43793962}},"iterations":{"type":"counter","contains":"default","values":{"count":66367,"rate":1106.0611138808074}},"data_received":{"type":"counter","contains":"data","values":{"count":23096113,"rate":384915.88396487705}},"vus":{"contains":"default","values":{"value":1,"min":1,"max":1},"type":"gauge"},"http_req_receiving":{"values":{"min":0.016742,"med":0.023897,"avg":0.025995818542068755,"max":0.276907,"p(90)":0.0332946,"p(95)":0.03836124999999997,"p(99)":0.050626660000000004},"type":"trend","contains":"time"},"http_req_connecting":{"type":"trend","contains":"time","values":{"max":0.103386,"p(90)":0,"p(95)":0,"p(99)":0,"min":0,"med":0,"avg":0.0000023550054243008683}},"http_req_tls_handshaking":{"type":"trend","contains":"time","values":{"min":0,"med":0,"avg":0,"max":0,"p(90)":0,"p(95)":0,"p(99)":0}},"http_req_blocked":{"type":"trend","contains":"time","values":{"min":0.001158,"med":0.001603,"avg":0.0017196781882835052,"max":0.162003,"p(90)":0.002039,"p(95)":0.002338,"p(99)":0.0032033300000000016}},"http_req_waiting":{"type":"trend","contains":"time","values":{"p(99)":1.3896314400000003,"min":0.604953,"med":0.741305,"avg":0.7710590511390982,"max":5.254187,"p(90)":0.8406462,"p(95)":0.9573141999999993}},"http_reqs":{"type":"counter","contains":"default","values":{"count":66368,"rate":1106.0777797104197}},"http_req_sending":{"values":{"p(95)":0.015139649999999994,"p(99)":0.019007900000000053,"min":0.006782,"med":0.011662,"avg":0.011787151564006768,"max":0.501606,"p(90)":0.014124},"type":"trend","contains":"time"},"http_req_duration":{"contains":"time","values":{"p(99)":1.43793962,"min":0.640024,"med":0.777587,"avg":0.8088420212451777,"max":5.392731,"p(90)":0.8833673000000001,"p(95)":1.0139723999999992},"type":"trend"},"checks":{"type":"rate","contains":"default","values":{"fails":0,"rate":1,"passes":66367},"thresholds":{"rate>0.99":{"ok":true}}},"http_req_failed":{"type":"rate","contains":"default","values":{"rate":0,"passes":0,"fails":66368}},"iteration_duration":{"values":{"max":5.767352,"p(90)":0.9829165000000001,"p(95)":1.1309467999999998,"p(99)":1.5357109800000004,"min":0.723245,"med":0.8644609999999999,"avg":0.8980790048215983},"type":"trend","contains":"time"}},"setup_data":{"card":{"active":true,"expiration_month":10,"id":"43f33982-e353-4e1f-8ddd-90c39a4029a1","is_credit":true,"is_debit":true,"cardholder_name":"Vinicius Barbosa","expiration_year":2027,"masked_number":"3932******5524","token":"4950af83111d43fc953bf6458524c00186423d81bc684619a1f01b7c94d31632"}},"metadata":{"type":"GRPC","testConfig":{"id":"dad9c90f-2411-4200-9356-eeb9588680e0","name":"create-card-payment","vus":1,"duration":"1m","executedAt":"2022-10-31T18:46:10.613Z"},"useDatabase":false},"root_group":{"id":"d41d8cd98f00b204e9800998ecf8427e","groups":[{"name":"setup","path":"::setup","id":"5c0f8025f7e0b6654089e5b00e950f1a","groups":[],"checks":[]}],"checks":[{"fails":0,"name":"is status 201","path":"::is status 201","id":"d8b97380f72868aef5b0eadc0ce32c21","passes":66367}],"name":"","path":""}}