{"options":{"summaryTrendStats":["min","med","avg","max","p(90)","p(95)","p(99)"],"summaryTimeUnit":"","noColor":false},"state":{"isStdOutTTY":true,"isStdErrTTY":true,"testRunDurationMs":60005.808481},"metrics":{"iteration_duration":{"values":{"max":65.456467,"p(90)":7.3558211,"p(95)":8.377117649999999,"p(99)":10.704532330000001,"min":1.213072,"med":4.7680299999999995,"avg":5.103831514633297},"type":"trend","contains":"time"},"iterations":{"type":"counter","contains":"default","values":{"count":293367,"rate":4888.976707861382}},"http_req_duration{expected_response:true}":{"contains":"time","values":{"p(95)":8.236820299999996,"p(99)":10.474042500000003,"min":1.093986,"med":4.6471995,"avg":4.977302015124281,"max":65.256834,"p(90)":7.221479299999998},"type":"trend"},"http_req_connecting":{"type":"trend","contains":"time","values":{"max":0.130542,"p(90)":0,"p(95)":0,"p(99)":0,"min":0,"med":0,"avg":0.000005723180442311364}},"http_req_waiting":{"type":"trend","contains":"time","values":{"p(95)":8.182149599999985,"p(99)":10.383999390000005,"min":1.047707,"med":4.6027495,"avg":4.92997408818954,"max":65.190851,"p(90)":7.1705365}},"vus":{"type":"gauge","contains":"default","values":{"min":25,"max":25,"value":25}},"http_req_failed":{"contains":"default","values":{"fails":293368,"rate":0,"passes":0},"type":"rate"},"checks":{"type":"rate","contains":"default","values":{"rate":1,"passes":293367,"fails":0},"thresholds":{"rate>0.99":{"ok":true}}},"data_sent":{"type":"counter","contains":"data","values":{"count":112946508,"rate":1882259.582182997}},"data_received":{"contains":"data","values":{"count":102092115,"rate":1701370.54369205},"type":"counter"},"http_reqs":{"contains":"default","values":{"count":293368,"rate":4888.993372914738},"type":"counter"},"vus_max":{"type":"gauge","contains":"default","values":{"max":25,"value":25,"min":25}},"http_req_tls_handshaking":{"type":"trend","contains":"time","values":{"p(95)":0,"p(99)":0,"min":0,"med":0,"avg":0,"max":0,"p(90)":0}},"http_req_sending":{"type":"trend","contains":"time","values":{"p(99)":0.028431660000000032,"min":0.006605,"med":0.01285,"avg":0.014736099131466123,"max":8.421832,"p(90)":0.016776,"p(95)":0.019183}},"http_req_receiving":{"type":"trend","contains":"time","values":{"avg":0.032591827803305363,"max":8.296801,"p(90)":0.040381,"p(95)":0.046868,"p(99)":0.18131846000000099,"min":0.012825,"med":0.02555}},"http_req_duration":{"type":"trend","contains":"time","values":{"avg":4.977302015124281,"max":65.256834,"p(90)":7.221479299999998,"p(95)":8.236820299999996,"p(99)":10.474042500000003,"min":1.093986,"med":4.6471995}},"http_req_blocked":{"type":"trend","contains":"time","values":{"med":0.00221,"avg":0.002421655296419563,"max":6.44256,"p(90)":0.002882,"p(95)":0.00322,"p(99)":0.00462,"min":0.000933}}},"setup_data":{"card":{"is_debit":true,"masked_number":"3538********4798","token":"2f55f46419da4a9091128627c265b38ebfb4995ae0ab4947901fa1fb16a45f43","cardholder_name":"Vinicius Barbosa","expiration_month":10,"expiration_year":2027,"id":"11c3b2d0-1190-4fe9-ab4b-050111ce871f","active":true,"is_credit":true}},"metadata":{"type":"GRPC","testConfig":{"name":"create-card-payment","vus":25,"duration":"1m","executedAt":"2022-10-31T18:48:48.746Z","id":"43631c23-72c8-4ce4-ae7d-b50cbb5e56e7"},"useDatabase":false},"root_group":{"name":"","path":"","id":"d41d8cd98f00b204e9800998ecf8427e","groups":[{"name":"setup","path":"::setup","id":"5c0f8025f7e0b6654089e5b00e950f1a","groups":[],"checks":[]}],"checks":[{"name":"is status 201","path":"::is status 201","id":"d8b97380f72868aef5b0eadc0ce32c21","passes":293367,"fails":0}]}}