{"options":{"summaryTrendStats":["min","med","avg","max","p(90)","p(95)","p(99)"],"summaryTimeUnit":"","noColor":false},"state":{"testRunDurationMs":60014.081827,"isStdOutTTY":true,"isStdErrTTY":true},"metrics":{"http_reqs":{"type":"counter","contains":"default","values":{"count":355864,"rate":5929.674989043968}},"iterations":{"type":"counter","contains":"default","values":{"count":355863,"rate":5929.658326288002}},"http_req_duration":{"type":"trend","contains":"time","values":{"p(90)":24.3633422,"p(95)":27.068044249999996,"p(99)":33.1527372,"min":1.261544,"med":15.960589,"avg":16.72122788578797,"max":92.732554}},"http_req_waiting":{"values":{"p(90)":24.298916600000002,"p(95)":26.995446899999994,"p(99)":33.00023689999999,"min":1.12882,"med":15.91663,"avg":16.669467110842866,"max":92.400327},"type":"trend","contains":"time"},"http_req_receiving":{"type":"trend","contains":"time","values":{"med":0.021949,"avg":0.03669610326135703,"max":16.8849,"p(90)":0.036196,"p(95)":0.04626069999999995,"p(99)":0.20113258999999997,"min":0.011402}},"vus":{"type":"gauge","contains":"default","values":{"value":100,"min":100,"max":100}},"http_req_failed":{"type":"rate","contains":"default","values":{"rate":0,"passes":0,"fails":355864}},"http_req_duration{expected_response:true}":{"values":{"med":15.960589,"avg":16.72122788578797,"max":92.732554,"p(90)":24.3633422,"p(95)":27.068044249999996,"p(99)":33.1527372,"min":1.261544},"type":"trend","contains":"time"},"iteration_duration":{"contains":"time","values":{"min":1.547765,"med":16.079259999999998,"avg":16.850522278260648,"max":119.610926,"p(90)":24.4998414,"p(95)":27.2147425,"p(99)":33.32637224},"type":"trend"},"vus_max":{"type":"gauge","contains":"default","values":{"value":100,"min":100,"max":100}},"http_req_blocked":{"type":"trend","contains":"time","values":{"min":0.000944,"med":0.002007,"avg":0.007166512538497649,"max":27.910468,"p(90)":0.002842,"p(95)":0.003222,"p(99)":0.004821369999999995}},"data_received":{"type":"counter","contains":"data","values":{"rate":2063527.7459878551,"count":123840723}},"http_req_sending":{"type":"trend","contains":"time","values":{"p(90)":0.016398,"p(95)":0.019013,"p(99)":0.06453196999999962,"min":0.005727,"med":0.011608,"avg":0.015064671683564219,"max":14.76442}},"data_sent":{"values":{"count":137007468,"rate":2282922.0047879014},"type":"counter","contains":"data"},"http_req_tls_handshaking":{"type":"trend","contains":"time","values":{"min":0,"med":0,"avg":0,"max":0,"p(90)":0,"p(95)":0,"p(99)":0}},"checks":{"values":{"passes":355863,"fails":0,"rate":1},"thresholds":{"rate>0.99":{"ok":true}},"type":"rate","contains":"default"},"http_req_connecting":{"type":"trend","contains":"time","values":{"min":0,"med":0,"avg":0.0047927115695883815,"max":27.866199,"p(90)":0,"p(95)":0,"p(99)":0}}},"setup_data":{"card":{"active":true,"cardholder_name":"Vinicius Barbosa","expiration_year":2027,"expiration_month":10,"id":"950944e7-5747-440d-a5f4-3c533ed0618c","is_credit":true,"is_debit":true,"masked_number":"5423********1849","token":"7e0ae4439e6444b092de769952522ec714dcc12307dc4847a8f6e13e0722830a"}},"metadata":{"testConfig":{"id":"240a7dee-fed8-4fa0-b279-a79cdad6331d","name":"create-card-payment","vus":100,"duration":"1m","executedAt":"2022-10-31T18:51:26.785Z"},"useDatabase":false,"type":"GRPC"},"root_group":{"name":"","path":"","id":"d41d8cd98f00b204e9800998ecf8427e","groups":[{"path":"::setup","id":"5c0f8025f7e0b6654089e5b00e950f1a","groups":[],"checks":[],"name":"setup"}],"checks":[{"id":"d8b97380f72868aef5b0eadc0ce32c21","passes":355863,"fails":0,"name":"is status 201","path":"::is status 201"}]}}