{"state":{"testRunDurationMs":60011.357496,"isStdOutTTY":true,"isStdErrTTY":true},"metrics":{"vus":{"type":"gauge","contains":"default","values":{"min":50,"max":50,"value":50}},"http_req_receiving":{"type":"trend","contains":"time","values":{"avg":0.03476312717420912,"max":11.958724,"p(90)":0.03880579999999999,"p(95)":0.04674989999999996,"p(99)":0.20042718000000034,"min":0.011482,"med":0.023306}},"http_req_waiting":{"type":"trend","contains":"time","values":{"p(90)":13.066293799999999,"p(95)":14.642403599999996,"p(99)":18.206400300000002,"min":1.178602,"med":8.537668,"avg":8.994035990041207,"max":101.238192}},"data_sent":{"type":"counter","contains":"data","values":{"count":125834383,"rate":2096842.8019377394}},"http_reqs":{"values":{"count":326843,"rate":5446.352384576293},"type":"counter","contains":"default"},"http_req_sending":{"type":"trend","contains":"time","values":{"avg":0.014954561324550395,"max":13.777702,"p(90)":0.016563,"p(95)":0.018848,"p(99)":0.03224122000000015,"min":0.006098,"med":0.012176}},"data_received":{"type":"counter","contains":"data","values":{"count":113741415,"rate":1895331.4796716825}},"http_req_failed":{"type":"rate","contains":"default","values":{"rate":0,"passes":0,"fails":326843}},"iterations":{"type":"counter","contains":"default","values":{"count":326842,"rate":5446.335721063889}},"vus_max":{"type":"gauge","contains":"default","values":{"value":50,"min":50,"max":50}},"checks":{"values":{"rate":1,"passes":326842,"fails":0},"thresholds":{"rate>0.99":{"ok":true}},"type":"rate","contains":"default"},"http_req_tls_handshaking":{"type":"trend","contains":"time","values":{"p(95)":0,"p(99)":0,"min":0,"med":0,"avg":0,"max":0,"p(90)":0}},"http_req_duration{expected_response:true}":{"type":"trend","contains":"time","values":{"med":8.580842,"avg":9.043753678539948,"max":101.557784,"p(90)":13.124798,"p(95)":14.719531599999996,"p(99)":18.34913978000002,"min":1.342298}},"http_req_connecting":{"type":"trend","contains":"time","values":{"max":2.377852,"p(90)":0,"p(95)":0,"p(99)":0,"min":0,"med":0,"avg":0.00018087940387280746}},"http_req_duration":{"contains":"time","values":{"max":101.557784,"p(90)":13.124798,"p(95)":14.719531599999996,"p(99)":18.34913978000002,"min":1.342298,"med":8.580842,"avg":9.043753678539948},"type":"trend"},"http_req_blocked":{"type":"trend","contains":"time","values":{"p(95)":0.003200899999999965,"p(99)":0.004723,"min":0.000922,"med":0.002084,"avg":0.0025823637587466287,"max":8.279192,"p(90)":0.002865}},"iteration_duration":{"type":"trend","contains":"time","values":{"med":8.701589,"avg":9.170109615998731,"max":102.682289,"p(90)":13.262195199999999,"p(95)":14.870574699999997,"p(99)":18.56721946000003,"min":1.446168}}},"setup_data":{"card":{"is_credit":true,"is_debit":true,"token":"80588cdff01449e481d405d8712e8b555c682f1091574effaac0e13fb56b2a19","cardholder_name":"Vinicius Barbosa","id":"a704e71b-1b54-4848-ac6c-feebba3193f2","expiration_year":2027,"masked_number":"5254********0972","active":true,"expiration_month":10}},"metadata":{"type":"GRPC","testConfig":{"id":"c4e77cc4-0103-4abc-ac9e-da0f78901f4e","name":"create-card-payment","vus":50,"duration":"1m","executedAt":"2022-10-31T18:50:07.884Z"},"useDatabase":false},"root_group":{"name":"","path":"","id":"d41d8cd98f00b204e9800998ecf8427e","groups":[{"id":"5c0f8025f7e0b6654089e5b00e950f1a","groups":[],"checks":[],"name":"setup","path":"::setup"}],"checks":[{"id":"d8b97380f72868aef5b0eadc0ce32c21","passes":326842,"fails":0,"name":"is status 201","path":"::is status 201"}]},"options":{"summaryTrendStats":["min","med","avg","max","p(90)","p(95)","p(99)"],"summaryTimeUnit":"","noColor":false}}