{"metrics":{"checks":{"contains":"default","values":{"rate":1,"passes":129833,"fails":0},"thresholds":{"rate>0.99":{"ok":true}},"type":"rate"},"vus":{"type":"gauge","contains":"default","values":{"value":10,"min":10,"max":10}},"http_req_sending":{"type":"trend","contains":"time","values":{"min":0.007193,"med":0.014893,"avg":0.01701728695102993,"max":6.88452,"p(90)":0.021776,"p(95)":0.024044,"p(99)":0.029563339999999997}},"http_req_duration":{"contains":"time","values":{"max":50.076383,"p(90)":6.1821648,"p(95)":6.938611599999999,"p(99)":8.746784959999998,"min":1.777753,"med":4.216863,"avg":4.474331124674638},"type":"trend"},"data_sent":{"type":"counter","contains":"data","values":{"rate":833011.9340898758,"count":49985918}},"http_req_blocked":{"contains":"time","values":{"med":0.002498,"avg":0.002741345595144561,"max":1.467224,"p(90)":0.003297,"p(95)":0.003743,"p(99)":0.00491,"min":0.001123},"type":"trend"},"http_req_failed":{"type":"rate","contains":"default","values":{"fails":129834,"rate":0,"passes":0}},"http_req_tls_handshaking":{"type":"trend","contains":"time","values":{"avg":0,"max":0,"p(90)":0,"p(95)":0,"p(99)":0,"min":0,"med":0}},"http_req_receiving":{"type":"trend","contains":"time","values":{"p(99)":0.08186106999999997,"min":0.014419,"med":0.035185,"avg":0.0393215139716867,"max":8.289195,"p(90)":0.0538697,"p(95)":0.060760049999999975}},"http_reqs":{"type":"counter","contains":"default","values":{"count":129834,"rate":2163.6748063849686}},"iterations":{"type":"counter","contains":"default","values":{"count":129833,"rate":2163.6581414527755}},"vus_max":{"values":{"value":10,"min":10,"max":10},"type":"gauge","contains":"default"},"http_req_duration{expected_response:true}":{"contains":"time","values":{"med":4.216863,"avg":4.474331124674638,"max":50.076383,"p(90)":6.1821648,"p(95)":6.938611599999999,"p(99)":8.746784959999998,"min":1.777753},"type":"trend"},"http_req_connecting":{"values":{"max":1.433939,"p(90)":0,"p(95)":0,"p(99)":0,"min":0,"med":0,"avg":0.00005666948565090809},"type":"trend","contains":"time"},"iteration_duration":{"type":"trend","contains":"time","values":{"med":4.348851,"avg":4.611313029807221,"max":50.312659,"p(90)":6.322293899999999,"p(95)":7.094056749999999,"p(99)":8.951025919999996,"min":1.905096}},"http_req_waiting":{"type":"trend","contains":"time","values":{"min":1.717416,"med":4.1633295,"avg":4.417992323751908,"max":49.973044,"p(90)":6.1249929,"p(95)":6.874085199999998,"p(99)":8.65932679}},"data_received":{"type":"counter","contains":"data","values":{"count":45182282,"rate":752959.6658685788}}},"setup_data":{"card":{"cardholder_name":"Vinicius Barbosa","expiration_month":10,"id":"42d3a582-70c6-4c71-9a01-ffc11ffc96fd","is_debit":true,"token":"f935ab00731a4e99bbd6ad14ea925b6415fa0e6d3a1a4294a7e2cdc5cecfb41b","active":true,"expiration_year":2027,"is_credit":true,"masked_number":"3797*******2075"}},"metadata":{"type":"REST","testConfig":{"name":"create-card-payment","vus":10,"duration":"1m","executedAt":"2022-10-31T18:40:46.212Z","id":"8ad8795d-8995-4bc5-b526-1914eddaf994"},"useDatabase":false},"root_group":{"path":"","id":"d41d8cd98f00b204e9800998ecf8427e","groups":[{"name":"setup","path":"::setup","id":"5c0f8025f7e0b6654089e5b00e950f1a","groups":[],"checks":[]}],"checks":[{"name":"is status 201","path":"::is status 201","id":"d8b97380f72868aef5b0eadc0ce32c21","passes":129833,"fails":0}],"name":""},"options":{"summaryTrendStats":["min","med","avg","max","p(90)","p(95)","p(99)"],"summaryTimeUnit":"","noColor":false},"state":{"isStdOutTTY":true,"isStdErrTTY":true,"testRunDurationMs":60006.244754}}