{"root_group":{"groups":[],"checks":[{"passes":218609,"fails":0,"name":"is status 201","path":"::is status 201","id":"d8b97380f72868aef5b0eadc0ce32c21"}],"name":"","path":"","id":"d41d8cd98f00b204e9800998ecf8427e"},"options":{"summaryTrendStats":["min","med","avg","max","p(90)","p(95)","p(99)"],"summaryTimeUnit":"","noColor":false},"state":{"isStdOutTTY":true,"isStdErrTTY":true,"testRunDurationMs":60003.030065},"metrics":{"data_received":{"values":{"rate":1446389.8390795377,"count":86787773},"type":"counter","contains":"data"},"data_sent":{"type":"counter","contains":"data","values":{"count":46563717,"rate":776022.7600099283}},"http_req_connecting":{"type":"trend","contains":"time","values":{"p(90)":0,"p(95)":0,"p(99)":0,"min":0,"med":0,"avg":0.000003131485894908261,"max":0.103565}},"iteration_duration":{"contains":"time","values":{"p(90)":3.476642000000001,"p(95)":3.982203399999999,"p(99)":5.957547959999987,"min":1.245616,"med":2.548902,"avg":2.7357952785566915,"max":84.041184},"type":"trend"},"iterations":{"type":"counter","contains":"default","values":{"count":218609,"rate":3643.299342769616}},"vus":{"type":"gauge","contains":"default","values":{"value":10,"min":10,"max":10}},"checks":{"values":{"fails":0,"rate":1,"passes":218609},"thresholds":{"rate>0.99":{"ok":true}},"type":"rate","contains":"default"},"http_req_tls_handshaking":{"values":{"max":0,"p(90)":0,"p(95)":0,"p(99)":0,"min":0,"med":0,"avg":0},"type":"trend","contains":"time"},"http_req_blocked":{"type":"trend","contains":"time","values":{"p(95)":0.003284,"p(99)":0.004409,"min":0.000905,"med":0.002109,"avg":0.002273652059155832,"max":1.18902,"p(90)":0.002729}},"http_req_waiting":{"type":"trend","contains":"time","values":{"min":1.127727,"med":2.405233,"avg":2.5875666459066253,"max":83.849387,"p(90)":3.3264926000000004,"p(95)":3.823381799999994,"p(99)":5.694589759999997}},"http_req_receiving":{"type":"trend","contains":"time","values":{"med":0.025748,"avg":0.028243610427749824,"max":8.211511,"p(90)":0.037611400000000024,"p(95)":0.04207859999999997,"p(99)":0.05693719999999984,"min":0.010773}},"vus_max":{"type":"gauge","contains":"default","values":{"min":10,"max":10,"value":10}},"http_req_sending":{"type":"trend","contains":"time","values":{"p(90)":0.018870200000000014,"p(95)":0.020799,"p(99)":0.02629259999999992,"min":0.005877,"med":0.012807,"avg":0.0143752922569519,"max":8.370956}},"http_req_failed":{"type":"rate","contains":"default","values":{"rate":0,"passes":0,"fails":218609}},"http_reqs":{"type":"counter","contains":"default","values":{"count":218609,"rate":3643.299342769616}},"http_req_duration":{"type":"trend","contains":"time","values":{"min":1.158165,"med":2.446133,"avg":2.6301855485914123,"max":83.909149,"p(90)":3.3696802,"p(95)":3.8703714,"p(99)":5.7740003199999945}},"http_req_duration{expected_response:true}":{"contains":"time","values":{"min":1.158165,"med":2.446133,"avg":2.6301855485914123,"max":83.909149,"p(90)":3.3696802,"p(95)":3.8703714,"p(99)":5.7740003199999945},"type":"trend"}},"metadata":{"testConfig":{"id":"dfce9f52-4c55-4845-bbc2-5ec8279ccf6e","name":"create-card","vus":10,"duration":"1m","executedAt":"2022-10-28T17:59:10.677Z"},"useDatabase":true,"type":"REST"}}