{"state":{"isStdErrTTY":true,"testRunDurationMs":60011.141375,"isStdOutTTY":true},"metrics":{"http_req_duration{expected_response:true}":{"type":"trend","contains":"time","values":{"p(90)":17.038587200000002,"p(95)":23.209144199999997,"p(99)":30.309599839999997,"min":0.830298,"med":12.708311,"avg":13.471555401892406,"max":220.248504}},"http_req_tls_handshaking":{"values":{"med":0,"avg":0,"max":0,"p(90)":0,"p(95)":0,"p(99)":0,"min":0},"type":"trend","contains":"time"},"http_req_duration":{"contains":"time","values":{"p(99)":30.309599839999997,"min":0.830298,"med":12.708311,"avg":13.471555401892406,"max":220.248504,"p(90)":17.038587200000002,"p(95)":23.209144199999997},"type":"trend"},"http_req_failed":{"values":{"passes":0,"fails":441710,"rate":0},"type":"rate","contains":"default"},"iterations":{"type":"counter","contains":"default","values":{"rate":7360.466571362558,"count":441710}},"vus_max":{"type":"gauge","contains":"default","values":{"value":100,"min":100,"max":100}},"checks":{"values":{"rate":1,"passes":441710,"fails":0},"thresholds":{"rate>0.99":{"ok":true}},"type":"rate","contains":"default"},"http_req_waiting":{"type":"trend","contains":"time","values":{"max":220.220408,"p(90)":16.9832688,"p(95)":23.159790649999998,"p(99)":29.98465916999995,"min":0.805366,"med":12.6723105,"avg":13.431171234857757}},"iteration_duration":{"type":"trend","contains":"time","values":{"p(95)":23.31580145,"p(99)":30.46519704999994,"min":0.909254,"med":12.805718500000001,"avg":13.57379274165209,"max":220.337243,"p(90)":17.16864320000001}},"vus":{"type":"gauge","contains":"default","values":{"value":100,"min":100,"max":100}},"http_reqs":{"type":"counter","contains":"default","values":{"count":441710,"rate":7360.466571362558}},"http_req_receiving":{"type":"trend","contains":"time","values":{"p(90)":0.030574,"p(95)":0.034661,"p(99)":0.07034154999999476,"min":0.009336,"med":0.021426,"avg":0.02753391344547327,"max":18.500664}},"data_received":{"type":"counter","contains":"data","values":{"count":175800580,"rate":2929465.695402298}},"data_sent":{"type":"counter","contains":"data","values":{"rate":1567779.3797002248,"count":94084230}},"http_req_blocked":{"type":"trend","contains":"time","values":{"min":0.00088,"med":0.001932,"avg":0.00280673632020996,"max":29.830145,"p(90)":0.002479,"p(95)":0.002936,"p(99)":0.004324819999999949}},"http_req_sending":{"type":"trend","contains":"time","values":{"min":0.005769,"med":0.011191,"avg":0.012850253589459095,"max":18.17995,"p(90)":0.014877,"p(95)":0.01713254999999999,"p(99)":0.024016909999999975}},"http_req_connecting":{"type":"trend","contains":"time","values":{"avg":0.0005423534626791332,"max":27.916481,"p(90)":0,"p(95)":0,"p(99)":0,"min":0,"med":0}}},"metadata":{"type":"GRPC","testConfig":{"id":"f889ac39-6948-4782-afa0-93f678ad1a98","name":"create-card","vus":100,"duration":"1m","executedAt":"2022-10-28T18:09:48.560Z"},"useDatabase":true},"root_group":{"name":"","path":"","id":"d41d8cd98f00b204e9800998ecf8427e","groups":[],"checks":[{"name":"is status 201","path":"::is status 201","id":"d8b97380f72868aef5b0eadc0ce32c21","passes":441710,"fails":0}]},"options":{"summaryTrendStats":["min","med","avg","max","p(90)","p(95)","p(99)"],"summaryTimeUnit":"","noColor":false}}