{"root_group":{"name":"","path":"","id":"d41d8cd98f00b204e9800998ecf8427e","groups":[],"checks":[{"fails":0,"name":"is status 201","path":"::is status 201","id":"d8b97380f72868aef5b0eadc0ce32c21","passes":270474}]},"options":{"summaryTrendStats":["min","med","avg","max","p(90)","p(95)","p(99)"],"summaryTimeUnit":"","noColor":false},"state":{"isStdErrTTY":true,"testRunDurationMs":60007.371845,"isStdOutTTY":true},"metrics":{"iterations":{"type":"counter","contains":"default","values":{"count":270474,"rate":4507.346209039761}},"http_req_blocked":{"type":"trend","contains":"time","values":{"med":0.002151,"avg":0.002392743139821234,"max":2.686328,"p(90)":0.002772,"p(95)":0.003227,"p(99)":0.004777,"min":0.000962}},"http_req_duration{expected_response:true}":{"contains":"time","values":{"min":1.705531,"med":10.347805000000001,"avg":10.97065109784275,"max":327.533764,"p(90)":16.120339400000006,"p(95)":18.630907799999996,"p(99)":24.96750400000001},"type":"trend"},"iteration_duration":{"values":{"min":1.80347,"med":10.457739499999999,"avg":11.082877899875333,"max":327.649258,"p(90)":16.23986170000001,"p(95)":18.7566315,"p(99)":25.0967903200001},"type":"trend","contains":"time"},"http_req_receiving":{"type":"trend","contains":"time","values":{"min":0.010159,"med":0.0233,"avg":0.030507205150958012,"max":12.474243,"p(90)":0.036749,"p(95)":0.04237034999999997,"p(99)":0.16478410000000243}},"data_sent":{"type":"counter","contains":"data","values":{"count":57610962,"rate":960064.7425254689}},"http_req_duration":{"type":"trend","contains":"time","values":{"p(90)":16.120339400000006,"p(95)":18.630907799999996,"p(99)":24.96750400000001,"min":1.705531,"med":10.347805000000001,"avg":10.97065109784275,"max":327.533764}},"http_req_tls_handshaking":{"type":"trend","contains":"time","values":{"p(90)":0,"p(95)":0,"p(99)":0,"min":0,"med":0,"avg":0,"max":0}},"http_req_sending":{"type":"trend","contains":"time","values":{"max":13.394709,"p(90)":0.016928,"p(95)":0.019583349999999975,"p(99)":0.028217270000000017,"min":0.006275,"med":0.012589,"avg":0.014609859846048193}},"http_req_waiting":{"type":"trend","contains":"time","values":{"p(90)":16.065052400000003,"p(95)":18.5694831,"p(99)":24.89744230000005,"min":1.650374,"med":10.3064255,"avg":10.925534032846352,"max":327.475506}},"data_received":{"contains":"data","values":{"count":107919126,"rate":1798431.1374068644},"type":"counter"},"http_reqs":{"type":"counter","contains":"default","values":{"count":270474,"rate":4507.346209039761}},"vus":{"type":"gauge","contains":"default","values":{"max":50,"value":50,"min":50}},"vus_max":{"type":"gauge","contains":"default","values":{"max":50,"value":50,"min":50}},"checks":{"contains":"default","values":{"rate":1,"passes":270474,"fails":0},"thresholds":{"rate>0.99":{"ok":true}},"type":"rate"},"http_req_failed":{"contains":"default","values":{"rate":0,"passes":0,"fails":270474},"type":"rate"},"http_req_connecting":{"type":"trend","contains":"time","values":{"min":0,"med":0,"avg":0.000032587457574480345,"max":1.870206,"p(90)":0,"p(95)":0,"p(99)":0}}},"metadata":{"type":"REST","testConfig":{"duration":"1m","executedAt":"2022-10-28T18:01:49.688Z","id":"14db1832-359c-4226-a0e5-59ee9399888a","name":"create-card","vus":50},"useDatabase":true}}