{"metrics":{"http_req_receiving":{"type":"trend","contains":"time","values":{"min":0.01058,"med":0.01917,"avg":0.020331533334498317,"max":0.209068,"p(90)":0.025635,"p(95)":0.028821799999999988,"p(99)":0.0432459}},"http_req_duration{expected_response:true}":{"type":"trend","contains":"time","values":{"min":0.640428,"med":0.902133,"avg":0.975879046100352,"max":412.058856,"p(90)":1.1139970000000001,"p(95)":1.2504917999999998,"p(99)":1.5279559}},"iterations":{"contains":"default","values":{"count":57223,"rate":953.6950073629341},"type":"counter"},"vus_max":{"contains":"default","values":{"value":1,"min":1,"max":1},"type":"gauge"},"http_req_connecting":{"values":{"p(90)":0,"p(95)":0,"p(99)":0,"min":0,"med":0,"avg":0.000001880380266675987,"max":0.107601},"type":"trend","contains":"time"},"http_req_tls_handshaking":{"values":{"med":0,"avg":0,"max":0,"p(90)":0,"p(95)":0,"p(99)":0,"min":0},"type":"trend","contains":"time"},"iteration_duration":{"type":"trend","contains":"time","values":{"med":0.968476,"avg":1.0432897755972377,"max":412.179796,"p(90)":1.1844694,"p(95)":1.3222131999999998,"p(99)":1.6174398199999995,"min":0.693173}},"http_req_waiting":{"type":"trend","contains":"time","values":{"med":0.873655,"avg":0.9462427350191337,"max":411.988727,"p(90)":1.082006,"p(95)":1.2167642999999981,"p(99)":1.4885840399999999,"min":0.612593}},"data_sent":{"contains":"data","values":{"count":12188499,"rate":203137.03656830496},"type":"counter"},"vus":{"values":{"value":1,"min":1,"max":1},"type":"gauge","contains":"default"},"checks":{"type":"rate","contains":"default","values":{"passes":57223,"fails":0,"rate":1},"thresholds":{"rate>0.99":{"ok":true}}},"http_req_sending":{"contains":"time","values":{"med":0.008314,"avg":0.009304777746710253,"max":1.344736,"p(90)":0.01215,"p(95)":0.013166899999999994,"p(99)":0.016995119999999996,"min":0.005607},"type":"trend"},"http_req_failed":{"type":"rate","contains":"default","values":{"rate":0,"passes":0,"fails":57223}},"data_received":{"type":"counter","contains":"data","values":{"count":22831977,"rate":380524.3079378107}},"http_reqs":{"contains":"default","values":{"count":57223,"rate":953.6950073629341},"type":"counter"},"http_req_duration":{"type":"trend","contains":"time","values":{"min":0.640428,"med":0.902133,"avg":0.975879046100352,"max":412.058856,"p(90)":1.1139970000000001,"p(95)":1.2504917999999998,"p(99)":1.5279559}},"http_req_blocked":{"type":"trend","contains":"time","values":{"min":0.000945,"med":0.001354,"avg":0.0014504972650857175,"max":0.155098,"p(90)":0.001769,"p(95)":0.002001,"p(99)":0.0029267799999999986}}},"metadata":{"type":"GRPC","testConfig":{"id":"8244654e-51ff-481d-bd43-bbc86715a505","name":"create-card","vus":1,"duration":"1m","executedAt":"2022-10-28T18:04:31.196Z"},"useDatabase":true},"root_group":{"name":"","path":"","id":"d41d8cd98f00b204e9800998ecf8427e","groups":[],"checks":[{"fails":0,"name":"is status 201","path":"::is status 201","id":"d8b97380f72868aef5b0eadc0ce32c21","passes":57223}]},"options":{"summaryTrendStats":["min","med","avg","max","p(90)","p(95)","p(99)"],"summaryTimeUnit":"","noColor":false},"state":{"isStdOutTTY":true,"isStdErrTTY":true,"testRunDurationMs":60001.362656}}