{"state":{"isStdOutTTY":true,"isStdErrTTY":true,"testRunDurationMs":60008.327877},"metrics":{"http_req_blocked":{"type":"trend","contains":"time","values":{"avg":0.0021704281307152705,"max":6.679799,"p(90)":0.002476,"p(95)":0.00290625,"p(99)":0.004171849999999977,"min":0.000873,"med":0.001943}},"http_req_failed":{"type":"rate","contains":"default","values":{"passes":0,"fails":441816,"rate":0}},"iteration_duration":{"type":"trend","contains":"time","values":{"med":6.3353065,"avg":6.78204393044158,"max":154.112492,"p(90)":9.069472000000001,"p(95)":11.130623,"p(99)":16.396472349999986,"min":1.057073}},"checks":{"thresholds":{"rate>0.99":{"ok":true}},"type":"rate","contains":"default","values":{"fails":0,"rate":1,"passes":441816}},"http_req_duration":{"type":"trend","contains":"time","values":{"max":154.024694,"p(90)":8.959284,"p(95)":11.02181725,"p(99)":16.259074149999993,"min":0.975758,"med":6.237903,"avg":6.682105167203059}},"data_sent":{"type":"counter","contains":"data","values":{"count":94106808,"rate":1568229.1330112077}},"http_req_tls_handshaking":{"values":{"avg":0,"max":0,"p(90)":0,"p(95)":0,"p(99)":0,"min":0,"med":0},"type":"trend","contains":"time"},"http_req_sending":{"type":"trend","contains":"time","values":{"p(99)":0.023554,"min":0.005727,"med":0.01119,"avg":0.01244375428232615,"max":11.205099,"p(90)":0.014771,"p(95)":0.016984}},"http_req_waiting":{"type":"trend","contains":"time","values":{"med":6.202211,"avg":6.644935045444137,"max":153.985434,"p(90)":8.916448500000001,"p(95)":10.9801035,"p(99)":16.19125789999995,"min":0.951021}},"iterations":{"type":"counter","contains":"default","values":{"count":441816,"rate":7362.578089254496}},"http_req_duration{expected_response:true}":{"type":"trend","contains":"time","values":{"med":6.237903,"avg":6.682105167203059,"max":154.024694,"p(90)":8.959284,"p(95)":11.02181725,"p(99)":16.259074149999993,"min":0.975758}},"http_req_connecting":{"type":"trend","contains":"time","values":{"med":0,"avg":0.000022371991960454126,"max":3.36403,"p(90)":0,"p(95)":0,"p(99)":0,"min":0}},"data_received":{"type":"counter","contains":"data","values":{"rate":2937668.657612544,"count":176284584}},"http_reqs":{"values":{"count":441816,"rate":7362.578089254496},"type":"counter","contains":"default"},"http_req_receiving":{"type":"trend","contains":"time","values":{"min":0.010383,"med":0.021359,"avg":0.024726367476505803,"max":10.483531,"p(90)":0.030457,"p(95)":0.03442025,"p(99)":0.054299549999998996}},"vus":{"contains":"default","values":{"value":50,"min":50,"max":50},"type":"gauge"},"vus_max":{"type":"gauge","contains":"default","values":{"value":50,"min":50,"max":50}}},"metadata":{"type":"GRPC","testConfig":{"vus":50,"duration":"1m","executedAt":"2022-10-28T18:08:29.568Z","id":"14db1832-359c-4226-a0e5-59ee9399888a","name":"create-card"},"useDatabase":true},"root_group":{"name":"","path":"","id":"d41d8cd98f00b204e9800998ecf8427e","groups":[],"checks":[{"id":"d8b97380f72868aef5b0eadc0ce32c21","passes":441816,"fails":0,"name":"is status 201","path":"::is status 201"}]},"options":{"summaryTrendStats":["min","med","avg","max","p(90)","p(95)","p(99)"],"summaryTimeUnit":"","noColor":false}}