{"state":{"isStdOutTTY":true,"isStdErrTTY":true,"testRunDurationMs":60011.067733},"metrics":{"http_req_connecting":{"contains":"time","values":{"med":0,"avg":0.000028283004517728663,"max":0.652213,"p(90)":0,"p(95)":0,"p(99)":0,"min":0},"type":"trend"},"http_req_waiting":{"type":"trend","contains":"time","values":{"p(99)":12.108081319999995,"min":1.43271,"med":5.1504615000000005,"avg":5.540765227761186,"max":97.678511,"p(90)":7.684527600000004,"p(95)":8.79362885}},"http_req_sending":{"type":"trend","contains":"time","values":{"p(90)":0.017329,"p(95)":0.019849,"p(99)":0.026920369999999996,"min":0.006244,"med":0.012648,"avg":0.014592073150697275,"max":9.028328}},"data_received":{"type":"counter","contains":"data","values":{"count":104396708,"rate":1739624.2383901528}},"http_req_tls_handshaking":{"type":"trend","contains":"time","values":{"p(95)":0,"p(99)":0,"min":0,"med":0,"avg":0,"max":0,"p(90)":0}},"http_req_failed":{"values":{"rate":0,"passes":0,"fails":262964},"type":"rate","contains":"default"},"iterations":{"type":"counter","contains":"default","values":{"rate":4381.925033728345,"count":262964}},"vus_max":{"values":{"value":25,"min":25,"max":25},"type":"gauge","contains":"default"},"http_reqs":{"type":"counter","contains":"default","values":{"count":262964,"rate":4381.925033728345}},"http_req_duration":{"type":"trend","contains":"time","values":{"med":5.1920075,"avg":5.584993572131506,"max":97.72517,"p(90)":7.729880600000001,"p(95)":8.8498393,"p(99)":12.258953819999993,"min":1.461583}},"iteration_duration":{"type":"trend","contains":"time","values":{"min":1.543551,"med":5.298732,"avg":5.695659493158836,"max":97.818832,"p(90)":7.845541000000001,"p(95)":8.97850755,"p(99)":12.468444229999996}},"checks":{"contains":"default","values":{"fails":0,"rate":1,"passes":262964},"thresholds":{"rate>0.99":{"ok":true}},"type":"rate"},"http_req_duration{expected_response:true}":{"contains":"time","values":{"p(99)":12.258953819999993,"min":1.461583,"med":5.1920075,"avg":5.584993572131506,"max":97.72517,"p(90)":7.729880600000001,"p(95)":8.8498393},"type":"trend"},"http_req_receiving":{"type":"trend","contains":"time","values":{"min":0.010632,"med":0.023998,"avg":0.029636271219634632,"max":11.452452,"p(90)":0.037065700000000014,"p(95)":0.04233384999999997,"p(99)":0.10077291999999992}},"vus":{"type":"gauge","contains":"default","values":{"max":25,"value":25,"min":25}},"http_req_blocked":{"type":"trend","contains":"time","values":{"p(99)":0.004458369999999995,"min":0.000875,"med":0.002152,"avg":0.002498875598941339,"max":8.422557,"p(90)":0.002766,"p(95)":0.003227}},"data_sent":{"type":"counter","contains":"data","values":{"count":56011332,"rate":933350.0321841375}}},"metadata":{"type":"REST","testConfig":{"duration":"1m","executedAt":"2022-10-28T18:00:29.983Z","id":"f31c8249-3080-4a20-9c51-1a8d4fd982c8","name":"create-card","vus":25},"useDatabase":true},"root_group":{"id":"d41d8cd98f00b204e9800998ecf8427e","groups":[],"checks":[{"fails":0,"name":"is status 201","path":"::is status 201","id":"d8b97380f72868aef5b0eadc0ce32c21","passes":262964}],"name":"","path":""},"options":{"summaryTimeUnit":"","noColor":false,"summaryTrendStats":["min","med","avg","max","p(90)","p(95)","p(99)"]}}